Code_Index,Gene_ID,Gene_Name,Gene_Label
0,ENSG00000167323,STIM1,Unknown
1,ENSG00000144935,TRPC1,Unknown
2,ENSG00000089250,NOS1,Unknown
3,ENSG00000058668,ATP2B4,Unknown
4,ENSG00000069431,ABCC9,Unknown
5,ENSG00000187486,KCNJ11,Unknown
6,ENSG00000084754,HADHA,Unknown
7,ENSG00000138029,HADHB,Unknown
8,ENSG00000197265,GTF2E2,Unknown
9,ENSG00000153767,GTF2E1,Unknown
10,ENSG00000140307,GTF2A2,Unknown
11,ENSG00000165417,GTF2A1,Unknown
12,ENSG00000162738,VANGL2,Unknown
13,ENSG00000274287,SCRIB,Unknown
14,ENSG00000004975,DVL2,Unknown
15,ENSG00000102981,PARD6A,Non-driver
16,ENSG00000177885,GRB2,Unknown
17,ENSG00000109458,GAB1,Unknown
18,ENSG00000146648,EGFR,Driver
19,ENSG00000138798,EGF,Driver
20,ENSG00000121879,PIK3CA,Driver
21,ENSG00000145675,PIK3R1,Driver
22,ENSG00000197122,SRC,Driver
23,ENSG00000089159,PXN,Unknown
24,ENSG00000137392,CLPS,Unknown
25,ENSG00000175535,PNLIP,Unknown
26,ENSG00000078369,GNB1,Unknown
27,ENSG00000127928,GNGT1,Unknown
28,ENSG00000198515,CNGA1,Unknown
29,ENSG00000070729,CNGB1,Unknown
30,ENSG00000257365,FNTB,Unknown
31,ENSG00000168522,FNTA,Unknown
32,ENSG00000113522,RAD50,Unknown
33,ENSG00000020922,MRE11,Non-driver
34,ENSG00000182481,KPNA2,Unknown
35,ENSG00000104320,NBN,Driver
36,ENSG00000172977,KAT5,Unknown
37,ENSG00000149311,ATM,Driver
38,ENSG00000009954,BAZ1B,Unknown
39,ENSG00000153147,SMARCA5,Unknown
40,ENSG00000103275,UBE2I,Unknown
41,ENSG00000116030,SUMO1,Unknown
42,ENSG00000169139,UBE2V2,Unknown
43,ENSG00000177889,UBE2N,Unknown
44,ENSG00000138376,BARD1,Driver
45,ENSG00000012048,BRCA1,Driver
46,ENSG00000188612,SUMO2,Non-driver
47,ENSG00000225589,MDC1,Unknown
48,ENSG00000128731,HERC2,Unknown
49,ENSG00000164053,ATRIP,Unknown
50,ENSG00000175054,ATR,Driver
51,ENSG00000111602,TIMELESS,Unknown
52,ENSG00000075131,TIPIN,Unknown
53,ENSG00000163605,PPP4R2,Unknown
54,ENSG00000149923,PPP4C,Unknown
55,ENSG00000108384,RAD51C,Unknown
56,ENSG00000126215,XRCC3,Driver
57,ENSG00000197774,EME2,Unknown
58,ENSG00000172732,MUS81,Unknown
59,ENSG00000154920,EME1,Unknown
60,ENSG00000139618,BRCA2,Driver
61,ENSG00000051180,RAD51,Driver
62,ENSG00000175595,ERCC4,Driver
63,ENSG00000012061,ERCC1,Driver
64,ENSG00000073050,XRCC1,Driver
65,ENSG00000005156,LIG3,Unknown
66,ENSG00000196419,XRCC6,Driver
67,ENSG00000079246,XRCC5,Unknown
68,ENSG00000152422,XRCC4,Unknown
69,ENSG00000174405,LIG4,Unknown
70,ENSG00000049860,HEXB,Unknown
71,ENSG00000213614,HEXA,Unknown
72,ENSG00000151348,EXT2,Driver
73,ENSG00000182197,EXT1,Driver
74,ENSG00000115904,SOS1,Unknown
75,ENSG00000170312,CDK1,Unknown
76,ENSG00000134057,CCNB1,Unknown
77,ENSG00000165494,PCF11,Unknown
78,ENSG00000172409,CLP1,Driver
79,ENSG00000187079,TEAD1,Unknown
80,ENSG00000137693,YAP1,Unknown
81,ENSG00000074219,TEAD2,Unknown
82,ENSG00000007866,TEAD3,Unknown
83,ENSG00000197905,TEAD4,Unknown
84,ENSG00000132964,CDK8,Unknown
85,ENSG00000112237,CCNC,Driver
86,ENSG00000101665,SMAD7,Unknown
87,ENSG00000157450,RNF111,Unknown
88,ENSG00000284792,PTEN,Driver
89,ENSG00000141510,TP53,Driver
90,ENSG00000165699,TSC1,Driver
91,ENSG00000103197,TSC2,Driver
92,ENSG00000284194,SCO2,Unknown
93,ENSG00000048392,RRM2B,Unknown
94,ENSG00000135423,GLS2,Unknown
95,ENSG00000146674,IGFBP3,Driver
96,ENSG00000141682,PMAIP1,Unknown
97,ENSG00000015475,BID,Unknown
98,ENSG00000120471,TP53AIP1,Unknown
99,ENSG00000197050,ZNF420,Unknown
100,ENSG00000115107,STEAP3,Unknown
101,ENSG00000104765,BNIP3L,Unknown
102,ENSG00000170855,TRIAP1,Unknown
103,ENSG00000042286,AIFM2,Non-driver
104,ENSG00000164938,TP53INP1,Unknown
105,ENSG00000120868,APAF1,Unknown
106,ENSG00000177595,PIDD1,Unknown
107,ENSG00000169372,CRADD,Unknown
108,ENSG00000091106,NLRC4,Unknown
109,ENSG00000138794,CASP6,Unknown
110,ENSG00000003400,CASP10,Unknown
111,ENSG00000104419,NDRG1,Driver
112,ENSG00000281449,BCL2L14,Non-driver
113,ENSG00000089685,BIRC5,Unknown
114,ENSG00000113916,BCL6,Driver
115,ENSG00000161642,ZNF385A,Unknown
116,ENSG00000116017,ARID3A,Non-driver
117,ENSG00000165891,E2F7,Unknown
118,ENSG00000129173,E2F8,Unknown
119,ENSG00000116717,GADD45A,Non-driver
120,ENSG00000087586,AURKA,Driver
121,ENSG00000132646,PCNA,Driver
122,ENSG00000087088,BAX,Driver
123,ENSG00000175793,SFN,Unknown
124,ENSG00000145632,PLK2,Unknown
125,ENSG00000173846,PLK3,Unknown
126,ENSG00000102760,RGCC,Non-driver
127,ENSG00000118495,PLAGL1,Unknown
128,ENSG00000115966,ATF2,Unknown
129,ENSG00000177606,JUN,Driver
130,ENSG00000170345,FOS,Unknown
131,ENSG00000122512,PMS2,Driver
132,ENSG00000076242,MLH1,Driver
133,ENSG00000158169,FANCC,Driver
134,ENSG00000134574,DDB2,Driver
135,ENSG00000057657,PRDM1,Driver
136,ENSG00000135679,MDM2,Driver
137,ENSG00000198625,MDM4,Driver
138,ENSG00000113328,CCNG1,Unknown
139,ENSG00000064393,HIPK2,Unknown
140,ENSG00000127445,PIN1,Driver
141,ENSG00000163349,HIPK1,Non-driver
142,ENSG00000149136,SSRP1,Unknown
143,ENSG00000092201,SUPT16H,Unknown
144,ENSG00000101266,CSNK2A1,Unknown
145,ENSG00000070770,CSNK2A2,Unknown
146,ENSG00000088325,TPX2,Unknown
147,ENSG00000188976,NOC2L,Unknown
148,ENSG00000176749,CDK5R1,Unknown
149,ENSG00000164885,CDK5,Unknown
150,ENSG00000152192,POU4F1,Unknown
151,ENSG00000151615,POU4F2,Non-driver
152,ENSG00000172530,BANP,Unknown
153,ENSG00000025293,PHF20,Unknown
154,ENSG00000185513,L3MBTL1,Non-driver
155,ENSG00000238134,EHMT2,Unknown
156,ENSG00000181090,EHMT1,Unknown
157,ENSG00000137203,TFAP2A,Unknown
158,ENSG00000124795,DEK,Driver
159,ENSG00000087510,TFAP2C,Unknown
160,ENSG00000186153,WWOX,Unknown
161,ENSG00000008196,TFAP2B,Unknown
162,ENSG00000127337,YEATS4,Unknown
163,ENSG00000091831,ESR1,Driver
164,ENSG00000156802,ATAD2,Unknown
165,ENSG00000112715,VEGFA,Driver
166,ENSG00000163235,TGFA,Driver
167,ENSG00000124762,CDKN1A,Driver
168,ENSG00000159216,RUNX1,Driver
169,ENSG00000078900,TP73,Unknown
170,ENSG00000179588,ZFPM1,Unknown
171,ENSG00000102145,GATA1,Driver
172,ENSG00000143387,CTSK,Unknown
173,ENSG00000197641,SERPINB13,Unknown
174,ENSG00000110092,CCND1,Driver
175,ENSG00000135446,CDK4,Driver
176,ENSG00000173153,ESRRA,Unknown
177,ENSG00000109819,PPARGC1A,Unknown
178,ENSG00000122691,TWIST1,Unknown
179,ENSG00000124813,RUNX2,Unknown
180,ENSG00000109705,NKX3-2,Unknown
181,ENSG00000120149,MSX2,Unknown
182,ENSG00000141646,SMAD4,Driver
183,ENSG00000170365,SMAD1,Unknown
184,ENSG00000020633,RUNX3,Driver
185,ENSG00000166949,SMAD3,Driver
186,ENSG00000198176,TFDP1,Unknown
187,ENSG00000169016,E2F6,Non-driver
188,ENSG00000114126,TFDP2,Unknown
189,ENSG00000174197,MGA,Unknown
190,ENSG00000125952,MAX,Driver
191,ENSG00000213246,SUPT4H1,Unknown
192,ENSG00000196235,SUPT5H,Unknown
193,ENSG00000103363,ELOB,Non-driver
194,ENSG00000154582,ELOC,Unknown
195,ENSG00000125651,GTF2F1,Unknown
196,ENSG00000188342,GTF2F2,Unknown
197,ENSG00000114503,NCBP2,Unknown
198,ENSG00000136937,NCBP1,Unknown
199,ENSG00000224748,TAP1,Unknown
200,ENSG00000223481,TAP2,Unknown
201,ENSG00000166126,AMN,Unknown
202,ENSG00000107611,CUBN,Unknown
203,ENSG00000146085,MMUT,Non-driver
204,ENSG00000151611,MMAA,Unknown
205,ENSG00000117560,FASLG,Driver
206,ENSG00000026103,FAS,Driver
207,ENSG00000156735,BAG4,Unknown
208,ENSG00000067182,TNFRSF1A,Unknown
209,ENSG00000230108,TNF,Driver
210,ENSG00000106052,TAX1BP1,Unknown
211,ENSG00000118503,TNFAIP3,Driver
212,ENSG00000104689,TNFRSF10A,Unknown
213,ENSG00000173530,TNFRSF10D,Unknown
214,ENSG00000120889,TNFRSF10B,Unknown
215,ENSG00000134259,NGF,Unknown
216,ENSG00000064300,NGFR,Unknown
217,ENSG00000184216,IRAK1,Unknown
218,ENSG00000172936,MYD88,Driver
219,ENSG00000109320,NFKB1,Unknown
220,ENSG00000173039,RELA,Unknown
221,ENSG00000119048,UBE2B,Unknown
222,ENSG00000070950,RAD18,Unknown
223,ENSG00000114742,WDR48,Unknown
224,ENSG00000162607,USP1,Unknown
225,ENSG00000009413,REV3L,Unknown
226,ENSG00000116670,MAD2L2,Unknown
227,ENSG00000163743,RCHY1,Unknown
228,ENSG00000170734,POLH,Unknown
229,ENSG00000121060,TRIM25,Unknown
230,ENSG00000156587,UBE2L6,Unknown
231,ENSG00000182179,UBA7,Non-driver
232,ENSG00000187608,ISG15,Unknown
233,ENSG00000184900,SUMO3,Unknown
234,ENSG00000131944,FAAP24,Non-driver
235,ENSG00000187790,FANCM,Unknown
236,ENSG00000169689,CENPX,Non-driver
237,ENSG00000175279,CENPS,Non-driver
238,ENSG00000140525,FANCI,Unknown
239,ENSG00000144554,FANCD2,Driver
240,ENSG00000175198,PCCA,Unknown
241,ENSG00000114054,PCCB,Unknown
242,ENSG00000275300,MCCC2,Unknown
243,ENSG00000078070,MCCC1,Unknown
244,ENSG00000175505,CLCF1,Unknown
245,ENSG00000006016,CRLF1,Unknown
246,ENSG00000130175,PRKCSH,Unknown
247,ENSG00000089597,GANAB,Unknown
248,ENSG00000179218,CALR,Driver
249,ENSG00000283777,CANX,Unknown
250,ENSG00000182185,RAD51B,Driver
251,ENSG00000243678,NME2,Unknown
252,ENSG00000239672,NME1,Driver
253,ENSG00000157500,APPL1,Unknown
254,ENSG00000187323,DCC,Driver
255,ENSG00000179222,MAGED1,Unknown
256,ENSG00000113763,UNC5A,Unknown
257,ENSG00000221823,PPP3R1,Unknown
258,ENSG00000120910,PPP3CC,Unknown
259,ENSG00000171791,BCL2,Driver
260,ENSG00000002330,BAD,Driver
261,ENSG00000030110,BAK1,Unknown
262,ENSG00000172115,CYCS,Unknown
263,ENSG00000101966,XIAP,Driver
264,ENSG00000164305,CASP3,Driver
265,ENSG00000165806,CASP7,Unknown
266,ENSG00000132906,CASP9,Driver
267,ENSG00000184047,DIABLO,Non-driver
268,ENSG00000169598,DFFB,Unknown
269,ENSG00000160049,DFFA,Unknown
270,ENSG00000114030,KPNA1,Unknown
271,ENSG00000108424,KPNB1,Unknown
272,ENSG00000180370,PAK2,Unknown
273,ENSG00000071205,ARHGAP10,Unknown
274,ENSG00000137275,RIPK1,Unknown
275,ENSG00000129465,RIPK3,Unknown
276,ENSG00000131979,GCH1,Unknown
277,ENSG00000137880,GCHFR,Unknown
278,ENSG00000244687,UBE2V1,Unknown
279,ENSG00000175104,TRAF6,Unknown
280,ENSG00000134070,IRAK2,Unknown
281,ENSG00000113070,HBEGF,Unknown
282,ENSG00000198898,CAPZA2,Unknown
283,ENSG00000077549,CAPZB,Unknown
284,ENSG00000177938,CAPZA3,Unknown
285,ENSG00000116489,CAPZA1,Unknown
286,ENSG00000114745,GORASP1,Unknown
287,ENSG00000167110,GOLGA2,Unknown
288,ENSG00000106799,TGFBR1,Unknown
289,ENSG00000088832,FKBP1A,Unknown
290,ENSG00000113319,RASGRF2,Unknown
291,ENSG00000058335,RASGRF1,Unknown
292,ENSG00000120251,GRIA2,Unknown
293,ENSG00000155511,GRIA1,Unknown
294,ENSG00000105397,TYK2,Unknown
295,ENSG00000142166,IFNAR1,Unknown
296,ENSG00000162851,TFB2M,Unknown
297,ENSG00000099821,POLRMT,Unknown
298,ENSG00000128191,DGCR8,Driver
299,ENSG00000113360,DROSHA,Driver
300,ENSG00000116918,TSNAX,Unknown
301,ENSG00000211460,TSN,Unknown
302,ENSG00000076108,BAZ2A,Unknown
303,ENSG00000119772,DNMT3A,Driver
304,ENSG00000142182,DNMT3L,Unknown
305,ENSG00000088305,DNMT3B,Driver
306,ENSG00000055130,CUL1,Unknown
307,ENSG00000111530,CAND1,Unknown
308,ENSG00000072274,TFRC,Driver
309,ENSG00000010704,HFE,Unknown
310,ENSG00000091513,TF,Unknown
311,ENSG00000225312,HSD17B8,Unknown
312,ENSG00000145439,CBR4,Non-driver
313,ENSG00000157456,CCNB2,Unknown
314,ENSG00000100241,SBF1,Unknown
315,ENSG00000087053,MTMR2,Unknown
316,ENSG00000003987,MTMR7,Unknown
317,ENSG00000104643,MTMR9,Unknown
318,ENSG00000051382,PIK3CB,Driver
319,ENSG00000105647,PIK3R2,Unknown
320,ENSG00000171608,PIK3CD,Unknown
321,ENSG00000117461,PIK3R3,Unknown
322,ENSG00000141506,PIK3R5,Unknown
323,ENSG00000105851,PIK3CG,Unknown
324,ENSG00000169499,PLEKHA2,Unknown
325,ENSG00000163629,PTPN13,Driver
326,ENSG00000107679,PLEKHA1,Unknown
327,ENSG00000139505,MTMR6,Unknown
328,ENSG00000133812,SBF2,Unknown
329,ENSG00000171100,MTM1,Unknown
330,ENSG00000150712,MTMR12,Unknown
331,ENSG00000033327,GAB2,Unknown
332,ENSG00000150995,ITPR1,Unknown
333,,MRVI1,Unknown
334,ENSG00000111679,PTPN6,Driver
335,ENSG00000261371,PECAM1,Unknown
336,ENSG00000179295,PTPN11,Driver
337,ENSG00000160712,IL6R,Unknown
338,ENSG00000136244,IL6,Driver
339,ENSG00000115415,STAT1,Unknown
340,ENSG00000168610,STAT3,Driver
341,ENSG00000128052,KDR,Driver
342,ENSG00000113905,HRG,Unknown
343,ENSG00000122194,PLG,Unknown
344,ENSG00000182718,ANXA2,Unknown
345,ENSG00000197747,S100A10,Unknown
346,ENSG00000276838,SERPINF2,Non-driver
347,ENSG00000122861,PLAU,Driver
348,ENSG00000011422,PLAUR,Driver
349,ENSG00000165240,ATP7A,Unknown
350,ENSG00000120509,PDZD11,Unknown
351,ENSG00000103249,CLCN7,Unknown
352,ENSG00000081087,OSTM1,Unknown
353,ENSG00000136810,TXN,Unknown
354,ENSG00000265972,TXNIP,Unknown
355,ENSG00000162711,NLRP3,Unknown
356,ENSG00000103313,MEFV,Unknown
357,ENSG00000140368,PSTPIP1,Unknown
358,ENSG00000103490,PYCARD,Driver
359,ENSG00000135346,CGA,Unknown
360,ENSG00000104826,LHB,Unknown
361,ENSG00000126895,AVPR2,Unknown
362,ENSG00000101200,AVP,Unknown
363,ENSG00000115263,GCG,Unknown
364,ENSG00000215644,GCGR,Unknown
365,ENSG00000122679,RAMP3,Unknown
366,ENSG00000004948,CALCR,Unknown
367,ENSG00000132329,RAMP1,Unknown
368,ENSG00000134200,TSHB,Unknown
369,ENSG00000179600,GPHB5,Unknown
370,ENSG00000149735,GPHA2,Unknown
371,ENSG00000064989,CALCRL,Unknown
372,ENSG00000131477,RAMP2,Unknown
373,ENSG00000065325,GLP2R,Unknown
374,ENSG00000131808,FSHB,Unknown
375,ENSG00000138448,ITGAV,Driver
376,ENSG00000082781,ITGB5,Unknown
377,ENSG00000103496,STX4,Unknown
378,ENSG00000265808,SEC22B,Non-driver
379,ENSG00000106571,GLI3,Unknown
380,ENSG00000185920,PTCH1,Driver
381,ENSG00000111087,GLI1,Driver
382,ENSG00000074047,GLI2,Unknown
383,ENSG00000107882,SUFU,Driver
384,ENSG00000133961,NUMB,Unknown
385,ENSG00000078747,ITCH,Unknown
386,ENSG00000011198,ABHD5,Unknown
387,ENSG00000166819,PLIN1,Unknown
388,ENSG00000079435,LIPE,Unknown
389,ENSG00000170323,FABP4,Unknown
390,ENSG00000153822,KCNJ16,Unknown
391,ENSG00000157551,KCNJ15,Unknown
392,ENSG00000177807,KCNJ10,Unknown
393,ENSG00000161921,CXCL16,Unknown
394,ENSG00000172215,CXCR6,Unknown
395,ENSG00000197405,C5AR1,Unknown
396,ENSG00000106804,C5,Unknown
397,ENSG00000006210,CX3CL1,Unknown
398,ENSG00000168329,CX3CR1,Unknown
399,ENSG00000179002,TAS1R2,Unknown
400,ENSG00000169962,TAS1R3,Unknown
401,ENSG00000173662,TAS1R1,Unknown
402,ENSG00000136928,GABBR2,Unknown
403,ENSG00000204681,GABBR1,Unknown
404,ENSG00000243646,IL10RB,Non-driver
405,ENSG00000104064,GABPB1,Non-driver
406,ENSG00000154727,GABPA,Unknown
407,ENSG00000083312,TNPO1,Unknown
408,ENSG00000117245,KIF17,Unknown
409,ENSG00000243955,GSTA1,Unknown
410,ENSG00000244067,GSTA2,Unknown
411,ENSG00000001084,GCLC,Unknown
412,ENSG00000023909,GCLM,Unknown
413,ENSG00000254647,INS,Unknown
414,ENSG00000171105,INSR,Unknown
415,ENSG00000173208,ABCD2,Unknown
416,ENSG00000101986,ABCD1,Unknown
417,ENSG00000117528,ABCD3,Unknown
418,ENSG00000138075,ABCG5,Unknown
419,ENSG00000143921,ABCG8,Unknown
420,ENSG00000160716,CHRNB2,Unknown
421,ENSG00000101204,CHRNA4,Unknown
422,ENSG00000080644,CHRNA3,Unknown
423,ENSG00000117971,CHRNB4,Unknown
424,ENSG00000111206,FOXM1,Unknown
425,ENSG00000166851,PLK1,Unknown
426,ENSG00000117724,CENPF,Unknown
427,ENSG00000115353,TACR1,Unknown
428,ENSG00000006128,TAC1,Unknown
429,ENSG00000075073,TACR2,Unknown
430,ENSG00000180914,OXTR,Unknown
431,ENSG00000101405,OXT,Unknown
432,ENSG00000147571,CRH,Unknown
433,ENSG00000145708,CRHBP,Unknown
434,ENSG00000123146,ADGRE5,Unknown
435,ENSG00000196352,CD55,Unknown
436,ENSG00000100211,CBY1,Non-driver
437,ENSG00000168036,CTNNB1,Driver
438,ENSG00000178585,CTNNBIP1,Unknown
439,ENSG00000100888,CHD8,Unknown
440,ENSG00000180398,MCFD2,Unknown
441,ENSG00000074695,LMAN1,Unknown
442,ENSG00000170348,TMED10,Unknown
443,ENSG00000086598,TMED2,Non-driver
444,ENSG00000010610,CD4,Unknown
445,ENSG00000182866,LCK,Driver
446,ENSG00000115839,RAB3GAP1,Unknown
447,ENSG00000118873,RAB3GAP2,Unknown
448,ENSG00000148053,NTRK2,Unknown
449,ENSG00000176697,BDNF,Unknown
450,ENSG00000225950,NTF4,Non-driver
451,ENSG00000100385,IL2RB,Unknown
452,ENSG00000162434,JAK1,Driver
453,ENSG00000105639,JAK3,Driver
454,ENSG00000147168,IL2RG,Unknown
455,ENSG00000120899,PTK2B,Unknown
456,ENSG00000105246,EBI3,Unknown
457,ENSG00000197272,IL27,Unknown
458,ENSG00000110400,NECTIN1,Unknown
459,ENSG00000177707,NECTIN3,Unknown
460,ENSG00000143217,NECTIN4,Non-driver
461,ENSG00000130202,NECTIN2,Unknown
462,ENSG00000073008,PVR,Unknown
463,ENSG00000113302,IL12B,Unknown
464,ENSG00000168811,IL12A,Unknown
465,ENSG00000096996,IL12RB1,Unknown
466,ENSG00000081985,IL12RB2,Unknown
467,ENSG00000096968,JAK2,Driver
468,ENSG00000137462,TLR2,Unknown
469,ENSG00000174125,TLR1,Unknown
470,ENSG00000174130,TLR6,Unknown
471,ENSG00000168214,RBPJ,Unknown
472,ENSG00000100603,SNW1,Non-driver
473,ENSG00000148400,NOTCH1,Driver
474,ENSG00000100644,HIF1A,Driver
475,ENSG00000101384,JAG1,Unknown
476,ENSG00000184916,JAG2,Unknown
477,ENSG00000110395,CBL,Driver
478,ENSG00000149294,NCAM1,Unknown
479,ENSG00000130287,NCAN,Non-driver
480,ENSG00000134871,COL4A2,Unknown
481,ENSG00000187498,COL4A1,Unknown
482,ENSG00000206435,HLA-C,Unknown
483,ENSG00000273686,B2M,Driver
484,ENSG00000274739,KIR2DS5,Unknown
485,ENSG00000011600,TYROBP,Unknown
486,ENSG00000258227,CLEC5A,Unknown
487,ENSG00000096264,NCR2,Unknown
488,ENSG00000101307,SIRPB1,Unknown
489,ENSG00000124731,TREM1,Unknown
490,ENSG00000095970,TREM2,Unknown
491,ENSG00000186407,CD300E,Unknown
492,ENSG00000178789,CD300LB,Unknown
493,ENSG00000100351,GRAP2,Unknown
494,ENSG00000043462,LCP2,Unknown
495,ENSG00000136158,SPRY2,Unknown
496,ENSG00000153071,DAB2,Unknown
497,ENSG00000081479,LRP2,Unknown
498,ENSG00000124333,VAMP7,Unknown
499,ENSG00000173744,AGFG1,Unknown
500,ENSG00000078053,AMPH,Unknown
501,ENSG00000136717,BIN1,Unknown
502,ENSG00000161011,SQSTM1,Unknown
503,ENSG00000198909,MAP3K3,Unknown
504,ENSG00000187840,EIF4EBP1,Unknown
505,ENSG00000151247,EIF4E,Unknown
506,ENSG00000134250,NOTCH2,Driver
507,ENSG00000137496,IL18BP,Unknown
508,ENSG00000150782,IL18,Driver
509,ENSG00000115604,IL18R1,Unknown
510,ENSG00000164136,IL15,Unknown
511,ENSG00000134470,IL15RA,Unknown
512,ENSG00000126456,IRF3,Unknown
513,ENSG00000185507,IRF7,Unknown
514,ENSG00000005339,CREBBP,Driver
515,ENSG00000074181,NOTCH3,Unknown
516,ENSG00000163435,ELF3,Driver
517,ENSG00000018236,CNTN1,Unknown
518,ENSG00000110492,MDK,Unknown
519,ENSG00000198719,DLL1,Unknown
520,ENSG00000065978,YBX1,Unknown
521,ENSG00000164683,HEY1,Driver
522,ENSG00000160973,FOXH1,Non-driver
523,ENSG00000175550,DRAP1,Unknown
524,ENSG00000064309,CDON,Unknown
525,ENSG00000144857,BOC,Unknown
526,ENSG00000110944,IL23A,Unknown
527,ENSG00000162594,IL23R,Unknown
528,ENSG00000138378,STAT4,Unknown
529,ENSG00000113889,KNG1,Unknown
530,ENSG00000108561,C1QBP,Unknown
531,ENSG00000185010,F8,Unknown
532,ENSG00000110799,VWF,Unknown
533,ENSG00000101981,F9,Unknown
534,ENSG00000143278,F13B,Unknown
535,ENSG00000124491,F13A1,Unknown
536,ENSG00000115718,PROC,Unknown
537,ENSG00000101000,PROCR,Unknown
538,ENSG00000154589,LY96,Unknown
539,ENSG00000136869,TLR4,Driver
540,ENSG00000163220,S100A9,Unknown
541,ENSG00000143546,S100A8,Unknown
542,ENSG00000130522,JUND,Unknown
543,ENSG00000125740,FOSB,Unknown
544,ENSG00000242335,CFB,Unknown
545,ENSG00000125730,C3,Unknown
546,ENSG00000104879,CKM,Unknown
547,ENSG00000166165,CKB,Driver
548,ENSG00000117592,PRDX6,Unknown
549,ENSG00000084207,GSTP1,Driver
550,ENSG00000185122,HSF1,Unknown
551,ENSG00000230989,HSBP1,Unknown
552,ENSG00000108953,YWHAE,Driver
553,ENSG00000158941,CCAR2,Unknown
554,ENSG00000096717,SIRT1,Unknown
555,ENSG00000125968,ID1,Driver
556,ENSG00000157557,ETS2,Unknown
557,ENSG00000105722,ERF,Unknown
558,ENSG00000197442,MAP3K5,Unknown
559,ENSG00000147883,CDKN2B,Unknown
560,ENSG00000172216,CEBPB,Unknown
561,ENSG00000198178,CLEC4C,Unknown
562,ENSG00000158869,FCER1G,Unknown
563,ENSG00000166523,CLEC4E,Unknown
564,ENSG00000006062,MAP3K14,Unknown
565,ENSG00000213341,CHUK,Unknown
566,ENSG00000077150,NFKB2,Driver
567,ENSG00000104856,RELB,Unknown
568,ENSG00000172175,MALT1,Driver
569,ENSG00000064012,CASP8,Driver
570,ENSG00000090659,CD209,Driver
571,ENSG00000108622,ICAM2,Unknown
572,ENSG00000075218,GTSE1,Non-driver
573,ENSG00000117399,CDC20,Unknown
574,ENSG00000164109,MAD2L1,Unknown
575,ENSG00000136997,MYC,Driver
576,ENSG00000123374,CDK2,Unknown
577,ENSG00000105173,CCNE1,Driver
578,ENSG00000112312,GMNN,Unknown
579,ENSG00000167513,CDT1,Unknown
580,ENSG00000006634,DBF4,Non-driver
581,ENSG00000097046,CDC7,Non-driver
582,ENSG00000133101,CCNA1,Unknown
583,ENSG00000145386,CCNA2,Non-driver
584,ENSG00000139289,PHLDA1,Unknown
585,ENSG00000288307,CTDNEP1,Unknown
586,ENSG00000205423,CNEP1R1,Unknown
587,ENSG00000135476,ESPL1,Unknown
588,ENSG00000164611,PTTG1,Unknown
589,ENSG00000129933,MAU2,Unknown
590,ENSG00000164190,NIPBL,Unknown
591,ENSG00000112029,FBXO5,Unknown
592,ENSG00000073712,FERMT2,Unknown
593,ENSG00000162458,FBLIM1,Non-driver
594,ENSG00000150093,ITGB1,Unknown
595,ENSG00000166333,ILK,Unknown
596,ENSG00000197702,PARVA,Unknown
597,ENSG00000129675,ARHGEF6,Unknown
598,ENSG00000188677,PARVB,Unknown
599,ENSG00000148484,RSU1,Unknown
600,ENSG00000169756,LIMS1,Non-driver
601,ENSG00000072110,ACTN1,Unknown
602,ENSG00000091409,ITGA6,Unknown
603,ENSG00000132470,ITGB4,Unknown
604,ENSG00000196776,CD47,Unknown
605,ENSG00000198053,SIRPA,Driver
606,ENSG00000089012,SIRPG,Unknown
607,ENSG00000161270,NPHS1,Unknown
608,ENSG00000183853,KIRREL1,Non-driver
609,ENSG00000118898,PPL,Unknown
610,ENSG00000167880,EVPL,Unknown
611,ENSG00000189337,KAZN,Unknown
612,ENSG00000167754,KLK5,Unknown
613,ENSG00000133710,SPINK5,Unknown
614,ENSG00000186474,KLK12,Unknown
615,ENSG00000178172,SPINK6,Unknown
616,ENSG00000167759,KLK13,Unknown
617,ENSG00000129437,KLK14,Unknown
618,ENSG00000204909,SPINK9,Unknown
619,ENSG00000077782,FGFR1,Driver
620,ENSG00000011201,ANOS1,Non-driver
621,ENSG00000165029,ABCA1,Unknown
622,ENSG00000118137,APOA1,Unknown
623,ENSG00000132855,ANGPTL3,Unknown
624,ENSG00000130173,ANGPTL8,Unknown
625,ENSG00000126261,UBA2,Unknown
626,ENSG00000142230,SAE1,Unknown
627,ENSG00000112576,CCND3,Driver
628,ENSG00000069956,MAPK6,Non-driver
629,ENSG00000005884,ITGA3,Unknown
630,ENSG00000135424,ITGA7,Unknown
631,ENSG00000164171,ITGA2,Unknown
632,ENSG00000213949,ITGA1,Unknown
633,ENSG00000182220,ATP6AP2,Unknown
634,ENSG00000143839,REN,Unknown
635,ENSG00000117481,NSUN4,Unknown
636,ENSG00000122085,MTERF4,Unknown
637,ENSG00000259207,ITGB3,Unknown
638,ENSG00000005961,ITGA2B,Unknown
639,ENSG00000130164,LDLR,Unknown
640,ENSG00000169174,PCSK9,Unknown
641,,TMEM173,Unknown
642,ENSG00000183735,TBK1,Unknown
643,ENSG00000139193,CD27,Unknown
644,ENSG00000125726,CD70,Unknown
645,ENSG00000135960,EDAR,Unknown
646,ENSG00000158813,EDA,Unknown
647,ENSG00000131080,EDA2R,Non-driver
648,ENSG00000120337,TNFSF18,Unknown
649,ENSG00000186891,TNFRSF18,Unknown
650,ENSG00000186827,TNFRSF4,Unknown
651,ENSG00000117586,TNFSF4,Unknown
652,ENSG00000215788,TNFRSF25,Unknown
653,ENSG00000181634,TNFSF15,Unknown
654,ENSG00000106952,TNFSF8,Unknown
655,ENSG00000120949,TNFRSF8,Unknown
656,ENSG00000125657,TNFSF9,Unknown
657,ENSG00000049249,TNFRSF9,Unknown
658,ENSG00000101213,PTK6,Driver
659,ENSG00000121774,KHDRBS1,Unknown
660,ENSG00000186635,ARAP1,Unknown
661,ENSG00000142208,AKT1,Driver
662,ENSG00000115325,DOK1,Unknown
663,ENSG00000196396,PTPN1,Unknown
664,ENSG00000178078,STAP2,Unknown
665,ENSG00000184557,SOCS3,Unknown
666,ENSG00000143127,ITGA10,Unknown
667,ENSG00000275931,GP6,Unknown
668,ENSG00000132155,RAF1,Driver
669,ENSG00000164924,YWHAZ,Unknown
670,ENSG00000162493,PDPN,Unknown
671,ENSG00000165682,CLEC1B,Non-driver
672,ENSG00000197461,PDGFA,Unknown
673,ENSG00000100311,PDGFB,Driver
674,ENSG00000169896,ITGAM,Unknown
675,ENSG00000160255,ITGB2,Unknown
676,ENSG00000154721,JAM2,Unknown
677,ENSG00000166086,JAM3,Unknown
678,ENSG00000115232,ITGA4,Unknown
679,ENSG00000005844,ITGAL,Unknown
680,ENSG00000140678,ITGAX,Unknown
681,ENSG00000117091,CD48,Unknown
682,ENSG00000122223,CD244,Unknown
683,ENSG00000116815,CD58,Unknown
684,ENSG00000116824,CD2,Unknown
685,ENSG00000161638,ITGA5,Unknown
686,ENSG00000160593,JAML,Non-driver
687,ENSG00000154639,CXADR,Unknown
688,ENSG00000240972,MIF,Unknown
689,ENSG00000019582,CD74,Driver
690,ENSG00000120156,TEK,Unknown
691,ENSG00000154188,ANGPT1,Unknown
692,ENSG00000091879,ANGPT2,Unknown
693,ENSG00000101280,ANGPT4,Unknown
694,ENSG00000168918,INPP5D,Unknown
695,ENSG00000124181,PLCG1,Driver
696,ENSG00000172270,BSG,Unknown
697,ENSG00000100023,PPIL2,Unknown
698,ENSG00000105974,CAV1,Driver
699,ENSG00000196262,PPIA,Unknown
700,ENSG00000155465,SLC7A7,Unknown
701,ENSG00000168003,SLC3A2,Unknown
702,ENSG00000092068,SLC7A8,Unknown
703,ENSG00000021488,SLC7A9,Unknown
704,ENSG00000151012,SLC7A11,Unknown
705,ENSG00000103257,SLC7A5,Unknown
706,ENSG00000130876,SLC7A10,Unknown
707,ENSG00000103064,SLC7A6,Unknown
708,ENSG00000136750,GAD2,Unknown
709,ENSG00000128683,GAD1,Unknown
710,ENSG00000186090,HTR3D,Unknown
711,ENSG00000166736,HTR3A,Non-driver
712,ENSG00000186038,HTR3E,Unknown
713,ENSG00000149305,HTR3B,Unknown
714,ENSG00000178084,HTR3C,Unknown
715,ENSG00000175387,SMAD2,Driver
716,ENSG00000177628,GBA,Unknown
717,ENSG00000197746,PSAP,Unknown
718,ENSG00000112799,LY86,Unknown
719,ENSG00000134061,CD180,Unknown
720,ENSG00000118004,COLEC11,Unknown
721,ENSG00000127241,MASP1,Unknown
722,ENSG00000169562,GJB1,Unknown
723,ENSG00000165474,GJB2,Unknown
724,ENSG00000152661,GJA1,Unknown
725,ENSG00000277401,TJP1,Unknown
726,ENSG00000069869,NEDD4,Unknown
727,ENSG00000138032,PPM1B,Unknown
728,ENSG00000136068,FLNB,Unknown
729,ENSG00000137033,IL33,Unknown
730,ENSG00000115602,IL1RL1,Unknown
731,ENSG00000125571,IL37,Unknown
732,ENSG00000100368,CSF2RB,Unknown
733,ENSG00000198223,CSF2RA,Unknown
734,ENSG00000164400,CSF2,Driver
735,ENSG00000091181,IL5RA,Unknown
736,ENSG00000113525,IL5,Unknown
737,,TEC,Driver
738,ENSG00000141968,VAV1,Driver
739,ENSG00000095585,BLNK,Unknown
740,ENSG00000077238,IL4R,Unknown
741,ENSG00000131724,IL13RA1,Unknown
742,ENSG00000169194,IL13,Unknown
743,ENSG00000123496,IL13RA2,Unknown
744,ENSG00000168685,IL7R,Driver
745,ENSG00000127616,SMARCA4,Driver
746,ENSG00000185658,BRWD1,Unknown
747,ENSG00000164485,IL22RA2,Non-driver
748,ENSG00000127318,IL22,Unknown
749,ENSG00000185436,IFNLR1,Unknown
750,ENSG00000172349,IL16,Unknown
751,ENSG00000008517,IL32,Unknown
752,ENSG00000196415,PRTN3,Unknown
753,ENSG00000122025,FLT3,Driver
754,ENSG00000090554,FLT3LG,Unknown
755,ENSG00000108342,CSF3,Unknown
756,ENSG00000119535,CSF3R,Driver
757,ENSG00000084652,TXLNA,Non-driver
758,ENSG00000106089,STX1A,Unknown
759,ENSG00000112964,GHR,Unknown
760,ENSG00000113494,PRLR,Unknown
761,ENSG00000131323,TRAF3,Unknown
762,ENSG00000028137,TNFRSF1B,Unknown
763,ENSG00000102245,CD40LG,Non-driver
764,ENSG00000101017,CD40,Unknown
765,ENSG00000159958,TNFRSF13C,Unknown
766,ENSG00000102524,TNFSF13B,Unknown
767,ENSG00000076641,PAG1,Unknown
768,ENSG00000103653,CSK,Unknown
769,ENSG00000134242,PTPN22,Unknown
770,ENSG00000213658,LAT,Unknown
771,ENSG00000082074,FYB1,Non-driver
772,ENSG00000158092,NCK1,Non-driver
773,ENSG00000135341,MAP3K7,Unknown
774,ENSG00000055208,TAB2,Unknown
775,ENSG00000163600,ICOS,Unknown
776,ENSG00000160223,ICOSLG,Unknown
777,ENSG00000157873,TNFRSF14,Driver
778,ENSG00000186265,BTLA,Unknown
779,ENSG00000121594,CD80,Unknown
780,ENSG00000178562,CD28,Driver
781,ENSG00000114013,CD86,Unknown
782,ENSG00000100906,NFKBIA,Unknown
783,ENSG00000141367,CLTC,Driver
784,ENSG00000122705,CLTA,Unknown
785,ENSG00000242574,HLA-DMB,Unknown
786,ENSG00000204257,HLA-DMA,Unknown
787,ENSG00000153283,CD96,Unknown
788,ENSG00000139626,ITGB7,Unknown
789,ENSG00000206493,HLA-E,Unknown
790,ENSG00000039068,CDH1,Driver
791,ENSG00000139187,KLRG1,Unknown
792,ENSG00000150637,CD226,Non-driver
793,ENSG00000091972,CD200,Unknown
794,ENSG00000163606,CD200R1,Unknown
795,ENSG00000235346,HLA-G,Unknown
796,ENSG00000275583,KIR2DS2,Unknown
797,ENSG00000069493,CLEC2D,Unknown
798,ENSG00000111796,KLRB1,Unknown
799,ENSG00000158125,XDH,Unknown
800,ENSG00000124557,BTN1A1,Unknown
801,ENSG00000115221,ITGB6,Unknown
802,ENSG00000105329,TGFB1,Driver
803,ENSG00000090006,LTBP4,Unknown
804,ENSG00000077943,ITGA8,Unknown
805,ENSG00000105855,ITGB8,Unknown
806,ENSG00000064692,SNCAIP,Unknown
807,ENSG00000185345,PRKN,Unknown
808,ENSG00000145335,SNCA,Unknown
809,ENSG00000124486,USP9X,Unknown
810,ENSG00000137642,SORL1,Unknown
811,ENSG00000142192,APP,Unknown
812,ENSG00000145782,ATG12,Non-driver
813,ENSG00000197548,ATG7,Unknown
814,ENSG00000152348,ATG10,Unknown
815,ENSG00000057663,ATG5,Unknown
816,ENSG00000176194,CIDEA,Unknown
817,ENSG00000187288,CIDEC,Unknown
818,ENSG00000113721,PDGFRB,Driver
819,ENSG00000134853,PDGFRA,Driver
820,ENSG00000163513,TGFBR2,Driver
821,ENSG00000166913,YWHAB,Unknown
822,ENSG00000126934,MAP2K2,Driver
823,ENSG00000169032,MAP2K1,Driver
824,ENSG00000141068,KSR1,Non-driver
825,ENSG00000075413,MARK3,Unknown
826,ENSG00000136807,CDK9,Unknown
827,ENSG00000129315,CCNT1,Unknown
828,ENSG00000165898,ISCA2,Unknown
829,ENSG00000135070,ISCA1,Unknown
830,ENSG00000160703,NLRX1,Unknown
831,ENSG00000088888,MAVS,Unknown
832,ENSG00000169855,ROBO1,Unknown
833,ENSG00000145147,SLIT2,Unknown
834,ENSG00000185652,NTF3,Unknown
835,ENSG00000179841,AKAP5,Unknown
836,ENSG00000154134,ROBO3,Unknown
837,ENSG00000000971,CFH,Unknown
838,ENSG00000177455,CD19,Unknown
839,ENSG00000110651,CD81,Unknown
840,ENSG00000149131,SERPING1,Unknown
841,ENSG00000182326,C1S,Unknown
842,ENSG00000288512,C1R,Unknown
843,ENSG00000178772,CPN2,Unknown
844,ENSG00000120054,CPN1,Unknown
845,ENSG00000198910,L1CAM,Unknown
846,ENSG00000099250,NRP1,Unknown
847,ENSG00000144668,ITGA9,Unknown
848,ENSG00000102882,MAPK3,Unknown
849,ENSG00000100030,MAPK1,Driver
850,ENSG00000039537,C6,Unknown
851,ENSG00000179115,FARSA,Non-driver
852,ENSG00000116120,FARSB,Non-driver
853,ENSG00000244734,HBB,Unknown
854,ENSG00000206172,HBA1,Unknown
855,ENSG00000188536,HBA2,Unknown
856,ENSG00000108854,SMURF2,Unknown
857,ENSG00000284126,SMURF1,Unknown
858,ENSG00000049759,NEDD4L,Unknown
859,ENSG00000103266,STUB1,Unknown
860,ENSG00000130725,UBE2M,Unknown
861,ENSG00000285246,NEDD8,Unknown
862,ENSG00000155827,RNF20,Unknown
863,ENSG00000103549,RNF40,Unknown
864,ENSG00000111816,FRK,Unknown
865,ENSG00000233948,TRIM27,Driver
866,ENSG00000137809,ITGA11,Unknown
867,ENSG00000156886,ITGAD,Unknown
868,ENSG00000083457,ITGAE,Unknown
869,ENSG00000142798,HSPG2,Unknown
870,ENSG00000288299,LDHA,Unknown
871,ENSG00000111716,LDHB,Unknown
872,ENSG00000163541,SUCLG1,Unknown
873,ENSG00000172340,SUCLG2,Unknown
874,ENSG00000136143,SUCLA2,Unknown
875,ENSG00000102265,TIMP1,Driver
876,ENSG00000100985,MMP9,Driver
877,ENSG00000157227,MMP14,Driver
878,ENSG00000035862,TIMP2,Unknown
879,ENSG00000102054,RBBP7,Unknown
880,ENSG00000128708,HAT1,Unknown
881,ENSG00000135903,PAX3,Driver
882,ENSG00000084676,NCOA1,Driver
883,ENSG00000163930,BAP1,Driver
884,ENSG00000172534,HCFC1,Unknown
885,ENSG00000100324,TAB1,Unknown
886,ENSG00000145604,SKP2,Driver
887,ENSG00000070010,UFD1,Non-driver
888,ENSG00000165280,VCP,Unknown
889,ENSG00000180667,YOD1,Unknown
890,ENSG00000019995,ZRANB1,Unknown
891,ENSG00000134982,APC,Driver
892,ENSG00000066427,ATXN3,Unknown
893,ENSG00000124356,STAMBP,Unknown
894,ENSG00000136738,STAM,Unknown
895,ENSG00000140538,NTRK3,Driver
896,ENSG00000105426,PTPRS,Unknown
897,ENSG00000106366,SERPINE1,Non-driver
898,ENSG00000109072,VTN,Unknown
899,ENSG00000173402,DAG1,Unknown
900,ENSG00000188157,AGRN,Unknown
901,ENSG00000142867,BCL10,Driver
902,ENSG00000187122,SLIT1,Unknown
903,ENSG00000188559,RALGAPA2,Non-driver
904,ENSG00000170471,RALGAPB,Non-driver
905,ENSG00000173230,GOLGB1,Unknown
906,ENSG00000182827,ACBD3,Unknown
907,ENSG00000100099,HPS4,Unknown
908,ENSG00000107521,HPS1,Unknown
909,ENSG00000163083,INHBB,Unknown
910,ENSG00000122641,INHBA,Unknown
911,ENSG00000108950,FAM20A,Unknown
912,ENSG00000177706,FAM20C,Unknown
913,ENSG00000143799,PARP1,Driver
914,ENSG00000002016,RAD52,Unknown
915,ENSG00000163961,RNF168,Unknown
916,ENSG00000067066,SP100,Unknown
917,ENSG00000139372,TDG,Unknown
918,ENSG00000165392,WRN,Driver
919,ENSG00000154767,XPC,Driver
920,ENSG00000187098,MITF,Driver
921,ENSG00000172845,SP3,Unknown
922,ENSG00000067369,TP53BP1,Unknown
923,ENSG00000147889,CDKN2A,Driver
924,ENSG00000177374,HIC1,Unknown
925,ENSG00000183770,FOXL2,Driver
926,ENSG00000100201,DDX17,Unknown
927,ENSG00000182568,SATB1,Unknown
928,ENSG00000178691,SUZ12,Driver
929,ENSG00000068024,HDAC4,Unknown
930,ENSG00000116478,HDAC1,Unknown
931,ENSG00000196591,HDAC2,Unknown
932,ENSG00000170004,CHD3,Unknown
933,ENSG00000092199,HNRNPC,Unknown
934,ENSG00000055044,NOP58,Unknown
935,ENSG00000198900,TOP1,Driver
936,ENSG00000131747,TOP2A,Unknown
937,ENSG00000077097,TOP2B,Unknown
938,ENSG00000143379,SETDB1,Unknown
939,ENSG00000171681,ATF7IP,Unknown
940,ENSG00000100462,PRMT5,Unknown
941,ENSG00000116455,WDR77,Unknown
942,ENSG00000158828,PINK1,Unknown
943,ENSG00000178568,ERBB4,Driver
944,ENSG00000189056,RELN,Unknown
945,ENSG00000147852,VLDLR,Unknown
946,ENSG00000141505,ASGR1,Unknown
947,ENSG00000161944,ASGR2,Unknown
948,ENSG00000120738,EGR1,Driver
949,ENSG00000101115,SALL4,Driver
950,ENSG00000179632,MAF1,Unknown
951,ENSG00000160007,ARHGAP35,Unknown
952,ENSG00000145715,RASA1,Unknown
953,ENSG00000285460,BCAR1,Unknown
954,ENSG00000143171,RXRG,Unknown
955,ENSG00000172819,RARG,Unknown
956,ENSG00000186350,RXRA,Unknown
957,ENSG00000131759,RARA,Driver
958,ENSG00000231321,RXRB,Unknown
959,ENSG00000077092,RARB,Unknown
960,ENSG00000112033,PPARD,Unknown
961,ENSG00000118257,NRP2,Unknown
962,ENSG00000102755,FLT1,Unknown
963,ENSG00000049130,KITLG,Unknown
964,ENSG00000157404,KIT,Driver
965,ENSG00000154229,PRKCA,Unknown
966,ENSG00000060656,PTPRU,Unknown
967,ENSG00000141027,NCOR1,Driver
968,ENSG00000131746,TNS4,Unknown
969,ENSG00000105976,MET,Driver
970,ENSG00000144749,LRIG1,Unknown
971,ENSG00000135473,PAN2,Unknown
972,ENSG00000152520,PAN3,Unknown
973,ENSG00000009830,POMT2,Unknown
974,ENSG00000130714,POMT1,Unknown
975,ENSG00000171155,C1GALT1C1,Unknown
976,ENSG00000106392,C1GALT1,Unknown
977,ENSG00000165688,PMPCA,Unknown
978,ENSG00000105819,PMPCB,Unknown
979,ENSG00000118217,ATF6,Unknown
980,ENSG00000044574,HSPA5,Unknown
981,ENSG00000172071,EIF2AK3,Unknown
982,ENSG00000178607,ERN1,Unknown
983,ENSG00000196455,PIK3R4,Unknown
984,ENSG00000078142,PIK3C3,Unknown
985,ENSG00000149476,TKFC,Non-driver
986,ENSG00000115267,IFIH1,Unknown
987,ENSG00000172757,CFL1,Unknown
988,ENSG00000106683,LIMK1,Unknown
989,ENSG00000163218,PGLYRP4,Non-driver
990,ENSG00000159527,PGLYRP3,Non-driver
991,ENSG00000132170,PPARG,Driver
992,ENSG00000138079,SLC3A1,Unknown
993,ENSG00000165617,DACT1,Unknown
994,ENSG00000103126,AXIN1,Driver
995,ENSG00000082701,GSK3B,Unknown
996,ENSG00000067057,PFKP,Unknown
997,ENSG00000141959,PFKL,Unknown
998,ENSG00000152556,PFKM,Unknown
999,ENSG00000084734,GCKR,Unknown
1000,ENSG00000106633,GCK,Unknown
1001,ENSG00000029534,ANK1,Driver
1002,ENSG00000091129,NRCAM,Unknown
1003,ENSG00000184144,CNTN2,Unknown
1004,ENSG00000134121,CHL1,Unknown
1005,ENSG00000163531,NFASC,Unknown
1006,ENSG00000077279,DCX,Unknown
1007,ENSG00000137575,SDCBP,Unknown
1008,ENSG00000164050,PLXNB1,Unknown
1009,ENSG00000141736,ERBB2,Driver
1010,ENSG00000137076,TLN1,Unknown
1011,ENSG00000186111,PIP5K1C,Unknown
1012,ENSG00000004399,PLXND1,Unknown
1013,ENSG00000170381,SEMA3E,Unknown
1014,ENSG00000196189,SEMA4A,Unknown
1015,ENSG00000262418,PTPRC,Driver
1016,ENSG00000187764,SEMA4D,Unknown
1017,ENSG00000137101,CD72,Unknown
1018,ENSG00000136040,PLXNC1,Non-driver
1019,ENSG00000138623,SEMA7A,Unknown
1020,ENSG00000010810,FYN,Unknown
1021,ENSG00000185008,ROBO2,Driver
1022,ENSG00000151748,SAV1,Unknown
1023,ENSG00000104375,STK3,Unknown
1024,ENSG00000101109,STK4,Unknown
1025,ENSG00000119139,TJP2,Unknown
1026,ENSG00000018408,WWTR1,Driver
1027,ENSG00000075340,ADD2,Unknown
1028,ENSG00000087274,ADD1,Unknown
1029,ENSG00000148700,ADD3,Unknown
1030,ENSG00000160862,AZGP1,Unknown
1031,ENSG00000159763,PIP,Unknown
1032,ENSG00000136802,LRRC8A,Unknown
1033,ENSG00000197147,LRRC8B,Unknown
1034,ENSG00000171017,LRRC8E,Unknown
1035,ENSG00000171492,LRRC8D,Unknown
1036,ENSG00000171488,LRRC8C,Unknown
1037,ENSG00000158402,CDC25C,Unknown
1038,ENSG00000144867,SRPRB,Unknown
1039,ENSG00000182934,SRPRA,Unknown
1040,ENSG00000009950,MLXIPL,Unknown
1041,ENSG00000108788,MLX,Unknown
1042,ENSG00000141526,SLC16A3,Unknown
1043,ENSG00000281917,SLC16A1,Unknown
1044,ENSG00000149269,PAK1,Unknown
1045,ENSG00000186575,NF2,Driver
1046,ENSG00000196924,FLNA,Driver
1047,ENSG00000123143,PKN1,Unknown
1048,ENSG00000122966,CIT,Unknown
1049,ENSG00000111276,CDKN1B,Driver
1050,ENSG00000001626,CFTR,Unknown
1051,ENSG00000047932,GOPC,Driver
1052,ENSG00000159593,NAE1,Unknown
1053,ENSG00000144744,UBA3,Non-driver
1054,ENSG00000184182,UBE2F,Unknown
1055,ENSG00000158290,CUL4B,Unknown
1056,ENSG00000139842,CUL4A,Unknown
1057,ENSG00000100387,RBX1,Unknown
1058,ENSG00000112659,CUL9,Unknown
1059,ENSG00000116678,LEPR,Unknown
1060,ENSG00000099800,TIMM13,Unknown
1061,ENSG00000150779,TIMM8B,Unknown
1062,ENSG00000126953,TIMM8A,Unknown
1063,ENSG00000134809,TIMM10,Unknown
1064,ENSG00000100575,TIMM9,Unknown
1065,ENSG00000111880,RNGTT,Unknown
1066,ENSG00000101654,RNMT,Unknown
1067,ENSG00000133226,SRRM1,Unknown
1068,ENSG00000167978,SRRM2,Unknown
1069,,EPRS,Unknown
1070,ENSG00000167264,DUS2,Non-driver
1071,ENSG00000160193,WDR4,Unknown
1072,ENSG00000037897,METTL1,Unknown
1073,ENSG00000213339,QTRT1,Unknown
1074,ENSG00000151576,QTRT2,Non-driver
1075,ENSG00000089195,TRMT6,Non-driver
1076,ENSG00000166166,TRMT61A,Non-driver
1077,ENSG00000163964,PIGX,Unknown
1078,ENSG00000143315,PIGM,Unknown
1079,ENSG00000151665,PIGF,Unknown
1080,ENSG00000165282,PIGO,Unknown
1081,ENSG00000174227,PIGG,Unknown
1082,ENSG00000156976,EIF4A2,Driver
1083,ENSG00000161960,EIF4A1,Unknown
1084,ENSG00000080815,PSEN1,Unknown
1085,ENSG00000162736,NCSTN,Unknown
1086,ENSG00000186298,PPP1CC,Unknown
1087,ENSG00000087074,PPP1R15A,Unknown
1088,ENSG00000168288,MMADHC,Non-driver
1089,ENSG00000132763,MMACHC,Unknown
1090,ENSG00000203618,GP1BB,Unknown
1091,ENSG00000185245,GP1BA,Unknown
1092,ENSG00000232957,HLA-DOA,Non-driver
1093,ENSG00000243612,HLA-DOB,Unknown
1094,ENSG00000146232,NFKBIE,Driver
1095,ENSG00000162924,REL,Driver
1096,ENSG00000196781,TLE1,Unknown
1097,ENSG00000116266,STXBP3,Non-driver
1098,ENSG00000147614,ATP6V0D2,Unknown
1099,ENSG00000159720,ATP6V0D1,Unknown
1100,ENSG00000115942,ORC2,Unknown
1101,ENSG00000125885,MCM8,Unknown
1102,ENSG00000172116,CD8B,Non-driver
1103,ENSG00000153563,CD8A,Unknown
1104,ENSG00000198851,CD3E,Unknown
1105,ENSG00000160654,CD3G,Unknown
1106,ENSG00000167286,CD3D,Unknown
1107,ENSG00000138674,SEC31A,Unknown
1108,ENSG00000157020,SEC13,Non-driver
1109,ENSG00000134539,KLRD1,Unknown
1110,ENSG00000205809,KLRC2,Unknown
1111,ENSG00000136854,STXBP1,Unknown
1112,ENSG00000168283,BMI1,Unknown
1113,ENSG00000141582,CBX4,Unknown
1114,ENSG00000080824,HSP90AA1,Driver
1115,ENSG00000077800,FKBP6,Unknown
1116,ENSG00000123607,TTC21B,Unknown
1117,ENSG00000118965,WDR35,Unknown
1118,ENSG00000169398,PTK2,Unknown
1119,ENSG00000204103,MAFB,Driver
1120,ENSG00000220205,VAMP2,Unknown
1121,ENSG00000167986,DDB1,Unknown
1122,ENSG00000112115,IL17A,Driver
1123,ENSG00000112116,IL17F,Unknown
1124,ENSG00000088247,KHSRP,Unknown
1125,ENSG00000185630,PBX1,Driver
1126,ENSG00000160199,PKNOX1,Unknown
1127,ENSG00000082458,DLG3,Unknown
1128,ENSG00000132535,DLG4,Unknown
1129,ENSG00000158477,CD1A,Unknown
1130,ENSG00000158485,CD1B,Unknown
1131,ENSG00000158473,CD1D,Unknown
1132,ENSG00000158481,CD1C,Unknown
1133,ENSG00000175097,RAG2,Unknown
1134,ENSG00000166349,RAG1,Unknown
1135,ENSG00000107566,ERLIN1,Unknown
1136,ENSG00000147475,ERLIN2,Unknown
1137,ENSG00000140836,ZFHX3,Driver
1138,ENSG00000167770,OTUB1,Unknown
1139,ENSG00000133135,RNF128,Unknown
1140,ENSG00000072506,HSD17B10,Unknown
1141,ENSG00000174173,TRMT10C,Unknown
1142,ENSG00000198026,ZNF335,Unknown
1143,ENSG00000113300,CNOT6,Unknown
1144,ENSG00000185002,RFX6,Unknown
1145,ENSG00000134352,IL6ST,Driver
1146,ENSG00000166266,CUL5,Unknown
1147,ENSG00000036257,CUL3,Driver
1148,ENSG00000108094,CUL2,Unknown
1149,ENSG00000215021,PHB2,Unknown
1150,ENSG00000167085,PHB,Unknown
1151,ENSG00000100401,RANGAP1,Unknown
1152,ENSG00000137100,DCTN3,Unknown
1153,ENSG00000175203,DCTN2,Unknown
1154,ENSG00000205755,CRLF2,Driver
1155,ENSG00000145623,OSMR,Unknown
1156,ENSG00000048649,RSF1,Non-driver
1157,ENSG00000137752,CASP1,Unknown
1158,ENSG00000025434,NR1H3,Unknown
1159,ENSG00000131408,NR1H2,Unknown
1160,ENSG00000142655,PEX14,Unknown
1161,ENSG00000162928,PEX13,Unknown
1162,ENSG00000176884,GRIN1,Unknown
1163,ENSG00000273079,GRIN2B,Unknown
1164,ENSG00000106299,WASL,Unknown
1165,ENSG00000205726,ITSN1,Unknown
1166,ENSG00000027697,IFNGR1,Unknown
1167,ENSG00000262795,IFNGR2,Unknown
1168,ENSG00000134852,CLOCK,Unknown
1169,ENSG00000029153,ARNTL2,Unknown
1170,ENSG00000057468,MSH4,Unknown
1171,ENSG00000237333,MSH5,Unknown
1172,ENSG00000119684,MLH3,Unknown
1173,ENSG00000168495,POLR3D,Unknown
1174,ENSG00000058600,POLR3E,Unknown
1175,ENSG00000100413,POLR3H,Non-driver
1176,ENSG00000241258,CRCP,Non-driver
1177,ENSG00000165168,CYBB,Unknown
1178,ENSG00000051523,CYBA,Unknown
1179,ENSG00000083123,BCKDHB,Unknown
1180,ENSG00000248098,BCKDHA,Unknown
1181,ENSG00000168906,MAT2A,Unknown
1182,ENSG00000038274,MAT2B,Non-driver
1183,ENSG00000140505,CYP1A2,Driver
1184,ENSG00000127948,POR,Unknown
1185,ENSG00000165841,CYP2C19,Non-driver
1186,ENSG00000163114,PDHA2,Unknown
1187,ENSG00000168291,PDHB,Unknown
1188,ENSG00000131828,PDHA1,Unknown
1189,ENSG00000117118,SDHB,Driver
1190,ENSG00000073578,SDHA,Driver
1191,ENSG00000164951,PDP1,Unknown
1192,ENSG00000090857,PDPR,Unknown
1193,ENSG00000105568,PPP2R1A,Driver
1194,ENSG00000113575,PPP2CA,Unknown
1195,ENSG00000112818,MEP1A,Unknown
1196,ENSG00000141434,MEP1B,Unknown
1197,ENSG00000105675,ATP4A,Unknown
1198,ENSG00000288359,ATP4B,Unknown
1199,ENSG00000143437,ARNT,Driver
1200,ENSG00000116016,EPAS1,Driver
1201,ENSG00000169245,CXCL10,Unknown
1202,ENSG00000186810,CXCR3,Unknown
1203,ENSG00000186469,GNG2,Unknown
1204,ENSG00000181104,F2R,Unknown
1205,ENSG00000164220,F2RL2,Unknown
1206,ENSG00000070886,EPHA8,Unknown
1207,ENSG00000184349,EFNA5,Unknown
1208,ENSG00000033800,PIAS1,Unknown
1209,ENSG00000035403,VCL,Unknown
1210,ENSG00000072401,UBE2D1,Unknown
1211,ENSG00000118513,MYB,Driver
1212,ENSG00000113580,NR3C1,Unknown
1213,ENSG00000140396,NCOA2,Driver
1214,ENSG00000164161,HHIP,Unknown
1215,ENSG00000163501,IHH,Unknown
1216,ENSG00000115170,ACVR1,Driver
1217,ENSG00000198648,STK39,Unknown
1218,ENSG00000065675,PRKCQ,Unknown
1219,ENSG00000106070,GRB10,Unknown
1220,ENSG00000101096,NFATC2,Driver
1221,ENSG00000049768,FOXP3,Unknown
1222,ENSG00000086758,HUWE1,Unknown
1223,ENSG00000107968,MAP3K8,Unknown
1224,ENSG00000120063,GNA13,Unknown
1225,ENSG00000146535,GNA12,Unknown
1226,ENSG00000130396,AFDN,Driver
1227,ENSG00000197943,PLCG2,Unknown
1228,ENSG00000254087,LYN,Unknown
1229,ENSG00000180210,F2,Unknown
1230,ENSG00000171720,HDAC3,Unknown
1231,ENSG00000164331,ANKRA2,Unknown
1232,ENSG00000164867,NOS3,Driver
1233,ENSG00000135966,TGFBRAP1,Unknown
1234,ENSG00000124145,SDC4,Driver
1235,ENSG00000274233,CCL5,Unknown
1236,ENSG00000148737,TCF7L2,Driver
1237,ENSG00000139549,DHH,Unknown
1238,ENSG00000175592,FOSL1,Unknown
1239,ENSG00000180340,FZD2,Unknown
1240,ENSG00000114251,WNT5A,Unknown
1241,ENSG00000028528,SNX1,Unknown
1242,ENSG00000205302,SNX2,Unknown
1243,ENSG00000080503,SMARCA2,Unknown
1244,ENSG00000245848,CEBPA,Driver
1245,ENSG00000075426,FOSL2,Unknown
1246,ENSG00000090776,EFNB1,Unknown
1247,ENSG00000154928,EPHB1,Unknown
1248,ENSG00000174808,BTC,Unknown
1249,ENSG00000100811,YY1,Unknown
1250,ENSG00000115594,IL1R1,Unknown
1251,ENSG00000136689,IL1RN,Unknown
1252,ENSG00000130427,EPO,Unknown
1253,ENSG00000187266,EPOR,Unknown
1254,ENSG00000198400,NTRK1,Driver
1255,ENSG00000168040,FADD,Unknown
1256,ENSG00000169242,EFNA1,Unknown
1257,ENSG00000142627,EPHA2,Unknown
1258,ENSG00000151693,ASAP2,Non-driver
1259,ENSG00000128917,DLL4,Unknown
1260,ENSG00000235396,NOTCH4,Unknown
1261,ENSG00000081059,TCF7,Unknown
1262,ENSG00000127191,TRAF2,Unknown
1263,ENSG00000128602,SMO,Driver
1264,ENSG00000141480,ARRB2,Unknown
1265,ENSG00000196367,TRRAP,Driver
1266,ENSG00000108773,KAT2A,Unknown
1267,ENSG00000196411,EPHB4,Unknown
1268,ENSG00000125266,EFNB2,Unknown
1269,ENSG00000175354,PTPN2,Unknown
1270,ENSG00000177425,PAWR,Unknown
1271,ENSG00000067606,PRKCZ,Unknown
1272,ENSG00000116809,ZBTB17,Unknown
1273,ENSG00000140968,IRF8,Unknown
1274,ENSG00000160867,FGFR4,Driver
1275,ENSG00000138685,FGF2,Driver
1276,ENSG00000068078,FGFR3,Driver
1277,ENSG00000066468,FGFR2,Driver
1278,ENSG00000171223,JUNB,Unknown
1279,ENSG00000100393,EP300,Driver
1280,ENSG00000099942,CRKL,Unknown
1281,ENSG00000107263,RAPGEF1,Unknown
1282,ENSG00000157193,LRP8,Unknown
1283,ENSG00000164093,PITX2,Unknown
1284,ENSG00000140992,PDPK1,Unknown
1285,ENSG00000121067,SPOP,Driver
1286,ENSG00000281324,LRP6,Unknown
1287,ENSG00000107984,DKK1,Unknown
1288,ENSG00000116288,PARK7,Non-driver
1289,ENSG00000063660,GPC1,Unknown
1290,ENSG00000241186,TDGF1,Unknown
1291,ENSG00000138795,LEF1,Driver
1292,ENSG00000119630,PGF,Unknown
1293,ENSG00000071564,TCF3,Driver
1294,ENSG00000129152,MYOD1,Driver
1295,ENSG00000157168,NRG1,Driver
1296,ENSG00000123349,PFDN5,Unknown
1297,ENSG00000153317,ASAP1,Unknown
1298,ENSG00000113578,FGF1,Unknown
1299,ENSG00000075388,FGF4,Unknown
1300,ENSG00000162344,FGF19,Unknown
1301,ENSG00000123416,TUBA1B,Unknown
1302,ENSG00000112245,PTP4A1,Unknown
1303,ENSG00000121858,TNFSF10,Unknown
1304,ENSG00000139567,ACVRL1,Unknown
1305,ENSG00000157764,BRAF,Driver
1306,ENSG00000166579,NDEL1,Non-driver
1307,ENSG00000013810,TACC3,Unknown
1308,ENSG00000119383,PTPA,Non-driver
1309,ENSG00000121989,ACVR2A,Driver
1310,ENSG00000133794,ARNTL,Unknown
1311,ENSG00000065526,SPEN,Driver
1312,ENSG00000150455,TIRAP,Unknown
1313,ENSG00000167393,PPP2R3B,Unknown
1314,ENSG00000064490,RFXANK,Unknown
1315,ENSG00000170558,CDH2,Unknown
1316,ENSG00000150760,DOCK1,Unknown
1317,ENSG00000155849,ELMO1,Unknown
1318,ENSG00000169439,SDC2,Unknown
1319,ENSG00000178999,AURKB,Driver
1320,ENSG00000173535,TNFRSF10C,Unknown
1321,ENSG00000112592,TBP,Unknown
1322,ENSG00000066336,SPI1,Unknown
1323,ENSG00000147443,DOK2,Unknown
1324,ENSG00000198561,CTNND1,Driver
1325,ENSG00000167193,CRK,Unknown
1326,ENSG00000108840,HDAC5,Unknown
1327,ENSG00000101199,ARFGAP1,Unknown
1328,ENSG00000105438,KDELR1,Unknown
1329,ENSG00000094631,HDAC6,Unknown
1330,ENSG00000114423,CBLB,Driver
1331,ENSG00000157240,FZD1,Unknown
1332,ENSG00000154342,WNT3A,Unknown
1333,ENSG00000163517,HDAC11,Non-driver
1334,ENSG00000172179,PRL,Driver
1335,ENSG00000179094,PER1,Driver
1336,ENSG00000135144,DTX1,Unknown
1337,ENSG00000182944,EWSR1,Driver
1338,ENSG00000100485,SOS2,Unknown
1339,ENSG00000110330,BIRC2,Unknown
1340,ENSG00000023445,BIRC3,Driver
1341,ENSG00000164327,RICTOR,Unknown
1342,ENSG00000105810,CDK6,Driver
1343,ENSG00000134516,DOCK2,Unknown
1344,ENSG00000166167,BTRC,Unknown
1345,ENSG00000126767,ELK1,Unknown
1346,ENSG00000112658,SRF,Unknown
1347,ENSG00000113658,SMAD5,Non-driver
1348,ENSG00000105698,USF2,Unknown
1349,ENSG00000101138,CSTF1,Unknown
1350,ENSG00000131462,TUBG1,Unknown
1351,ENSG00000101004,NINL,Non-driver
1352,ENSG00000120693,SMAD9,Non-driver
1353,ENSG00000158517,NCF1,Unknown
1354,ENSG00000116701,NCF2,Unknown
1355,ENSG00000137267,TUBB2A,Unknown
1356,ENSG00000173273,TNKS,Unknown
1357,ENSG00000147601,TERF1,Unknown
1358,ENSG00000095739,BAMBI,Unknown
1359,ENSG00000136754,ABI1,Driver
1360,ENSG00000107643,MAPK8,Driver
1361,ENSG00000136827,TOR1A,Non-driver
1362,ENSG00000108821,COL1A1,Driver
1363,ENSG00000164692,COL1A2,Unknown
1364,ENSG00000161800,RACGAP1,Non-driver
1365,ENSG00000137807,KIF23,Unknown
1366,ENSG00000078902,TOLLIP,Unknown
1367,ENSG00000117748,RPA2,Unknown
1368,ENSG00000132383,RPA1,Unknown
1369,ENSG00000069702,TGFBR3,Unknown
1370,ENSG00000186871,ERCC6L,Unknown
1371,ENSG00000142319,SLC6A3,Unknown
1372,ENSG00000169083,AR,Driver
1373,ENSG00000196712,NF1,Driver
1374,ENSG00000136002,ARHGEF4,Unknown
1375,ENSG00000126214,KLC1,Unknown
1376,ENSG00000008294,SPAG9,Unknown
1377,ENSG00000169429,CXCL8,Non-driver
1378,ENSG00000180871,CXCR2,Unknown
1379,ENSG00000115590,IL1R2,Unknown
1380,ENSG00000115008,IL1A,Unknown
1381,ENSG00000104312,RIPK2,Unknown
1382,ENSG00000167207,NOD2,Unknown
1383,ENSG00000114315,HES1,Unknown
1384,ENSG00000044524,EPHA3,Driver
1385,ENSG00000010017,RANBP9,Unknown
1386,ENSG00000156052,GNAQ,Driver
1387,ENSG00000105443,CYTH2,Unknown
1388,ENSG00000275338,RAB11FIP3,Unknown
1389,ENSG00000103769,RAB11A,Unknown
1390,ENSG00000140464,PML,Driver
1391,ENSG00000205250,E2F4,Unknown
1392,ENSG00000074706,IPCEF1,Non-driver
1393,ENSG00000078043,PIAS2,Unknown
1394,ENSG00000130779,CLIP1,Driver
1395,ENSG00000007168,PAFAH1B1,Unknown
1396,ENSG00000125931,CITED1,Non-driver
1397,ENSG00000109971,HSPA8,Unknown
1398,,SEPT1,Unknown
1399,ENSG00000136280,CCM2,Non-driver
1400,ENSG00000118689,FOXO3,Driver
1401,ENSG00000070778,PTPN21,Unknown
1402,ENSG00000075651,PLD1,Unknown
1403,ENSG00000145242,EPHA5,Unknown
1404,ENSG00000152284,TCF7L1,Unknown
1405,ENSG00000059728,MXD1,Non-driver
1406,ENSG00000107295,SH3GL2,Unknown
1407,ENSG00000147010,SH3KBP1,Unknown
1408,ENSG00000160999,SH2B2,Non-driver
1409,ENSG00000178188,SH2B1,Unknown
1410,ENSG00000196655,TRAPPC4,Unknown
1411,ENSG00000196498,NCOR2,Driver
1412,ENSG00000101144,BMP7,Unknown
1413,ENSG00000171243,SOSTDC1,Unknown
1414,ENSG00000248333,CDK11B,Unknown
1415,ENSG00000184937,WT1,Driver
1416,ENSG00000169047,IRS1,Unknown
1417,ENSG00000071051,NCK2,Unknown
1418,ENSG00000069399,BCL3,Driver
1419,ENSG00000037280,FLT4,Driver
1420,ENSG00000150630,VEGFC,Driver
1421,ENSG00000124882,EREG,Driver
1422,ENSG00000131558,EXOC4,Unknown
1423,ENSG00000180104,EXOC3,Unknown
1424,ENSG00000151725,CENPU,Non-driver
1425,ENSG00000160691,SHC1,Unknown
1426,ENSG00000105701,FKBP8,Unknown
1427,ENSG00000185591,SP1,Unknown
1428,ENSG00000269335,IKBKG,Unknown
1429,ENSG00000145431,PDGFC,Unknown
1430,ENSG00000141052,MYOCD,Unknown
1431,ENSG00000177565,TBL1XR1,Driver
1432,ENSG00000101849,TBL1X,Unknown
1433,ENSG00000123159,GIPC1,Non-driver
1434,ENSG00000058272,PPP1R12A,Unknown
1435,ENSG00000213639,PPP1CB,Unknown
1436,ENSG00000132604,TERF2,Unknown
1437,ENSG00000099956,SMARCB1,Driver
1438,ENSG00000116604,MEF2D,Unknown
1439,ENSG00000099991,CABIN1,Unknown
1440,ENSG00000162337,LRP5,Unknown
1441,ENSG00000165197,VEGFD,Non-driver
1442,ENSG00000147526,TACC1,Unknown
1443,ENSG00000100592,DAAM1,Unknown
1444,ENSG00000073584,SMARCE1,Driver
1445,ENSG00000073282,TP63,Driver
1446,ENSG00000278114,MUC20,Unknown
1447,ENSG00000106991,ENG,Unknown
1448,ENSG00000115884,SDC1,Unknown
1449,ENSG00000111664,GNB3,Unknown
1450,ENSG00000167083,GNGT2,Unknown
1451,ENSG00000178573,MAF,Driver
1452,ENSG00000119335,SET,Driver
1453,ENSG00000173801,JUP,Unknown
1454,ENSG00000096696,DSP,Unknown
1455,ENSG00000137834,SMAD6,Unknown
1456,ENSG00000183207,RUVBL2,Unknown
1457,ENSG00000173511,VEGFB,Unknown
1458,ENSG00000150907,FOXO1,Driver
1459,ENSG00000184371,CSF1,Unknown
1460,ENSG00000182578,CSF1R,Driver
1461,ENSG00000166888,STAT6,Driver
1462,ENSG00000173193,PARP14,Unknown
1463,ENSG00000137265,IRF4,Driver
1464,ENSG00000050748,MAPK9,Unknown
1465,ENSG00000072736,NFATC3,Unknown
1466,ENSG00000163956,LRPAP1,Unknown
1467,ENSG00000169856,ONECUT1,Unknown
1468,ENSG00000276971,TRPV6,Unknown
1469,ENSG00000109332,UBE2D3,Unknown
1470,ENSG00000137841,PLCB2,Unknown
1471,ENSG00000163932,PRKCD,Unknown
1472,ENSG00000116106,EPHA4,Unknown
1473,ENSG00000118260,CREB1,Driver
1474,ENSG00000204628,RACK1,Non-driver
1475,ENSG00000115306,SPTBN1,Unknown
1476,ENSG00000177302,TOP3A,Unknown
1477,ENSG00000197299,BLM,Driver
1478,ENSG00000162772,ATF3,Unknown
1479,ENSG00000108262,GIT1,Unknown
1480,ENSG00000102606,ARHGEF7,Unknown
1481,ENSG00000138039,LHCGR,Unknown
1482,ENSG00000284901,RUVBL1,Unknown
1483,ENSG00000183337,BCOR,Driver
1484,ENSG00000171450,CDK5R2,Unknown
1485,ENSG00000121022,COPS5,Unknown
1486,ENSG00000154473,BUB3,Unknown
1487,ENSG00000169679,BUB1,Unknown
1488,ENSG00000164342,TLR3,Unknown
1489,ENSG00000127666,TICAM1,Unknown
1490,ENSG00000171552,BCL2L1,Driver
1491,ENSG00000069966,GNB5,Unknown
1492,ENSG00000131788,PIAS3,Unknown
1493,ENSG00000282130,NSMCE3,Unknown
1494,ENSG00000101412,E2F1,Driver
1495,ENSG00000170962,PDGFD,Unknown
1496,ENSG00000134954,ETS1,Driver
1497,ENSG00000161888,SPC24,Unknown
1498,ENSG00000080986,NDC80,Unknown
1499,ENSG00000185737,NRG3,Unknown
1500,ENSG00000182957,SPATA13,Unknown
1501,ENSG00000112062,MAPK14,Unknown
1502,ENSG00000131196,NFATC1,Unknown
1503,ENSG00000081189,MEF2C,Unknown
1504,ENSG00000170289,CNGB3,Unknown
1505,ENSG00000144191,CNGA3,Unknown
1506,ENSG00000105221,AKT2,Driver
1507,ENSG00000135547,HEY2,Unknown
1508,ENSG00000133216,EPHB2,Unknown
1509,ENSG00000157933,SKI,Driver
1510,ENSG00000150593,PDCD4,Unknown
1511,ENSG00000196961,AP2A1,Unknown
1512,ENSG00000161203,AP2M1,Unknown
1513,ENSG00000147044,CASK,Unknown
1514,ENSG00000158458,NRG2,Unknown
1515,ENSG00000188130,MAPK12,Unknown
1516,ENSG00000101400,SNTA1,Unknown
1517,ENSG00000186625,KATNA1,Unknown
1518,ENSG00000125538,IL1B,Driver
1519,ENSG00000097007,ABL1,Driver
1520,ENSG00000187555,USP7,Unknown
1521,ENSG00000206279,DAXX,Driver
1522,ENSG00000061273,HDAC7,Unknown
1523,ENSG00000130726,TRIM28,Unknown
1524,ENSG00000144485,HES6,Unknown
1525,ENSG00000123124,WWP1,Unknown
1526,ENSG00000138755,CXCL9,Unknown
1527,ENSG00000179348,GATA2,Driver
1528,ENSG00000164362,TERT,Driver
1529,ENSG00000044115,CTNNA1,Unknown
1530,ENSG00000068903,SIRT2,Unknown
1531,ENSG00000253293,HOXA10,Unknown
1532,ENSG00000121671,CRY2,Unknown
1533,ENSG00000072803,FBXW11,Unknown
1534,ENSG00000184481,FOXO4,Driver
1535,ENSG00000160014,CALM3,Unknown
1536,ENSG00000172020,GAP43,Unknown
1537,ENSG00000113712,CSNK1A1,Unknown
1538,ENSG00000100567,PSMA3,Unknown
1539,ENSG00000126561,STAT5A,Unknown
1540,ENSG00000092820,EZR,Driver
1541,ENSG00000065717,TLE2,Unknown
1542,ENSG00000120798,NR2C1,Unknown
1543,ENSG00000075711,DLG1,Unknown
1544,ENSG00000253729,PRKDC,Unknown
1545,ENSG00000152457,DCLRE1C,Unknown
1546,ENSG00000288401,CTTN,Unknown
1547,ENSG00000131910,NR0B2,Unknown
1548,ENSG00000185950,IRS2,Unknown
1549,ENSG00000140044,JDP2,Unknown
1550,ENSG00000124440,HIF3A,Unknown
1551,ENSG00000169071,ROR2,Unknown
1552,ENSG00000143384,MCL1,Unknown
1553,ENSG00000079841,RIMS1,Unknown
1554,ENSG00000198722,UNC13B,Non-driver
1555,ENSG00000140009,ESR2,Driver
1556,ENSG00000131981,LGALS3,Driver
1557,ENSG00000147099,HDAC8,Unknown
1558,ENSG00000198952,SMG5,Unknown
1559,ENSG00000056558,TRAF1,Unknown
1560,ENSG00000138964,PARVG,Unknown
1561,ENSG00000198901,PRC1,Unknown
1562,ENSG00000140350,ANP32A,Unknown
1563,ENSG00000182636,NDN,Unknown
1564,ENSG00000160633,SAFB,Unknown
1565,ENSG00000089220,PEBP1,Unknown
1566,ENSG00000281766,RYBP,Unknown
1567,ENSG00000027869,SH2D2A,Unknown
1568,ENSG00000169967,MAP3K2,Unknown
1569,ENSG00000065618,COL17A1,Unknown
1570,ENSG00000139687,RB1,Driver
1571,ENSG00000118971,CCND2,Driver
1572,ENSG00000160791,CCR5,Unknown
1573,ENSG00000197386,HTT,Unknown
1574,ENSG00000106211,HSPB1,Unknown
1575,ENSG00000014216,CAPN1,Unknown
1576,ENSG00000126247,CAPNS1,Unknown
1577,ENSG00000184500,PROS1,Unknown
1578,ENSG00000110711,AIP,Unknown
1579,ENSG00000162909,CAPN2,Unknown
1580,ENSG00000141655,TNFRSF11A,Unknown
1581,ENSG00000120659,TNFSF11,Unknown
1582,ENSG00000171476,HOPX,Unknown
1583,ENSG00000259384,GH1,Unknown
1584,ENSG00000110934,BIN2,Unknown
1585,ENSG00000048052,HDAC9,Unknown
1586,ENSG00000198821,CD247,Unknown
1587,ENSG00000204217,BMPR2,Unknown
1588,ENSG00000107779,BMPR1A,Driver
1589,ENSG00000140443,IGF1R,Driver
1590,ENSG00000136603,SKIL,Unknown
1591,ENSG00000168398,BDKRB2,Unknown
1592,ENSG00000170581,STAT2,Unknown
1593,ENSG00000159692,CTBP1,Unknown
1594,ENSG00000285109,GATA4,Unknown
1595,ENSG00000183072,NKX2-5,Unknown
1596,ENSG00000003402,CFLAR,Unknown
1597,ENSG00000111348,ARHGDIB,Unknown
1598,ENSG00000067560,RHOA,Driver
1599,ENSG00000141456,PELP1,Unknown
1600,ENSG00000163599,CTLA4,Unknown
1601,ENSG00000065361,ERBB3,Driver
1602,ENSG00000196132,MYT1,Unknown
1603,ENSG00000186951,PPARA,Unknown
1604,ENSG00000185291,IL3RA,Unknown
1605,ENSG00000174697,LEP,Unknown
1606,ENSG00000101773,RBBP8,Unknown
1607,ENSG00000135218,CD36,Unknown
1608,ENSG00000128245,YWHAH,Unknown
1609,ENSG00000159110,IFNAR2,Unknown
1610,ENSG00000080839,RBL1,Unknown
1611,ENSG00000116044,NFE2L2,Driver
1612,ENSG00000079999,KEAP1,Driver
1613,ENSG00000164690,SHH,Unknown
1614,ENSG00000144891,AGTR1,Unknown
1615,ENSG00000121966,CXCR4,Driver
1616,ENSG00000134480,CCNH,Unknown
1617,ENSG00000134058,CDK7,Unknown
1618,ENSG00000123908,AGO2,Unknown
1619,ENSG00000100697,DICER1,Driver
1620,ENSG00000016490,CLCA1,Unknown
1621,ENSG00000164078,MST1R,Driver
1622,ENSG00000168028,RPSA,Unknown
1623,ENSG00000151914,DST,Unknown
1624,ENSG00000178209,PLEC,Unknown
1625,ENSG00000136238,RAC1,Driver
1626,ENSG00000112851,ERBIN,Unknown
1627,ENSG00000026025,VIM,Driver
1628,ENSG00000177697,CD151,Unknown
1629,ENSG00000176105,YES1,Unknown
1630,ENSG00000134308,YWHAQ,Non-driver
1631,ENSG00000242372,EIF6,Unknown
1632,ENSG00000166813,KIF7,Unknown
1633,ENSG00000117425,PTCH2,Unknown
1634,ENSG00000173020,GRK2,Unknown
1635,ENSG00000157540,DYRK1A,Unknown
1636,ENSG00000163482,STK36,Unknown
1637,ENSG00000235568,NFAM1,Unknown
1638,ENSG00000115085,ZAP70,Unknown
1639,ENSG00000165025,SYK,Driver
1640,ENSG00000111859,NEDD9,Unknown
1641,ENSG00000115935,WIPF1,Unknown
1642,ENSG00000116473,RAP1A,Unknown
1643,ENSG00000068831,RASGRP2,Unknown
1644,ENSG00000110448,CD5,Unknown
1645,ENSG00000155926,SLA,Unknown
1646,ENSG00000113263,ITK,Driver
1647,ENSG00000160856,FCRL3,Non-driver
1648,ENSG00000154016,GRAP,Non-driver
1649,ENSG00000141293,SKAP1,Unknown
1650,ENSG00000172575,RASGRP1,Unknown
1651,ENSG00000079805,DNM2,Driver
1652,ENSG00000198286,CARD11,Driver
1653,ENSG00000139436,GIT2,Non-driver
1654,ENSG00000125753,VASP,Unknown
1655,ENSG00000154380,ENAH,Unknown
1656,ENSG00000196405,EVL,Unknown
1657,ENSG00000232575,TUBB,Unknown
1658,ENSG00000070159,PTPN3,Unknown
1659,ENSG00000108861,DUSP3,Unknown
1660,ENSG00000163519,TRAT1,Unknown
1661,ENSG00000127947,PTPN12,Unknown
1662,ENSG00000074966,TXK,Unknown
1663,ENSG00000185499,MUC1,Driver
1664,ENSG00000015285,WAS,Driver
1665,ENSG00000005020,SKAP2,Unknown
1666,ENSG00000115053,NCL,Unknown
1667,ENSG00000109103,UNC119,Unknown
1668,ENSG00000101082,SLA2,Unknown
1669,ENSG00000095370,SH2D3C,Unknown
1670,ENSG00000107338,SHB,Unknown
1671,ENSG00000127824,TUBA4A,Unknown
1672,ENSG00000134215,VAV3,Unknown
1673,ENSG00000023892,DEF6,Unknown
1674,ENSG00000198087,CD2AP,Unknown
1675,ENSG00000122188,LAX1,Non-driver
1676,ENSG00000080031,PTPRH,Driver
1677,ENSG00000113594,LIFR,Driver
1678,ENSG00000198793,MTOR,Driver
1679,ENSG00000099985,OSM,Unknown
1680,ENSG00000276536,HRAS,Driver
1681,ENSG00000121853,GHSR,Unknown
1682,ENSG00000124089,MC3R,Unknown
1683,ENSG00000184845,DRD1,Unknown
1684,ENSG00000147246,HTR2C,Unknown
1685,ENSG00000114353,GNAI2,Unknown
1686,ENSG00000157017,GHRL,Unknown
1687,ENSG00000123901,GPR83,Unknown
1688,ENSG00000162009,SSTR5,Unknown
1689,ENSG00000137486,ARRB1,Unknown
1690,ENSG00000165119,HNRNPK,Unknown
1691,ENSG00000070190,DAPP1,Unknown
1692,ENSG00000101336,HCK,Unknown
1693,ENSG00000182022,CHST15,Unknown
1694,ENSG00000160293,VAV2,Unknown
1695,ENSG00000105369,CD79A,Driver
1696,ENSG00000007312,CD79B,Driver
1697,ENSG00000086730,LAT2,Unknown
1698,ENSG00000010671,BTK,Driver
1699,ENSG00000166908,PIP4K2C,Unknown
1700,ENSG00000276293,PIP4K2B,Unknown
1701,,IGHM,Unknown
1702,ENSG00000012124,CD22,Unknown
1703,ENSG00000143398,PIP5K1A,Unknown
1704,ENSG00000072135,PTPN18,Unknown
1705,ENSG00000035720,STAP1,Unknown
1706,ENSG00000107242,PIP5K1B,Unknown
1707,ENSG00000184304,PRKD1,Unknown
1708,ENSG00000072694,FCGR2B,Driver
1709,ENSG00000285369,BLK,Unknown
1710,ENSG00000166501,PRKCB,Driver
1711,ENSG00000263001,GTF2I,Unknown
1712,ENSG00000120088,CRHR1,Unknown
1713,ENSG00000087460,GNAS,Driver
1714,ENSG00000088256,GNA11,Driver
1715,ENSG00000087258,GNAO1,Unknown
1716,ENSG00000198055,GRK6,Unknown
1717,ENSG00000127955,GNAI1,Unknown
1718,ENSG00000159069,FBXW5,Unknown
1719,ENSG00000070061,ELP1,Non-driver
1720,ENSG00000119414,PPP6C,Driver
1721,ENSG00000198001,IRAK4,Unknown
1722,ENSG00000196083,IL1RAP,Unknown
1723,ENSG00000157625,TAB3,Unknown
1724,ENSG00000197329,PELI1,Unknown
1725,ENSG00000232960,CSNK2B,Unknown
1726,ENSG00000082898,XPO1,Driver
1727,ENSG00000132341,RAN,Unknown
1728,ENSG00000108829,LRRC59,Unknown
1729,ENSG00000172500,FIBP,Unknown
1730,ENSG00000176170,SPHK1,Unknown
1731,ENSG00000230514,AGER,Unknown
1732,ENSG00000147065,MSN,Driver
1733,ENSG00000067900,ROCK1,Unknown
1734,ENSG00000173757,STAT5B,Driver
1735,ENSG00000108443,RPS6KB1,Unknown
1736,ENSG00000123609,NMI,Unknown
1737,ENSG00000136156,ITM2B,Unknown
1738,ENSG00000134460,IL2RA,Unknown
1739,ENSG00000127831,VIL1,Unknown
1740,ENSG00000182511,FES,Driver
1741,ENSG00000120833,SOCS2,Non-driver
1742,ENSG00000153094,BCL2L11,Unknown
1743,ENSG00000196628,TCF4,Unknown
1744,ENSG00000184502,GAST,Non-driver
1745,ENSG00000124151,NCOA3,Driver
1746,ENSG00000197157,SND1,Driver
1747,ENSG00000113520,IL4,Unknown
1748,ENSG00000185338,SOCS1,Driver
1749,,HIST3H3,Unknown
1750,ENSG00000124766,SOX4,Unknown
1751,ENSG00000065559,MAP2K4,Driver
1752,ENSG00000087095,NLK,Non-driver
1753,ENSG00000104432,IL7,Unknown
1754,ENSG00000013561,RNF14,Unknown
1755,ENSG00000172531,PPP1CA,Unknown
1756,ENSG00000167333,TRIM68,Unknown
1757,ENSG00000105401,CDC37,Unknown
1758,ENSG00000184895,SRY,Unknown
1759,,AES,Unknown
1760,ENSG00000114166,KAT2B,Non-driver
1761,ENSG00000151729,SLC25A4,Unknown
1762,ENSG00000108654,DDX5,Driver
1763,ENSG00000160310,PRMT2,Non-driver
1764,ENSG00000063978,RNF4,Unknown
1765,ENSG00000165671,NSD1,Driver
1766,ENSG00000186976,EFCAB6,Non-driver
1767,ENSG00000197321,SVIL,Unknown
1768,ENSG00000108175,ZMIZ1,Unknown
1769,ENSG00000144747,TMF1,Unknown
1770,ENSG00000115641,FHL2,Unknown
1771,ENSG00000101224,CDC25B,Unknown
1772,ENSG00000101158,NELFCD,Non-driver
1773,ENSG00000109685,NSD2,Driver
1774,ENSG00000129514,FOXA1,Driver
1775,ENSG00000107077,KDM4C,Unknown
1776,ENSG00000115548,KDM3A,Driver
1777,ENSG00000100105,PATZ1,Driver
1778,ENSG00000170606,HSPA4,Unknown
1779,ENSG00000107262,BAG1,Unknown
1780,ENSG00000078725,BRINP1,Unknown
1781,ENSG00000185247,MAGEA11,Unknown
1782,ENSG00000146587,RBAK,Unknown
1783,ENSG00000135940,COX5B,Unknown
1784,ENSG00000122515,ZMIZ2,Unknown
1785,ENSG00000136504,KAT7,Driver
1786,ENSG00000110768,GTF2H1,Unknown
1787,ENSG00000266412,NCOA4,Driver
1788,ENSG00000140682,TGFB1I1,Unknown
1789,ENSG00000164045,CDC25A,Unknown
1790,ENSG00000134248,LAMTOR5,Unknown
1791,ENSG00000124664,SPDEF,Unknown
1792,ENSG00000147140,NONO,Driver
1793,ENSG00000177426,TGIF1,Unknown
1794,ENSG00000169375,SIN3A,Unknown
1795,ENSG00000132437,DDC,Unknown
1796,ENSG00000126457,PRMT1,Unknown
1797,ENSG00000105229,PIAS4,Unknown
1798,ENSG00000146278,PNRC1,Unknown
1799,ENSG00000168066,SF1,Unknown
1800,ENSG00000117450,PRDX1,Unknown
1801,ENSG00000110031,LPXN,Unknown
1802,ENSG00000273173,SNURF,Non-driver
1803,ENSG00000106546,AHR,Unknown
1804,ENSG00000167657,DAPK3,Unknown
1805,ENSG00000169750,RAC3,Unknown
1806,ENSG00000137992,DBT,Unknown
1807,ENSG00000177463,NR2C2,Unknown
1808,ENSG00000148180,GSN,Unknown
1809,ENSG00000083799,CYLD,Driver
1810,ENSG00000131100,ATP6V1E1,Unknown
1811,ENSG00000082512,TRAF5,Unknown
1812,ENSG00000260548,IRS4,Driver
1813,ENSG00000172572,PDE3A,Unknown
1814,ENSG00000132693,CRP,Driver
1815,ENSG00000163399,ATP1A1,Driver
1816,ENSG00000165409,TSHR,Driver
1817,ENSG00000065135,GNAI3,Unknown
1818,ENSG00000170820,FSHR,Unknown
1819,ENSG00000239697,TNFSF12,Unknown
1820,ENSG00000006327,TNFRSF12A,Unknown
1821,ENSG00000177575,CD163,Unknown
1822,ENSG00000198681,MAGEA1,Unknown
1823,ENSG00000138433,CIR1,Unknown
1824,ENSG00000022267,FHL1,Unknown
1825,ENSG00000184384,MAML2,Driver
1826,ENSG00000196782,MAML3,Unknown
1827,ENSG00000164105,SAP30,Unknown
1828,ENSG00000283780,MAML1,Unknown
1829,ENSG00000109670,FBXW7,Driver
1830,ENSG00000113558,SKP1,Unknown
1831,ENSG00000231115,RING1,Unknown
1832,ENSG00000223654,FLOT1,Unknown
1833,ENSG00000132589,FLOT2,Unknown
1834,ENSG00000281877,RPS6KA1,Unknown
1835,ENSG00000071242,RPS6KA2,Unknown
1836,ENSG00000165458,INPPL1,Unknown
1837,ENSG00000169891,REPS2,Unknown
1838,ENSG00000142273,CBLC,Driver
1839,ENSG00000143333,RGS16,Unknown
1840,ENSG00000168374,ARF4,Unknown
1841,ENSG00000111057,KRT18,Unknown
1842,ENSG00000149480,MTA2,Unknown
1843,ENSG00000136044,APPL2,Unknown
1844,ENSG00000034152,MAP2K3,Unknown
1845,ENSG00000127946,HIP1,Driver
1846,ENSG00000166225,FRS2,Unknown
1847,ENSG00000138193,PLCE1,Unknown
1848,ENSG00000105971,CAV2,Unknown
1849,ENSG00000140600,SH3GL3,Unknown
1850,ENSG00000106976,DNM1,Unknown
1851,ENSG00000156508,EEF1A1,Unknown
1852,ENSG00000109917,ZPR1,Unknown
1853,ENSG00000166484,MAPK7,Unknown
1854,ENSG00000153233,PTPRR,Unknown
1855,ENSG00000017797,RALBP1,Unknown
1856,ENSG00000144118,RALB,Unknown
1857,ENSG00000108946,PRKAR1A,Driver
1858,ENSG00000061938,TNK2,Unknown
1859,ENSG00000070831,CDC42,Unknown
1860,ENSG00000133056,PIK3C2B,Unknown
1861,ENSG00000144730,IL17RD,Unknown
1862,ENSG00000116285,ERRFI1,Unknown
1863,ENSG00000174238,PITPNA,Unknown
1864,ENSG00000065243,PKN2,Unknown
1865,ENSG00000129219,PLD2,Unknown
1866,ENSG00000140575,IQGAP1,Unknown
1867,ENSG00000288293,CC2D1A,Unknown
1868,ENSG00000133703,KRAS,Driver
1869,ENSG00000095015,MAP3K1,Driver
1870,ENSG00000115290,GRB14,Unknown
1871,ENSG00000160271,RALGDS,Driver
1872,ENSG00000141738,GRB7,Unknown
1873,ENSG00000144566,RAB5A,Unknown
1874,ENSG00000174791,RIN1,Non-driver
1875,ENSG00000137218,FRS3,Non-driver
1876,ENSG00000188313,PLSCR1,Unknown
1877,ENSG00000128422,KRT17,Unknown
1878,ENSG00000170421,KRT8,Unknown
1879,ENSG00000137764,MAP2K5,Unknown
1880,ENSG00000163558,PRKCI,Unknown
1881,ENSG00000135480,KRT7,Unknown
1882,ENSG00000125743,SNRPD2,Unknown
1883,ENSG00000204842,ATXN2,Unknown
1884,ENSG00000076201,PTPN23,Unknown
1885,ENSG00000145901,TNIP1,Unknown
1886,ENSG00000076984,MAP2K7,Unknown
1887,ENSG00000085511,MAP3K4,Unknown
1888,ENSG00000158711,ELK4,Driver
1889,ENSG00000283060,ID3,Driver
1890,ENSG00000115738,ID2,Unknown
1891,ENSG00000111145,ELK3,Unknown
1892,ENSG00000172201,ID4,Unknown
1893,ENSG00000103479,RBL2,Unknown
1894,ENSG00000196092,PAX5,Driver
1895,ENSG00000159352,PSMD4,Unknown
1896,ENSG00000166794,PPIB,Unknown
1897,ENSG00000164615,CAMLG,Unknown
1898,ENSG00000170027,YWHAG,Unknown
1899,ENSG00000136098,NEK3,Unknown
1900,ENSG00000151090,THRB,Unknown
1901,ENSG00000151849,CENPJ,Unknown
1902,ENSG00000007264,MATK,Unknown
1903,ENSG00000000938,FGR,Unknown
1904,ENSG00000166068,SPRED1,Unknown
1905,ENSG00000198369,SPRED2,Unknown
1906,ENSG00000197323,TRIM33,Driver
1907,ENSG00000114520,SNX4,Unknown
1908,ENSG00000129515,SNX6,Unknown
1909,ENSG00000111424,VDR,Driver
1910,ENSG00000163877,SNIP1,Unknown
1911,ENSG00000100614,PPM1A,Unknown
1912,ENSG00000132953,XPO4,Unknown
1913,ENSG00000102974,CTCF,Driver
1914,ENSG00000126883,NUP214,Driver
1915,ENSG00000166887,VPS39,Unknown
1916,ENSG00000157077,ZFYVE9,Unknown
1917,ENSG00000272886,DCP1A,Unknown
1918,ENSG00000066136,NFYC,Unknown
1919,ENSG00000120837,NFYB,Unknown
1920,ENSG00000169554,ZEB2,Unknown
1921,ENSG00000006125,AP2B1,Unknown
1922,ENSG00000125971,DYNLRB1,Unknown
1923,ENSG00000023734,STRAP,Unknown
1924,ENSG00000130177,CDC16,Unknown
1925,ENSG00000176396,EID2,Unknown
1926,ENSG00000004897,CDC27,Unknown
1927,ENSG00000078399,HOXA9,Driver
1928,ENSG00000221914,PPP2R2A,Non-driver
1929,ENSG00000108984,MAP2K6,Unknown
1930,ENSG00000133740,E2F5,Unknown
1931,ENSG00000119699,TGFB3,Unknown
1932,ENSG00000114302,PRKAR2A,Unknown
1933,ENSG00000188191,PRKAR1B,Unknown
1934,ENSG00000170604,IRF2BP1,Unknown
1935,ENSG00000101076,HNF4A,Unknown
1936,ENSG00000125398,SOX9,Driver
1937,ENSG00000105325,FZR1,Non-driver
1938,ENSG00000026508,CD44,Driver
1939,ENSG00000084623,EIF3I,Unknown
1940,ENSG00000118046,STK11,Driver
1941,ENSG00000144589,STK11IP,Unknown
1942,ENSG00000001167,NFYA,Unknown
1943,ENSG00000148516,ZEB1,Driver
1944,ENSG00000168589,DYNLRB2,Unknown
1945,ENSG00000124789,NUP153,Unknown
1946,ENSG00000181191,PJA1,Unknown
1947,ENSG00000039319,ZFYVE16,Unknown
1948,ENSG00000184221,OLIG1,Unknown
1949,ENSG00000168556,ING2,Unknown
1950,ENSG00000169783,LINGO1,Unknown
1951,ENSG00000134243,SORT1,Unknown
1952,ENSG00000185634,SHC4,Unknown
1953,ENSG00000073969,NSF,Unknown
1954,ENSG00000174804,FZD4,Unknown
1955,ENSG00000126583,PRKCG,Unknown
1956,ENSG00000125084,WNT1,Unknown
1957,ENSG00000188763,FZD9,Unknown
1958,ENSG00000105989,WNT2,Unknown
1959,ENSG00000164930,FZD6,Unknown
1960,ENSG00000104332,SFRP1,Unknown
1961,ENSG00000182968,SOX1,Unknown
1962,ENSG00000107404,DVL1,Unknown
1963,ENSG00000155760,FZD7,Unknown
1964,ENSG00000277626,WNT3,Unknown
1965,ENSG00000155252,PI4K2A,Unknown
1966,ENSG00000104290,FZD3,Unknown
1967,ENSG00000116128,BCL9,Driver
1968,ENSG00000162552,WNT4,Unknown
1969,ENSG00000123384,LRP1,Unknown
1970,ENSG00000154764,WNT7A,Unknown
1971,ENSG00000163251,FZD5,Unknown
1972,ENSG00000185483,ROR1,Unknown
1973,ENSG00000150764,DIXDC1,Unknown
1974,ENSG00000096384,HSP90AB1,Driver
1975,ENSG00000104365,IKBKB,Driver
1976,ENSG00000282905,NFKBIB,Unknown
1977,ENSG00000145703,IQGAP2,Unknown
1978,ENSG00000161057,PSMC2,Unknown
1979,ENSG00000102871,TRADD,Unknown
1980,ENSG00000102753,KPNA3,Unknown
1981,ENSG00000100804,PSMB5,Unknown
1982,ENSG00000185104,FAF1,Unknown
1983,ENSG00000100764,PSMC1,Unknown
1984,ENSG00000137054,POLR1E,Non-driver
1985,ENSG00000171453,POLR1C,Unknown
1986,ENSG00000053918,KCNQ1,Unknown
1987,ENSG00000110700,RPS13,Unknown
1988,ENSG00000089009,RPL6,Unknown
1989,ENSG00000263528,IKBKE,Unknown
1990,ENSG00000136560,TANK,Unknown
1991,ENSG00000096060,FKBP5,Unknown
1992,ENSG00000176046,NUPR1,Unknown
1993,ENSG00000074266,EED,Driver
1994,ENSG00000103056,SMPD3,Non-driver
1995,ENSG00000025800,KPNA6,Unknown
1996,ENSG00000075391,RASAL2,Unknown
1997,ENSG00000138757,G3BP2,Non-driver
1998,ENSG00000168884,TNIP2,Unknown
1999,ENSG00000173163,COMMD1,Unknown
2000,ENSG00000173692,PSMD1,Unknown
2001,ENSG00000197170,PSMD12,Unknown
2002,ENSG00000163636,PSMD6,Unknown
2003,ENSG00000076604,TRAF4,Unknown
2004,ENSG00000142534,RPS11,Unknown
2005,ENSG00000173473,SMARCC1,Unknown
2006,ENSG00000185627,PSMD13,Unknown
2007,ENSG00000108344,PSMD3,Unknown
2008,ENSG00000184432,COPB2,Unknown
2009,ENSG00000141030,COPS3,Unknown
2010,ENSG00000124602,UNC5CL,Unknown
2011,ENSG00000139613,SMARCC2,Unknown
2012,ENSG00000104881,PPP1R13L,Unknown
2013,ENSG00000105127,AKAP8,Unknown
2014,ENSG00000136518,ACTL6A,Unknown
2015,ENSG00000161016,RPL8,Unknown
2016,ENSG00000105202,FBL,Unknown
2017,ENSG00000156482,RPL30,Unknown
2018,ENSG00000174444,RPL4,Unknown
2019,ENSG00000133884,DPF2,Unknown
2020,ENSG00000131653,TRAF7,Driver
2021,ENSG00000148396,SEC16A,Unknown
2022,ENSG00000100991,TRPC4AP,Unknown
2023,ENSG00000126777,KTN1,Driver
2024,ENSG00000101255,TRIB3,Unknown
2025,ENSG00000125995,ROMO1,Non-driver
2026,ENSG00000123091,RNF11,Unknown
2027,ENSG00000103035,PSMD7,Unknown
2028,ENSG00000165916,PSMC3,Unknown
2029,ENSG00000068654,POLR1A,Unknown
2030,ENSG00000071994,PDCD2,Unknown
2031,ENSG00000143256,PFDN2,Unknown
2032,ENSG00000171444,MCC,Unknown
2033,ENSG00000138095,LRPPRC,Unknown
2034,ENSG00000085760,MTIF2,Unknown
2035,ENSG00000036672,USP2,Non-driver
2036,ENSG00000106144,CASP2,Unknown
2037,ENSG00000168067,MAP4K2,Unknown
2038,ENSG00000102226,USP11,Unknown
2039,ENSG00000090863,GLG1,Unknown
2040,ENSG00000090060,PAPOLA,Unknown
2041,ENSG00000186184,POLR1D,Unknown
2042,ENSG00000135002,RFK,Unknown
2043,ENSG00000175166,PSMD2,Unknown
2044,ENSG00000215301,DDX3X,Driver
2045,ENSG00000119401,TRIM32,Unknown
2046,ENSG00000166508,MCM7,Unknown
2047,ENSG00000100297,MCM5,Unknown
2048,ENSG00000163481,RNF25,Unknown
2049,ENSG00000162551,ALPL,Unknown
2050,ENSG00000163882,POLR2H,Unknown
2051,ENSG00000177700,POLR2L,Unknown
2052,ENSG00000125630,POLR1B,Unknown
2053,ENSG00000136485,DCAF7,Non-driver
2054,ENSG00000072518,MARK2,Unknown
2055,ENSG00000100784,RPS6KA5,Unknown
2056,ENSG00000144802,NFKBIZ,Unknown
2057,ENSG00000017427,IGF1,Driver
2058,ENSG00000090020,SLC9A1,Unknown
2059,ENSG00000169252,ADRB2,Unknown
2060,ENSG00000131095,GFAP,Unknown
2061,ENSG00000100412,ACO2,Unknown
2062,ENSG00000099995,SF3A1,Unknown
2063,ENSG00000012504,NR1H4,Unknown
2064,ENSG00000125503,PPP1R12C,Unknown
2065,ENSG00000138802,SEC24B,Unknown
2066,ENSG00000123240,OPTN,Unknown
2067,ENSG00000124733,MEA1,Unknown
2068,ENSG00000270647,TAF15,Driver
2069,ENSG00000241945,PWP2,Non-driver
2070,ENSG00000140279,DUOX2,Unknown
2071,ENSG00000072062,PRKACA,Driver
2072,ENSG00000107485,GATA3,Driver
2073,ENSG00000186652,PRG2,Unknown
2074,ENSG00000069329,VPS35,Unknown
2075,ENSG00000141543,EIF4A3,Non-driver
2076,ENSG00000121481,RNF2,Unknown
2077,,H3F3A,Driver
2078,,H3F3B,Driver
2079,ENSG00000179583,CIITA,Driver
2080,ENSG00000115840,SLC25A12,Unknown
2081,ENSG00000135047,CTSL,Unknown
2082,ENSG00000143507,DUSP10,Unknown
2083,ENSG00000100721,TCL1A,Driver
2084,ENSG00000112578,BYSL,Unknown
2085,ENSG00000178104,PDE4DIP,Unknown
2086,ENSG00000170315,UBB,Unknown
2087,ENSG00000177971,IMP3,Unknown
2088,ENSG00000133026,MYH10,Unknown
2089,ENSG00000108771,DHX58,Unknown
2090,ENSG00000105270,CLIP3,Unknown
2091,ENSG00000010318,PHF7,Non-driver
2092,ENSG00000269190,FBXO17,Unknown
2093,ENSG00000111642,CHD4,Driver
2094,ENSG00000056097,ZFR,Unknown
2095,ENSG00000100142,POLR2F,Unknown
2096,ENSG00000185787,MORF4L1,Unknown
2097,ENSG00000071243,ING3,Unknown
2098,ENSG00000122026,RPL21,Unknown
2099,ENSG00000184990,SIVA1,Non-driver
2100,ENSG00000070495,JMJD6,Unknown
2101,ENSG00000142405,NLRP12,Unknown
2102,ENSG00000144524,COPS7B,Unknown
2103,ENSG00000132970,WASF3,Unknown
2104,ENSG00000108107,RPL28,Unknown
2105,ENSG00000109339,MAPK10,Unknown
2106,ENSG00000071082,RPL31,Unknown
2107,ENSG00000082153,BZW1,Non-driver
2108,ENSG00000004838,ZMYND10,Unknown
2109,ENSG00000173267,SNCG,Unknown
2110,ENSG00000128604,IRF5,Unknown
2111,ENSG00000130303,BST2,Unknown
2112,ENSG00000274185,LILRA4,Unknown
2113,ENSG00000091592,NLRP1,Unknown
2114,ENSG00000197444,OGDHL,Unknown
2115,ENSG00000178462,TUBAL3,Non-driver
2116,ENSG00000106615,RHEB,Unknown
2117,ENSG00000112685,EXOC2,Unknown
2118,ENSG00000006451,RALA,Unknown
2119,ENSG00000116954,RRAGC,Unknown
2120,ENSG00000248746,ACTN3,Unknown
2121,ENSG00000166200,COPS2,Non-driver
2122,ENSG00000060138,YBX3,Non-driver
2123,ENSG00000092445,TYRO3,Unknown
2124,ENSG00000107874,CUEDC2,Unknown
2125,ENSG00000069667,RORA,Unknown
2126,ENSG00000087191,PSMC5,Unknown
2127,ENSG00000213928,IRF9,Non-driver
2128,ENSG00000138814,PPP3CA,Unknown
2129,ENSG00000169288,MRPL1,Unknown
2130,ENSG00000149273,RPS3,Unknown
2131,ENSG00000144028,SNRNP200,Unknown
2132,ENSG00000066044,ELAVL1,Unknown
2133,ENSG00000125347,IRF1,Unknown
2134,ENSG00000107201,DDX58,Unknown
2135,ENSG00000136153,LMO7,Unknown
2136,ENSG00000082014,SMARCD3,Unknown
2137,ENSG00000178307,TMEM11,Non-driver
2138,ENSG00000087077,TRIP6,Unknown
2139,ENSG00000103423,DNAJA3,Unknown
2140,ENSG00000197561,ELANE,Unknown
2141,ENSG00000158578,ALAS2,Unknown
2142,ENSG00000132703,APCS,Unknown
2143,ENSG00000165471,MBL2,Unknown
2144,ENSG00000050405,LIMA1,Unknown
2145,ENSG00000153201,RANBP2,Driver
2146,ENSG00000173599,PC,Unknown
2147,ENSG00000011304,PTBP1,Unknown
2148,ENSG00000105963,ADAP1,Non-driver
2149,ENSG00000100316,RPL3,Unknown
2150,ENSG00000262406,MMP12,Unknown
2151,ENSG00000102119,EMD,Unknown
2152,ENSG00000115661,STK16,Non-driver
2153,ENSG00000198668,CALM1,Unknown
2154,ENSG00000172183,ISG20,Unknown
2155,ENSG00000179562,GCC1,Unknown
2156,ENSG00000128272,ATF4,Unknown
2157,ENSG00000275796,NLRP2,Non-driver
2158,ENSG00000132530,XAF1,Unknown
2159,ENSG00000083444,PLOD1,Unknown
2160,ENSG00000221869,CEBPD,Unknown
2161,ENSG00000084463,WBP11,Unknown
2162,ENSG00000120217,CD274,Driver
2163,ENSG00000276977,PDCD1,Unknown
2164,ENSG00000089022,MAPKAPK5,Unknown
2165,ENSG00000185386,MAPK11,Non-driver
2166,ENSG00000106462,EZH2,Driver
2167,ENSG00000034713,GABARAPL2,Unknown
2168,ENSG00000234846,NEU1,Unknown
2169,ENSG00000198911,SREBF2,Unknown
2170,ENSG00000184381,PLA2G6,Unknown
2171,ENSG00000132522,GPS2,Unknown
2172,ENSG00000156265,MAP3K7CL,Non-driver
2173,ENSG00000162889,MAPKAPK2,Unknown
2174,ENSG00000129167,TPH1,Unknown
2175,ENSG00000110906,KCTD10,Unknown
2176,ENSG00000143878,RHOB,Unknown
2177,ENSG00000043591,ADRB1,Unknown
2178,ENSG00000136541,ERMN,Unknown
2179,ENSG00000107164,FUBP3,Unknown
2180,ENSG00000129083,COPB1,Unknown
2181,ENSG00000140859,KIFC3,Unknown
2182,ENSG00000079462,PAFAH1B3,Unknown
2183,ENSG00000072201,LNX1,Unknown
2184,ENSG00000178952,TUFM,Unknown
2185,ENSG00000130165,ELOF1,Non-driver
2186,ENSG00000239732,TLR9,Unknown
2187,ENSG00000052723,SIKE1,Non-driver
2188,ENSG00000100453,GZMB,Unknown
2189,ENSG00000174106,LEMD3,Unknown
2190,ENSG00000152492,CCDC50,Unknown
2191,ENSG00000225921,NOL7,Unknown
2192,ENSG00000145907,G3BP1,Unknown
2193,ENSG00000117335,CD46,Non-driver
2194,ENSG00000137309,HMGA1,Driver
2195,ENSG00000130340,SNX9,Unknown
2196,ENSG00000079739,PGM1,Unknown
2197,ENSG00000272804,KRTAP10-7,Non-driver
2198,ENSG00000164346,NSA2,Non-driver
2199,ENSG00000111640,GAPDH,Unknown
2200,ENSG00000085978,ATG16L1,Unknown
2201,ENSG00000100290,BIK,Unknown
2202,ENSG00000140379,BCL2A1,Unknown
2203,ENSG00000143556,S100A7,Driver
2204,ENSG00000073861,TBX21,Unknown
2205,ENSG00000148798,INA,Non-driver
2206,ENSG00000124214,STAU1,Unknown
2207,ENSG00000115524,SF3B1,Driver
2208,ENSG00000173327,MAP3K11,Unknown
2209,ENSG00000115946,PNO1,Non-driver
2210,ENSG00000120616,EPC1,Unknown
2211,ENSG00000117115,PADI2,Unknown
2212,ENSG00000143631,FLG,Unknown
2213,ENSG00000084674,APOB,Unknown
2214,ENSG00000175197,DDIT3,Driver
2215,ENSG00000136450,SRSF1,Unknown
2216,ENSG00000141570,CBX8,Unknown
2217,ENSG00000008988,RPS20,Unknown
2218,ENSG00000128973,CLN6,Unknown
2219,ENSG00000058262,SEC61A1,Unknown
2220,ENSG00000130811,EIF3G,Unknown
2221,ENSG00000162601,MYSM1,Unknown
2222,ENSG00000166598,HSP90B1,Unknown
2223,ENSG00000167987,VPS37C,Unknown
2224,ENSG00000121807,CCR2,Unknown
2225,ENSG00000120438,TCP1,Unknown
2226,ENSG00000171435,KSR2,Unknown
2227,ENSG00000113595,TRIM23,Unknown
2228,ENSG00000120896,SORBS3,Unknown
2229,ENSG00000170482,SLC23A1,Unknown
2230,ENSG00000104812,GYS1,Unknown
2231,ENSG00000150459,SAP18,Unknown
2232,ENSG00000188529,SRSF10,Unknown
2233,ENSG00000013364,MVP,Unknown
2234,ENSG00000162664,ZNF326,Unknown
2235,ENSG00000168310,IRF2,Unknown
2236,ENSG00000142541,RPL13A,Non-driver
2237,ENSG00000214753,HNRNPUL2,Non-driver
2238,ENSG00000088833,NSFL1C,Non-driver
2239,ENSG00000150991,UBC,Unknown
2240,ENSG00000164118,CEP44,Non-driver
2241,ENSG00000047315,POLR2B,Non-driver
2242,ENSG00000164111,ANXA5,Unknown
2243,ENSG00000008438,PGLYRP1,Non-driver
2244,ENSG00000163257,DCAF16,Non-driver
2245,ENSG00000130939,UBE4B,Unknown
2246,ENSG00000010278,CD9,Unknown
2247,ENSG00000169403,PTAFR,Unknown
2248,ENSG00000240583,AQP1,Unknown
2249,ENSG00000109906,ZBTB16,Driver
2250,ENSG00000164877,MICALL2,Non-driver
2251,ENSG00000077522,ACTN2,Unknown
2252,ENSG00000231408,LTA,Unknown
2253,ENSG00000053372,MRTO4,Non-driver
2254,ENSG00000134107,BHLHE40,Unknown
2255,ENSG00000188747,NOXA1,Unknown
2256,ENSG00000168135,KCNJ4,Unknown
2257,ENSG00000116711,PLA2G4A,Unknown
2258,ENSG00000055332,EIF2AK2,Non-driver
2259,ENSG00000129673,AANAT,Unknown
2260,ENSG00000181789,COPG1,Unknown
2261,ENSG00000130222,GADD45G,Unknown
2262,ENSG00000160339,FCN2,Unknown
2263,ENSG00000163661,PTX3,Unknown
2264,ENSG00000136709,WDR33,Unknown
2265,ENSG00000101596,SMCHD1,Unknown
2266,ENSG00000138764,CCNG2,Unknown
2267,ENSG00000172809,RPL38,Unknown
2268,ENSG00000170634,ACYP2,Unknown
2269,ENSG00000110169,HPX,Unknown
2270,ENSG00000005022,SLC25A5,Unknown
2271,ENSG00000263465,SRSF8,Unknown
2272,ENSG00000007952,NOX1,Unknown
2273,ENSG00000106538,RARRES2,Unknown
2274,ENSG00000178028,DMAP1,Non-driver
2275,ENSG00000144635,DYNC1LI1,Unknown
2276,ENSG00000149534,MS4A2,Unknown
2277,ENSG00000145649,GZMA,Unknown
2278,ENSG00000173641,HSPB7,Unknown
2279,ENSG00000156711,MAPK13,Non-driver
2280,ENSG00000065328,MCM10,Unknown
2281,ENSG00000108578,BLMH,Unknown
2282,ENSG00000112874,NUDT12,Non-driver
2283,ENSG00000091732,ZC3HC1,Non-driver
2284,ENSG00000213465,ARL2,Unknown
2285,ENSG00000152795,HNRNPDL,Unknown
2286,ENSG00000092067,CEBPE,Unknown
2287,ENSG00000138326,RPS24,Unknown
2288,ENSG00000213923,CSNK1E,Unknown
2289,ENSG00000186847,KRT14,Unknown
2290,ENSG00000158773,USF1,Unknown
2291,ENSG00000116251,RPL22,Driver
2292,ENSG00000169760,NLGN1,Unknown
2293,ENSG00000163512,AZI2,Unknown
2294,,QARS,Unknown
2295,ENSG00000175899,A2M,Non-driver
2296,ENSG00000169220,RGS14,Unknown
2297,ENSG00000262845,KRT40,Unknown
2298,ENSG00000105383,CD33,Unknown
2299,ENSG00000122566,HNRNPA2B1,Driver
2300,ENSG00000134419,RPS15A,Unknown
2301,ENSG00000104884,ERCC2,Driver
2302,ENSG00000075856,SART3,Unknown
2303,ENSG00000147082,CCNB3,Unknown
2304,ENSG00000090924,PLEKHG2,Unknown
2305,ENSG00000162511,LAPTM5,Unknown
2306,ENSG00000099204,ABLIM1,Non-driver
2307,ENSG00000159200,RCAN1,Unknown
2308,ENSG00000117632,STMN1,Unknown
2309,ENSG00000163694,RBM47,Non-driver
2310,ENSG00000084093,REST,Unknown
2311,ENSG00000180772,AGTR2,Unknown
2312,ENSG00000156709,AIFM1,Unknown
2313,ENSG00000143033,MTF2,Unknown
2314,ENSG00000009724,MASP2,Unknown
2315,ENSG00000085265,FCN1,Unknown
2316,ENSG00000171566,PLRG1,Unknown
2317,ENSG00000126581,BECN1,Unknown
2318,ENSG00000138642,HERC6,Non-driver
2319,ENSG00000138641,HERC3,Unknown
2320,ENSG00000168090,COPS6,Unknown
2321,ENSG00000142937,RPS8,Unknown
2322,ENSG00000127152,BCL11B,Driver
2323,ENSG00000159140,SON,Unknown
2324,ENSG00000074317,SNCB,Unknown
2325,ENSG00000101444,AHCY,Unknown
2326,ENSG00000062725,APPBP2,Unknown
2327,ENSG00000089094,KDM2B,Unknown
2328,ENSG00000205542,TMSB4X,Unknown
2329,ENSG00000166037,CEP57,Unknown
2330,ENSG00000180209,MYLPF,Unknown
2331,ENSG00000163565,IFI16,Unknown
2332,ENSG00000167460,TPM4,Driver
2333,ENSG00000198814,GK,Unknown
2334,ENSG00000123358,NR4A1,Unknown
2335,ENSG00000214944,ARHGEF28,Non-driver
2336,ENSG00000197647,ZNF433,Non-driver
2337,ENSG00000012779,ALOX5,Unknown
2338,ENSG00000116688,MFN2,Unknown
2339,ENSG00000121957,GPSM2,Unknown
2340,ENSG00000106263,EIF3B,Unknown
2341,ENSG00000100028,SNRPD3,Unknown
2342,ENSG00000019549,SNAI2,Unknown
2343,ENSG00000198932,GPRASP1,Unknown
2344,ENSG00000169567,HINT1,Unknown
2345,ENSG00000166483,WEE1,Unknown
2346,ENSG00000151846,PABPC3,Non-driver
2347,ENSG00000102010,BMX,Unknown
2348,ENSG00000159176,CSRP1,Unknown
2349,ENSG00000125691,RPL23,Unknown
2350,ENSG00000236014,VPS52,Unknown
2351,ENSG00000127837,AAMP,Unknown
2352,ENSG00000127483,HP1BP3,Unknown
2353,ENSG00000072210,ALDH3A2,Unknown
2354,ENSG00000196218,RYR1,Unknown
2355,ENSG00000130402,ACTN4,Unknown
2356,ENSG00000162191,UBXN1,Unknown
2357,ENSG00000122359,ANXA11,Unknown
2358,ENSG00000138180,CEP55,Unknown
2359,ENSG00000102081,FMR1,Unknown
2360,ENSG00000128228,SDF2L1,Unknown
2361,ENSG00000114841,DNAH1,Unknown
2362,ENSG00000143851,PTPN7,Unknown
2363,ENSG00000173889,PHC3,Non-driver
2364,ENSG00000139211,AMIGO2,Unknown
2365,ENSG00000141837,CACNA1A,Unknown
2366,ENSG00000182774,RPS17,Unknown
2367,ENSG00000177663,IL17RA,Unknown
2368,ENSG00000082516,GEMIN5,Unknown
2369,ENSG00000078114,NEBL,Unknown
2370,ENSG00000183386,FHL3,Unknown
2371,ENSG00000125977,EIF2S2,Unknown
2372,ENSG00000002834,LASP1,Driver
2373,ENSG00000136861,CDK5RAP2,Unknown
2374,ENSG00000116641,DOCK7,Unknown
2375,ENSG00000128609,NDUFA5,Unknown
2376,ENSG00000284983,DEFA1,Unknown
2377,ENSG00000285176,DEFA1B,Non-driver
2378,ENSG00000132356,PRKAA1,Unknown
2379,ENSG00000155561,NUP205,Unknown
2380,ENSG00000204308,RNF5,Unknown
2381,ENSG00000164307,ERAP1,Unknown
2382,ENSG00000147274,RBMX,Unknown
2383,ENSG00000240505,TNFRSF13B,Unknown
2384,ENSG00000121068,TBX2,Unknown
2385,ENSG00000168438,CDC40,Unknown
2386,ENSG00000175467,SART1,Unknown
2387,ENSG00000132153,DHX30,Unknown
2388,ENSG00000182287,AP1S2,Unknown
2389,ENSG00000030066,NUP160,Unknown
2390,ENSG00000124831,LRRFIP1,Unknown
2391,ENSG00000080603,SRCAP,Unknown
2392,ENSG00000145247,OCIAD2,Non-driver
2393,ENSG00000165259,HDX,Unknown
2394,ENSG00000100726,TELO2,Unknown
2395,ENSG00000100345,MYH9,Driver
2396,ENSG00000167578,RAB4B,Unknown
2397,ENSG00000186832,KRT16,Unknown
2398,ENSG00000168961,LGALS9,Unknown
2399,ENSG00000055955,ITIH4,Unknown
2400,ENSG00000122565,CBX3,Unknown
2401,ENSG00000135443,KRT85,Unknown
2402,ENSG00000285152,RNF31,Unknown
2403,ENSG00000173915,ATP5MD,Non-driver
2404,ENSG00000278161,TFPT,Driver
2405,ENSG00000185883,ATP6V0C,Unknown
2406,ENSG00000197771,MCMBP,Unknown
2407,ENSG00000145041,DCAF1,Unknown
2408,ENSG00000284881,DEFB1,Unknown
2409,ENSG00000137673,MMP7,Driver
2410,ENSG00000152240,HAUS1,Unknown
2411,ENSG00000173674,EIF1AX,Driver
2412,ENSG00000108528,SLC25A11,Unknown
2413,ENSG00000206075,SERPINB5,Non-driver
2414,ENSG00000241837,ATP5PO,Non-driver
2415,ENSG00000114107,CEP70,Unknown
2416,ENSG00000186660,ZFP91,Unknown
2417,ENSG00000108883,EFTUD2,Unknown
2418,ENSG00000137497,NUMA1,Driver
2419,ENSG00000115875,SRSF7,Unknown
2420,ENSG00000123268,ATF1,Driver
2421,ENSG00000100280,AP1B1,Unknown
2422,ENSG00000198431,TXNRD1,Unknown
2423,ENSG00000023330,ALAS1,Unknown
2424,ENSG00000104611,SH2D4A,Unknown
2425,ENSG00000170677,SOCS6,Unknown
2426,ENSG00000133112,TPT1,Unknown
2427,ENSG00000067225,PKM,Unknown
2428,,HIST1H2AE,Unknown
2429,,HIST1H2AB,Unknown
2430,ENSG00000196136,SERPINA3,Unknown
2431,ENSG00000158859,ADAMTS4,Unknown
2432,ENSG00000112559,MDFI,Unknown
2433,ENSG00000126778,SIX1,Driver
2434,ENSG00000104408,EIF3E,Driver
2435,ENSG00000185745,IFIT1,Unknown
2436,ENSG00000057149,SERPINB3,Unknown
2437,ENSG00000174123,TLR10,Unknown
2438,ENSG00000124875,CXCL6,Unknown
2439,ENSG00000144674,GOLGA4,Unknown
2440,ENSG00000254772,EEF1G,Unknown
2441,ENSG00000109061,MYH1,Unknown
2442,ENSG00000163902,RPN1,Driver
2443,ENSG00000110497,AMBRA1,Unknown
2444,ENSG00000163739,CXCL1,Unknown
2445,ENSG00000162896,PIGR,Unknown
2446,ENSG00000158856,DMTN,Non-driver
2447,ENSG00000029363,BCLAF1,Driver
2448,ENSG00000143621,ILF2,Non-driver
2449,ENSG00000125970,RALY,Non-driver
2450,ENSG00000117036,ETV3,Unknown
2451,ENSG00000198890,PRMT6,Unknown
2452,ENSG00000135363,LMO2,Driver
2453,ENSG00000167552,TUBA1A,Unknown
2454,ENSG00000118515,SGK1,Driver
2455,ENSG00000115009,CCL20,Unknown
2456,ENSG00000038427,VCAN,Unknown
2457,ENSG00000185722,ANKFY1,Unknown
2458,ENSG00000175906,ARL4D,Unknown
2459,ENSG00000168488,ATXN2L,Unknown
2460,ENSG00000168264,IRF2BP2,Unknown
2461,ENSG00000087365,SF3B2,Unknown
2462,ENSG00000135046,ANXA1,Unknown
2463,ENSG00000143761,ARF1,Unknown
2464,ENSG00000116661,FBXO2,Unknown
2465,ENSG00000140332,TLE3,Unknown
2466,ENSG00000100448,CTSG,Unknown
2467,ENSG00000276409,CCL14,Unknown
2468,ENSG00000204065,TCEAL5,Non-driver
2469,ENSG00000111641,NOP2,Non-driver
2470,ENSG00000108518,PFN1,Unknown
2471,ENSG00000127334,DYRK2,Unknown
2472,ENSG00000153048,CARHSP1,Unknown
2473,ENSG00000153879,CEBPG,Unknown
2474,ENSG00000183421,RIPK4,Unknown
2475,ENSG00000169100,SLC25A6,Unknown
2476,ENSG00000080561,MID2,Unknown
2477,ENSG00000167768,KRT1,Unknown
2478,ENSG00000111786,SRSF9,Unknown
2479,ENSG00000103710,RASL12,Non-driver
2480,ENSG00000179409,GEMIN4,Unknown
2481,ENSG00000164056,SPRY1,Unknown
2482,ENSG00000164754,RAD21,Driver
2483,ENSG00000083290,ULK2,Unknown
2484,ENSG00000175224,ATG13,Unknown
2485,ENSG00000180549,FUT7,Unknown
2486,ENSG00000284832,POLR2A,Unknown
2487,ENSG00000113719,ERGIC1,Unknown
2488,ENSG00000153157,SYCP2L,Unknown
2489,ENSG00000167996,FTH1,Unknown
2490,ENSG00000063244,U2AF2,Unknown
2491,ENSG00000008128,CDK11A,Unknown
2492,ENSG00000163660,CCNL1,Unknown
2493,ENSG00000122779,TRIM24,Driver
2494,ENSG00000183048,SLC25A10,Unknown
2495,ENSG00000011451,WIZ,Non-driver
2496,ENSG00000280962,DUSP16,Unknown
2497,ENSG00000132780,NASP,Unknown
2498,ENSG00000100065,CARD10,Unknown
2499,ENSG00000113141,IK,Unknown
2500,ENSG00000130119,GNL3L,Unknown
2501,ENSG00000143632,ACTA1,Unknown
2502,ENSG00000075618,FSCN1,Unknown
2503,ENSG00000185359,HGS,Unknown
2504,ENSG00000204673,AKT1S1,Unknown
2505,ENSG00000198682,PAPSS2,Unknown
2506,ENSG00000196730,DAPK1,Unknown
2507,ENSG00000125775,SDCBP2,Unknown
2508,ENSG00000012223,LTF,Unknown
2509,ENSG00000088986,DYNLL1,Unknown
2510,ENSG00000105357,MYH14,Unknown
2511,ENSG00000184922,FMNL1,Non-driver
2512,ENSG00000174516,PELI3,Unknown
2513,ENSG00000125845,BMP2,Unknown
2514,ENSG00000132357,CARD6,Unknown
2515,ENSG00000134970,TMED7,Non-driver
2516,ENSG00000102076,OPN1LW,Unknown
2517,ENSG00000126351,THRA,Unknown
2518,ENSG00000129654,FOXJ1,Unknown
2519,ENSG00000277594,DDX52,Unknown
2520,ENSG00000132676,DAP3,Unknown
2521,ENSG00000158560,DYNC1I1,Unknown
2522,ENSG00000083750,RRAGB,Unknown
2523,ENSG00000025039,RRAGD,Unknown
2524,ENSG00000137601,NEK1,Unknown
2525,ENSG00000118058,KMT2A,Driver
2526,ENSG00000133895,MEN1,Driver
2527,ENSG00000150687,PRSS23,Non-driver
2528,ENSG00000108679,LGALS3BP,Unknown
2529,ENSG00000174807,CD248,Unknown
2530,ENSG00000129521,EGLN3,Unknown
2531,ENSG00000171314,PGAM1,Unknown
2532,ENSG00000002587,HS3ST1,Unknown
2533,ENSG00000128340,RAC2,Unknown
2534,ENSG00000136848,DAB2IP,Unknown
2535,ENSG00000198791,CNOT7,Unknown
2536,ENSG00000132938,MTUS2,Unknown
2537,ENSG00000172005,MAL,Unknown
2538,ENSG00000089154,GCN1,Non-driver
2539,ENSG00000173546,CSPG4,Unknown
2540,ENSG00000167526,RPL13,Unknown
2541,ENSG00000137504,CREBZF,Unknown
2542,ENSG00000104635,SLC39A14,Unknown
2543,ENSG00000145425,RPS3A,Unknown
2544,ENSG00000120370,GORAB,Unknown
2545,ENSG00000124216,SNAI1,Unknown
2546,ENSG00000284161,EEF2K,Unknown
2547,ENSG00000167658,EEF2,Unknown
2548,ENSG00000124588,NQO2,Unknown
2549,ENSG00000136011,STAB2,Non-driver
2550,ENSG00000164022,AIMP1,Unknown
2551,ENSG00000165629,ATP5F1C,Non-driver
2552,ENSG00000134884,ARGLU1,Unknown
2553,ENSG00000276111,SDCCAG8,Unknown
2554,ENSG00000065534,MYLK,Unknown
2555,ENSG00000106049,HIBADH,Unknown
2556,ENSG00000151746,BICD1,Unknown
2557,ENSG00000176490,DIRAS1,Unknown
2558,ENSG00000114942,EEF1B2,Unknown
2559,ENSG00000047849,MAP4,Unknown
2560,ENSG00000198612,COPS8,Unknown
2561,ENSG00000239789,MRPS17,Unknown
2562,ENSG00000137806,NDUFAF1,Unknown
2563,ENSG00000243414,TICAM2,Non-driver
2564,ENSG00000160710,ADAR,Unknown
2565,ENSG00000129562,DAD1,Unknown
2566,ENSG00000160753,RUSC1,Unknown
2567,ENSG00000090376,IRAK3,Unknown
2568,ENSG00000124444,ZNF576,Non-driver
2569,ENSG00000086991,NOX4,Unknown
2570,ENSG00000114739,ACVR2B,Unknown
2571,ENSG00000198836,OPA1,Unknown
2572,ENSG00000180879,SSR4,Unknown
2573,ENSG00000153944,MSI2,Driver
2574,ENSG00000100266,PACSIN2,Unknown
2575,ENSG00000046651,OFD1,Unknown
2576,ENSG00000113140,SPARC,Unknown
2577,ENSG00000154174,TOMM70,Non-driver
2578,ENSG00000077264,PAK3,Unknown
2579,ENSG00000142731,PLK4,Unknown
2580,ENSG00000147403,RPL10,Driver
2581,ENSG00000054118,THRAP3,Driver
2582,ENSG00000182195,LDOC1,Unknown
2583,ENSG00000128016,ZFP36,Unknown
2584,ENSG00000235941,HSPA1A,Unknown
2585,ENSG00000121691,CAT,Unknown
2586,ENSG00000189091,SF3B3,Unknown
2587,ENSG00000142657,PGD,Unknown
2588,ENSG00000136783,NIPSNAP3A,Unknown
2589,ENSG00000262993,KRT31,Unknown
2590,ENSG00000004700,RECQL,Unknown
2591,ENSG00000180198,RCC1,Non-driver
2592,ENSG00000175602,CCDC85B,Non-driver
2593,ENSG00000176896,TCEANC,Non-driver
2594,ENSG00000117020,AKT3,Driver
2595,ENSG00000091436,MAP3K20,Non-driver
2596,ENSG00000115109,EPB41L5,Unknown
2597,ENSG00000165138,ANKS6,Unknown
2598,ENSG00000113448,PDE4D,Unknown
2599,ENSG00000143190,POU2F1,Non-driver
2600,ENSG00000169871,TRIM56,Unknown
2601,ENSG00000136826,KLF4,Driver
2602,ENSG00000167601,AXL,Unknown
2603,ENSG00000149948,HMGA2,Driver
2604,ENSG00000132842,AP3B1,Unknown
2605,ENSG00000099804,CDC34,Unknown
2606,ENSG00000108055,SMC3,Unknown
2607,ENSG00000173894,CBX2,Unknown
2608,ENSG00000174175,SELP,Unknown
2609,ENSG00000090487,SPG21,Non-driver
2610,ENSG00000254726,MEX3A,Unknown
2611,ENSG00000112511,PHF1,Unknown
2612,ENSG00000135999,EPC2,Unknown
2613,ENSG00000167088,SNRPD1,Unknown
2614,ENSG00000120215,MLANA,Unknown
2615,ENSG00000171132,PRKCE,Unknown
2616,ENSG00000171490,RSL1D1,Unknown
2617,ENSG00000135631,RAB11FIP5,Non-driver
2618,ENSG00000135930,EIF4E2,Unknown
2619,ENSG00000102580,DNAJC3,Unknown
2620,ENSG00000149532,CPSF7,Non-driver
2621,ENSG00000149016,TUT1,Non-driver
2622,ENSG00000134452,FBH1,Non-driver
2623,ENSG00000138835,RGS3,Unknown
2624,ENSG00000120690,ELF1,Unknown
2625,ENSG00000111196,MAGOHB,Non-driver
2626,ENSG00000010803,SCMH1,Unknown
2627,ENSG00000101126,ADNP,Unknown
2628,ENSG00000164978,NUDT2,Unknown
2629,ENSG00000182712,CMC4,Non-driver
2630,ENSG00000033030,ZCCHC8,Driver
2631,ENSG00000127914,AKAP9,Driver
2632,ENSG00000169900,PYDC1,Unknown
2633,ENSG00000166197,NOLC1,Unknown
2634,ENSG00000164047,CAMP,Unknown
2635,ENSG00000167965,MLST8,Unknown
2636,ENSG00000265241,RBM8A,Unknown
2637,ENSG00000137161,CNPY3,Unknown
2638,ENSG00000204099,NEU4,Unknown
2639,ENSG00000149554,CHEK1,Unknown
2640,ENSG00000105483,CARD8,Unknown
2641,ENSG00000135100,HNF1A,Driver
2642,ENSG00000109062,SLC9A3R1,Unknown
2643,ENSG00000103154,NECAB2,Unknown
2644,ENSG00000102878,HSF4,Unknown
2645,ENSG00000148187,MRRF,Non-driver
2646,ENSG00000011478,QPCTL,Non-driver
2647,ENSG00000213619,NDUFS3,Unknown
2648,ENSG00000139180,NDUFA9,Unknown
2649,ENSG00000263012,KRT33B,Unknown
2650,ENSG00000186432,KPNA4,Unknown
2651,ENSG00000163161,ERCC3,Driver
2652,ENSG00000275023,MLLT6,Driver
2653,ENSG00000135018,UBQLN1,Unknown
2654,ENSG00000102034,ELF4,Driver
2655,ENSG00000101182,PSMA7,Unknown
2656,ENSG00000079387,SENP1,Unknown
2657,ENSG00000101871,MID1,Unknown
2658,ENSG00000173581,CCDC106,Unknown
2659,ENSG00000146223,RPL7L1,Unknown
2660,ENSG00000015171,ZMYND11,Unknown
2661,ENSG00000142611,PRDM16,Driver
2662,ENSG00000173372,C1QA,Unknown
2663,ENSG00000184009,ACTG1,Unknown
2664,,WDYHV1,Non-driver
2665,ENSG00000244405,ETV5,Driver
2666,ENSG00000051108,HERPUD1,Driver
2667,ENSG00000157349,DDX19B,Non-driver
2668,ENSG00000143870,PDIA6,Unknown
2669,ENSG00000135108,FBXO21,Unknown
2670,ENSG00000143373,ZNF687,Unknown
2671,ENSG00000276146,LILRB2,Unknown
2672,ENSG00000103942,HOMER2,Unknown
2673,ENSG00000149930,TAOK2,Unknown
2674,ENSG00000126775,ATG14,Unknown
2675,ENSG00000003756,RBM5,Non-driver
2676,ENSG00000148450,MSRB2,Unknown
2677,ENSG00000274081,PUF60,Unknown
2678,ENSG00000236149,ABCF1,Unknown
2679,ENSG00000128564,VGF,Unknown
2680,ENSG00000205356,TECPR1,Unknown
2681,ENSG00000157954,WIPI2,Unknown
2682,ENSG00000196363,WDR5,Non-driver
2683,ENSG00000163464,CXCR1,Unknown
2684,ENSG00000114354,TFG,Driver
2685,ENSG00000213316,LTC4S,Unknown
2686,ENSG00000119487,MAPKAP1,Unknown
2687,ENSG00000187678,SPRY4,Unknown
2688,ENSG00000160208,RRP1B,Unknown
2689,ENSG00000040341,STAU2,Unknown
2690,ENSG00000114439,BBX,Non-driver
2691,ENSG00000181143,MUC16,Driver
2692,ENSG00000100097,LGALS1,Unknown
2693,ENSG00000144331,ZNF385B,Unknown
2694,ENSG00000204843,DCTN1,Driver
2695,ENSG00000108298,RPL19,Unknown
2696,ENSG00000179526,SHARPIN,Unknown
2697,ENSG00000125826,RBCK1,Unknown
2698,ENSG00000160360,GPSM1,Non-driver
2699,ENSG00000033122,LRRC7,Unknown
2700,ENSG00000075292,ZNF638,Unknown
2701,ENSG00000180318,ALX1,Unknown
2702,ENSG00000117408,IPO13,Unknown
2703,ENSG00000070961,ATP2B1,Unknown
2704,ENSG00000198730,CTR9,Non-driver
2705,ENSG00000265681,RPL17,Unknown
2706,ENSG00000134909,ARHGAP32,Unknown
2707,ENSG00000105392,CRX,Unknown
2708,ENSG00000108798,ABI3,Unknown
2709,ENSG00000117984,CTSD,Unknown
2710,ENSG00000065548,ZC3H15,Non-driver
2711,ENSG00000185624,P4HB,Unknown
2712,ENSG00000101347,SAMHD1,Unknown
2713,ENSG00000204397,CARD16,Unknown
2714,ENSG00000089289,IGBP1,Unknown
2715,ENSG00000038382,TRIO,Unknown
2716,ENSG00000241123,KRTAP10-5,Non-driver
2717,ENSG00000184060,ADAP2,Unknown
2718,ENSG00000135441,BLOC1S1,Non-driver
2719,ENSG00000099622,CIRBP,Unknown
2720,ENSG00000164548,TRA2A,Unknown
2721,ENSG00000122068,FYTTD1,Unknown
2722,ENSG00000014164,ZC3H3,Non-driver
2723,ENSG00000173120,KDM2A,Unknown
2724,ENSG00000185129,PURA,Unknown
2725,ENSG00000167196,FBXO22,Unknown
2726,ENSG00000167985,SDHAF2,Driver
2727,ENSG00000139946,PELI2,Unknown
2728,ENSG00000188846,RPL14,Unknown
2729,ENSG00000187554,TLR5,Unknown
2730,ENSG00000156398,SFXN2,Unknown
2731,ENSG00000121390,PSPC1,Unknown
2732,ENSG00000152402,GUCY1A2,Unknown
2733,ENSG00000181847,TIGIT,Unknown
2734,ENSG00000164338,UTP15,Unknown
2735,ENSG00000156515,HK1,Unknown
2736,ENSG00000131203,IDO1,Unknown
2737,ENSG00000129474,AJUBA,Unknown
2738,ENSG00000043093,DCUN1D1,Unknown
2739,ENSG00000172867,KRT2,Unknown
2740,ENSG00000147364,FBXO25,Unknown
2741,ENSG00000135914,HTR2B,Unknown
2742,ENSG00000150753,CCT5,Unknown
2743,ENSG00000185479,KRT6B,Unknown
2744,ENSG00000158019,BABAM2,Unknown
2745,ENSG00000165660,ABRAXAS2,Non-driver
2746,ENSG00000074590,NUAK1,Unknown
2747,ENSG00000144848,ATG3,Non-driver
2748,ENSG00000141542,RAB40B,Non-driver
2749,ENSG00000128591,FLNC,Unknown
2750,ENSG00000158022,TRIM63,Unknown
2751,ENSG00000082146,STRADB,Unknown
2752,ENSG00000119326,CTNNAL1,Unknown
2753,ENSG00000166164,BRD7,Unknown
2754,ENSG00000105323,HNRNPUL1,Unknown
2755,ENSG00000079385,CEACAM1,Unknown
2756,ENSG00000213578,CPLX3,Non-driver
2757,ENSG00000006468,ETV1,Driver
2758,ENSG00000157554,ERG,Driver
2759,ENSG00000117595,IRF6,Unknown
2760,ENSG00000151929,BAG3,Unknown
2761,ENSG00000183785,TUBA8,Unknown
2762,ENSG00000023287,RB1CC1,Unknown
2763,ENSG00000165527,ARF6,Unknown
2764,ENSG00000138834,MAPK8IP3,Unknown
2765,ENSG00000099783,HNRNPM,Non-driver
2766,ENSG00000109255,NMU,Non-driver
2767,ENSG00000131051,RBM39,Unknown
2768,ENSG00000177138,FAM9B,Unknown
2769,ENSG00000167641,PPP1R14A,Unknown
2770,ENSG00000172243,CLEC7A,Unknown
2771,ENSG00000162385,MAGOH,Unknown
2772,ENSG00000100836,PABPN1,Unknown
2773,ENSG00000135766,EGLN1,Unknown
2774,ENSG00000106100,NOD1,Unknown
2775,ENSG00000167553,TUBA1C,Non-driver
2776,ENSG00000129084,PSMA1,Unknown
2777,ENSG00000171703,TCEA2,Non-driver
2778,ENSG00000158796,DEDD,Unknown
2779,ENSG00000160570,DEDD2,Unknown
2780,ENSG00000091136,LAMB1,Unknown
2781,ENSG00000197619,ZNF615,Non-driver
2782,ENSG00000107562,CXCL12,Driver
2783,ENSG00000169925,BRD3,Driver
2784,ENSG00000132275,RRP8,Unknown
2785,ENSG00000140853,NLRC5,Unknown
2786,ENSG00000108848,LUC7L3,Unknown
2787,ENSG00000136436,CALCOCO2,Non-driver
2788,ENSG00000170448,NFXL1,Non-driver
2789,ENSG00000135111,TBX3,Driver
2790,ENSG00000275730,LILRB4,Unknown
2791,ENSG00000213024,NUP62,Unknown
2792,ENSG00000125864,BFSP1,Unknown
2793,ENSG00000285049,CPSF1,Non-driver
2794,ENSG00000188878,FBF1,Non-driver
2795,ENSG00000162989,KCNJ3,Unknown
2796,ENSG00000157542,KCNJ6,Unknown
2797,,HIST1H1B,Unknown
2798,,HIST3H2BB,Unknown
2799,ENSG00000140740,UQCRC2,Unknown
2800,ENSG00000282853,ECH1,Unknown
2801,ENSG00000188042,ARL4C,Unknown
2802,ENSG00000174137,FAM53A,Unknown
2803,ENSG00000169714,CNBP,Driver
2804,ENSG00000165732,DDX21,Unknown
2805,ENSG00000143476,DTL,Unknown
2806,,WDR34,Unknown
2807,ENSG00000130826,DKC1,Unknown
2808,ENSG00000083642,PDS5B,Unknown
2809,ENSG00000165637,VDAC2,Unknown
2810,ENSG00000137942,FNBP1L,Unknown
2811,ENSG00000068366,ACSL4,Unknown
2812,ENSG00000164062,APEH,Unknown
2813,ENSG00000182149,IST1,Unknown
2814,ENSG00000185187,SIGIRR,Unknown
2815,ENSG00000138385,SSB,Unknown
2816,ENSG00000173156,RHOD,Unknown
2817,ENSG00000239306,RBM14,Unknown
2818,ENSG00000185615,PDIA2,Unknown
2819,ENSG00000277334,NCR1,Unknown
2820,ENSG00000145912,NHP2,Non-driver
2821,ENSG00000023902,PLEKHO1,Unknown
2822,ENSG00000092621,PHGDH,Unknown
2823,ENSG00000125686,MED1,Unknown
2824,ENSG00000138279,ANXA7,Unknown
2825,ENSG00000143624,INTS3,Unknown
2826,ENSG00000241794,SPRR2A,Unknown
2827,ENSG00000187522,HSPA14,Unknown
2828,ENSG00000106245,BUD31,Unknown
2829,ENSG00000100225,FBXO7,Unknown
2830,ENSG00000107833,NPM3,Unknown
2831,ENSG00000153406,NMRAL1,Non-driver
2832,ENSG00000154277,UCHL1,Unknown
2833,ENSG00000083896,YTHDC1,Unknown
2834,ENSG00000151623,NR3C2,Unknown
2835,ENSG00000165516,KLHDC2,Unknown
2836,ENSG00000106554,CHCHD3,Unknown
2837,ENSG00000280680,HHAT,Unknown
2838,ENSG00000058404,CAMK2B,Unknown
2839,ENSG00000138646,HERC5,Unknown
2840,ENSG00000158445,KCNB1,Unknown
2841,ENSG00000175497,DPP10,Unknown
2842,ENSG00000127314,RAP1B,Unknown
2843,ENSG00000115806,GORASP2,Non-driver
2844,ENSG00000278129,ZNF8,Unknown
2845,ENSG00000137171,KLC4,Non-driver
2846,ENSG00000108312,UBTF,Unknown
2847,ENSG00000163060,TEKT4,Non-driver
2848,ENSG00000167858,TEKT1,Unknown
2849,ENSG00000198382,UVRAG,Unknown
2850,ENSG00000125676,THOC2,Unknown
2851,ENSG00000187741,FANCA,Driver
2852,ENSG00000113368,LMNB1,Unknown
2853,ENSG00000113645,WWC1,Unknown
2854,ENSG00000070371,CLTCL1,Driver
2855,ENSG00000181481,RNF135,Unknown
2856,ENSG00000120457,KCNJ5,Driver
2857,ENSG00000124171,PARD6B,Unknown
2858,ENSG00000161940,BCL6B,Unknown
2859,ENSG00000160679,CHTOP,Unknown
2860,ENSG00000101844,ATG4A,Unknown
2861,ENSG00000189403,HMGB1,Unknown
2862,ENSG00000172236,TPSAB1,Unknown
2863,ENSG00000119138,KLF9,Non-driver
2864,ENSG00000171346,KRT15,Unknown
2865,ENSG00000111321,LTBR,Unknown
2866,ENSG00000196664,TLR7,Unknown
2867,ENSG00000180182,MED14,Unknown
2868,ENSG00000142856,ITGB3BP,Unknown
2869,ENSG00000170776,AKAP13,Unknown
2870,ENSG00000101460,MAP1LC3A,Non-driver
2871,ENSG00000146701,MDH2,Unknown
2872,ENSG00000143970,ASXL2,Driver
2873,ENSG00000274651,PRPF31,Unknown
2874,ENSG00000090621,PABPC4,Unknown
2875,ENSG00000141522,ARHGDIA,Unknown
2876,ENSG00000168421,RHOH,Driver
2877,ENSG00000182670,TTC3,Unknown
2878,ENSG00000103351,CLUAP1,Unknown
2879,ENSG00000105492,SIGLEC6,Unknown
2880,ENSG00000116663,FBXO6,Unknown
2881,ENSG00000099817,POLR2E,Driver
2882,ENSG00000189043,NDUFA4,Unknown
2883,ENSG00000165588,OTX2,Unknown
2884,ENSG00000108604,SMARCD2,Unknown
2885,ENSG00000140743,CDR2,Unknown
2886,ENSG00000184743,ATL3,Unknown
2887,ENSG00000172346,CSDC2,Unknown
2888,ENSG00000119929,CUTC,Unknown
2889,ENSG00000105829,BET1,Unknown
2890,ENSG00000179262,RAD23A,Unknown
2891,ENSG00000231555,HSPA1B,Unknown
2892,ENSG00000121892,PDS5A,Unknown
2893,ENSG00000149187,CELF1,Unknown
2894,ENSG00000135250,SRPK2,Non-driver
2895,ENSG00000102038,SMARCA1,Unknown
2896,ENSG00000182199,SHMT2,Unknown
2897,ENSG00000188554,NBR1,Unknown
2898,ENSG00000170296,GABARAP,Unknown
2899,ENSG00000137947,GTF2B,Unknown
2900,,HIST1H2BD,Unknown
2901,ENSG00000273575,KIR2DL4,Unknown
2902,ENSG00000115165,CYTIP,Unknown
2903,ENSG00000143376,SNX27,Unknown
2904,ENSG00000143549,TPM3,Driver
2905,ENSG00000137767,SQOR,Unknown
2906,ENSG00000143553,SNAPIN,Unknown
2907,ENSG00000124228,DDX27,Unknown
2908,ENSG00000237344,PBX2,Unknown
2909,ENSG00000106785,TRIM14,Unknown
2910,ENSG00000112081,SRSF3,Driver
2911,ENSG00000072134,EPN2,Unknown
2912,ENSG00000121653,MAPK8IP1,Unknown
2913,ENSG00000173933,RBM4,Non-driver
2914,ENSG00000274853,MRM1,Unknown
2915,ENSG00000138768,USO1,Unknown
2916,ENSG00000070756,PABPC1,Driver
2917,ENSG00000100968,NFATC4,Unknown
2918,ENSG00000149548,CCDC15,Non-driver
2919,ENSG00000140319,SRP14,Unknown
2920,ENSG00000139197,PEX5,Unknown
2921,ENSG00000164251,F2RL1,Unknown
2922,ENSG00000152086,TUBA3E,Non-driver
2923,ENSG00000163156,SCNM1,Unknown
2924,ENSG00000136147,PHF11,Unknown
2925,ENSG00000185651,UBE2L3,Unknown
2926,,HIST1H2AH,Unknown
2927,ENSG00000277956,MAPT,Unknown
2928,ENSG00000131773,KHDRBS3,Unknown
2929,ENSG00000055118,KCNH2,Unknown
2930,ENSG00000114738,MAPKAPK3,Non-driver
2931,ENSG00000136891,TEX10,Unknown
2932,ENSG00000125166,GOT2,Unknown
2933,ENSG00000116459,ATP5PB,Non-driver
2934,ENSG00000152256,PDK1,Unknown
2935,ENSG00000116977,LGALS8,Unknown
2936,ENSG00000149968,MMP3,Unknown
2937,ENSG00000140564,FURIN,Unknown
2938,ENSG00000095139,ARCN1,Unknown
2939,ENSG00000166091,CMTM5,Unknown
2940,ENSG00000104894,CD37,Unknown
2941,ENSG00000231543,C2,Unknown
2942,ENSG00000129460,NGDN,Unknown
2943,ENSG00000106803,SEC61B,Unknown
2944,ENSG00000163479,SSR2,Unknown
2945,ENSG00000107872,FBXL15,Unknown
2946,ENSG00000102786,INTS6,Unknown
2947,ENSG00000169599,NFU1,Unknown
2948,ENSG00000111615,KRR1,Unknown
2949,ENSG00000102554,KLF5,Unknown
2950,ENSG00000147224,PRPS1,Unknown
2951,ENSG00000134138,MEIS2,Unknown
2952,ENSG00000105193,RPS16,Unknown
2953,ENSG00000126945,HNRNPH2,Unknown
2954,ENSG00000122692,SMU1,Unknown
2955,ENSG00000169344,UMOD,Unknown
2956,ENSG00000108061,SHOC2,Unknown
2957,ENSG00000145741,BTF3,Non-driver
2958,ENSG00000197785,ATAD3A,Unknown
2959,,SEPT4,Unknown
2960,ENSG00000108671,PSMD11,Unknown
2961,ENSG00000004487,KDM1A,Unknown
2962,ENSG00000104756,KCTD9,Unknown
2963,ENSG00000104687,GSR,Unknown
2964,ENSG00000153395,LPCAT1,Unknown
2965,ENSG00000277586,NEFL,Unknown
2966,ENSG00000124507,PACSIN1,Unknown
2967,ENSG00000115317,HTRA2,Unknown
2968,ENSG00000282947,HNRNPL,Unknown
2969,ENSG00000132849,PATJ,Unknown
2970,ENSG00000167081,PBX3,Unknown
2971,ENSG00000068028,RASSF1,Unknown
2972,ENSG00000139546,TARBP2,Unknown
2973,ENSG00000114388,NPRL2,Non-driver
2974,ENSG00000106327,TFR2,Unknown
2975,ENSG00000088002,SULT2B1,Unknown
2976,ENSG00000164114,MAP9,Non-driver
2977,ENSG00000096088,PGC,Unknown
2978,ENSG00000177468,OLIG3,Unknown
2979,,SEPT9,Unknown
2980,ENSG00000143614,GATAD2B,Unknown
2981,ENSG00000151923,TIAL1,Unknown
2982,ENSG00000112146,FBXO9,Unknown
2983,ENSG00000197540,GZMM,Unknown
2984,ENSG00000124469,CEACAM8,Unknown
2985,ENSG00000137776,SLTM,Non-driver
2986,ENSG00000075702,WDR62,Unknown
2987,ENSG00000090273,NUDC,Unknown
2988,ENSG00000125257,ABCC4,Unknown
2989,ENSG00000087087,SRRT,Unknown
2990,ENSG00000275176,ACACA,Unknown
2991,ENSG00000168397,ATG4B,Unknown
2992,ENSG00000160214,RRP1,Non-driver
2993,ENSG00000135503,ACVR1B,Driver
2994,ENSG00000114867,EIF4G1,Unknown
2995,ENSG00000189369,GSPT2,Unknown
2996,ENSG00000149428,HYOU1,Unknown
2997,ENSG00000181026,AEN,Non-driver
2998,ENSG00000162734,PEA15,Unknown
2999,ENSG00000089234,BRAP,Unknown
3000,ENSG00000157601,MX1,Unknown
3001,ENSG00000132313,MRPL35,Unknown
3002,ENSG00000092969,TGFB2,Unknown
3003,ENSG00000277359,RPS9,Unknown
3004,ENSG00000100138,SNU13,Non-driver
3005,ENSG00000100650,SRSF5,Unknown
3006,ENSG00000133878,DUSP26,Non-driver
3007,ENSG00000077312,SNRPA,Unknown
3008,ENSG00000198099,ADH4,Unknown
3009,ENSG00000143106,PSMA5,Unknown
3010,ENSG00000107816,LZTS2,Unknown
3011,ENSG00000165169,DYNLT3,Non-driver
3012,ENSG00000197114,ZGPAT,Non-driver
3013,ENSG00000124535,WRNIP1,Unknown
3014,ENSG00000169813,HNRNPF,Non-driver
3015,,AARS,Unknown
3016,ENSG00000160216,AGPAT3,Unknown
3017,ENSG00000006744,ELAC2,Unknown
3018,ENSG00000008083,JARID2,Non-driver
3019,ENSG00000160584,SIK3,Unknown
3020,ENSG00000183010,PYCR1,Unknown
3021,ENSG00000137818,RPLP1,Unknown
3022,ENSG00000114125,RNF7,Unknown
3023,ENSG00000037474,NSUN2,Unknown
3024,ENSG00000159189,C1QC,Unknown
3025,ENSG00000167208,SNX20,Unknown
3026,ENSG00000176624,MEX3C,Unknown
3027,ENSG00000131721,RHOXF2,Unknown
3028,ENSG00000276452,LILRB1,Unknown
3029,ENSG00000071626,DAZAP1,Unknown
3030,ENSG00000196470,SIAH1,Unknown
3031,ENSG00000084774,CAD,Unknown
3032,ENSG00000135829,DHX9,Unknown
3033,ENSG00000153187,HNRNPU,Unknown
3034,ENSG00000077235,GTF3C1,Unknown
3035,ENSG00000071054,MAP4K4,Unknown
3036,ENSG00000012232,EXTL3,Unknown
3037,ENSG00000145088,EAF2,Unknown
3038,ENSG00000121310,ECHDC2,Non-driver
3039,ENSG00000141564,RPTOR,Unknown
3040,ENSG00000101306,MYLK2,Unknown
3041,ENSG00000197102,DYNC1H1,Unknown
3042,ENSG00000101557,USP14,Unknown
3043,ENSG00000281320,DYRK1B,Unknown
3044,ENSG00000120756,PLS1,Unknown
3045,ENSG00000176171,BNIP3,Unknown
3046,ENSG00000049449,RCN1,Unknown
3047,ENSG00000128045,RASL11B,Unknown
3048,ENSG00000186716,BCR,Driver
3049,ENSG00000151694,ADAM17,Unknown
3050,ENSG00000064607,SUGP2,Unknown
3051,ENSG00000162728,KCNJ9,Unknown
3052,ENSG00000276825,DRD4,Unknown
3053,ENSG00000155366,RHOC,Unknown
3054,ENSG00000111913,RIPOR2,Unknown
3055,ENSG00000196839,ADA,Unknown
3056,ENSG00000151150,ANK3,Unknown
3057,ENSG00000119402,FBXW2,Unknown
3058,ENSG00000169057,MECP2,Unknown
3059,ENSG00000151466,SCLT1,Unknown
3060,ENSG00000132694,ARHGEF11,Non-driver
3061,ENSG00000166670,MMP10,Unknown
3062,ENSG00000178031,ADAMTSL1,Unknown
3063,ENSG00000173914,RBM4B,Non-driver
3064,ENSG00000170485,NPAS2,Unknown
3065,ENSG00000081154,PCNP,Unknown
3066,ENSG00000149084,HSD17B12,Non-driver
3067,ENSG00000092841,MYL6,Unknown
3068,ENSG00000115073,ACTR1B,Unknown
3069,ENSG00000100823,APEX1,Driver
3070,ENSG00000188229,TUBB4B,Unknown
3071,ENSG00000104267,CA2,Unknown
3072,ENSG00000113013,HSPA9,Unknown
3073,ENSG00000166441,RPL27A,Unknown
3074,ENSG00000053501,USE1,Non-driver
3075,ENSG00000072501,SMC1A,Driver
3076,ENSG00000281459,PADI1,Unknown
3077,ENSG00000182446,NPLOC4,Non-driver
3078,ENSG00000070087,PFN2,Unknown
3079,ENSG00000134899,ERCC5,Unknown
3080,ENSG00000081181,ARG2,Unknown
3081,ENSG00000215182,MUC5AC,Unknown
3082,ENSG00000122852,SFTPA1,Unknown
3083,ENSG00000154447,SH3RF1,Non-driver
3084,ENSG00000161509,GRIN2C,Unknown
3085,ENSG00000044090,CUL7,Unknown
3086,ENSG00000104321,TRPA1,Unknown
3087,ENSG00000198034,RPS4X,Unknown
3088,ENSG00000111669,TPI1,Unknown
3089,ENSG00000139722,VPS37B,Unknown
3090,ENSG00000144381,HSPD1,Unknown
3091,ENSG00000196482,ESRRG,Unknown
3092,ENSG00000169297,NR0B1,Unknown
3093,ENSG00000186468,RPS23,Unknown
3094,ENSG00000169564,PCBP1,Driver
3095,ENSG00000171345,KRT19,Unknown
3096,ENSG00000182809,CRIP2,Unknown
3097,ENSG00000204536,CCHCR1,Unknown
3098,ENSG00000092208,GEMIN2,Unknown
3099,ENSG00000163737,PF4,Unknown
3100,ENSG00000106948,AKNA,Non-driver
3101,ENSG00000198931,APRT,Unknown
3102,ENSG00000154310,TNIK,Unknown
3103,ENSG00000188739,RBM34,Non-driver
3104,ENSG00000178184,PARD6G,Unknown
3105,ENSG00000139218,SCAF11,Unknown
3106,ENSG00000183741,CBX6,Unknown
3107,ENSG00000125901,MRPS26,Unknown
3108,ENSG00000138100,TRIM54,Unknown
3109,ENSG00000082805,ERC1,Driver
3110,ENSG00000168439,STIP1,Unknown
3111,ENSG00000115816,CEBPZ,Unknown
3112,ENSG00000146007,ZMAT2,Non-driver
3113,ENSG00000171860,C3AR1,Unknown
3114,ENSG00000273562,NAP1L4,Unknown
3115,ENSG00000230624,DDX39B,Unknown
3116,ENSG00000130706,ADRM1,Unknown
3117,ENSG00000160213,CSTB,Unknown
3118,ENSG00000104852,SNRNP70,Non-driver
3119,ENSG00000101916,TLR8,Unknown
3120,ENSG00000100129,EIF3L,Non-driver
3121,ENSG00000146676,PURB,Unknown
3122,ENSG00000086061,DNAJA1,Non-driver
3123,ENSG00000215271,HOMEZ,Unknown
3124,ENSG00000109606,DHX15,Unknown
3125,ENSG00000177105,RHOG,Non-driver
3126,ENSG00000142409,ZNF787,Non-driver
3127,ENSG00000172301,COPRS,Non-driver
3128,ENSG00000101350,KIF3B,Unknown
3129,ENSG00000167792,NDUFV1,Unknown
3130,ENSG00000082175,PGR,Driver
3131,ENSG00000168286,THAP11,Unknown
3132,ENSG00000167967,E4F1,Unknown
3133,ENSG00000117650,NEK2,Unknown
3134,ENSG00000076003,MCM6,Unknown
3135,ENSG00000101197,BIRC7,Unknown
3136,ENSG00000228267,C4B,Unknown
3137,ENSG00000233312,C4B_2,Non-driver
3138,ENSG00000146063,TRIM41,Unknown
3139,ENSG00000104388,RAB2A,Non-driver
3140,ENSG00000139990,DCAF5,Unknown
3141,ENSG00000136111,TBC1D4,Unknown
3142,ENSG00000140299,BNIP2,Unknown
3143,ENSG00000142864,SERBP1,Unknown
3144,ENSG00000229314,ORM1,Unknown
3145,ENSG00000285258,ATXN7,Unknown
3146,ENSG00000111581,NUP107,Unknown
3147,ENSG00000187754,SSX7,Unknown
3148,ENSG00000163736,PPBP,Unknown
3149,ENSG00000188404,SELL,Unknown
3150,ENSG00000152234,ATP5F1A,Non-driver
3151,ENSG00000162302,RPS6KA4,Unknown
3152,ENSG00000141551,CSNK1D,Unknown
3153,ENSG00000177733,HNRNPA0,Non-driver
3154,ENSG00000132182,NUP210,Unknown
3155,ENSG00000065154,OAT,Unknown
3156,ENSG00000180228,PRKRA,Unknown
3157,ENSG00000177169,ULK1,Unknown
3158,ENSG00000049540,ELN,Driver
3159,ENSG00000087303,NID2,Unknown
3160,ENSG00000165861,ZFYVE1,Unknown
3161,ENSG00000139880,CDH24,Unknown
3162,ENSG00000118705,RPN2,Unknown
3163,ENSG00000163939,PBRM1,Driver
3164,ENSG00000100220,RTCB,Unknown
3165,ENSG00000186010,NDUFA13,Unknown
3166,ENSG00000240694,PNMA2,Unknown
3167,ENSG00000090054,SPTLC1,Unknown
3168,ENSG00000095627,TDRD1,Unknown
3169,ENSG00000099937,SERPIND1,Non-driver
3170,ENSG00000081913,PHLPP1,Unknown
3171,ENSG00000121410,A1BG,Unknown
3172,ENSG00000108839,ALOX12,Unknown
3173,ENSG00000164265,SCGB3A2,Unknown
3174,ENSG00000019169,MARCO,Unknown
3175,ENSG00000056998,GYG2,Unknown
3176,ENSG00000074800,ENO1,Unknown
3177,ENSG00000167004,PDIA3,Non-driver
3178,ENSG00000171621,SPSB1,Non-driver
3179,ENSG00000111802,TDP2,Unknown
3180,ENSG00000133142,TCEAL4,Non-driver
3181,ENSG00000174255,ZNF80,Unknown
3182,ENSG00000147604,RPL7,Unknown
3183,ENSG00000135625,EGR4,Unknown
3184,ENSG00000263163,SLC27A3,Unknown
3185,ENSG00000101856,PGRMC1,Unknown
3186,ENSG00000145012,LPP,Driver
3187,ENSG00000153208,MERTK,Unknown
3188,ENSG00000105197,TIMM50,Unknown
3189,ENSG00000170759,KIF5B,Driver
3190,ENSG00000105372,RPS19,Unknown
3191,ENSG00000067082,KLF6,Driver
3192,ENSG00000110107,PRPF19,Unknown
3193,ENSG00000205937,RNPS1,Unknown
3194,ENSG00000114316,USP4,Unknown
3195,ENSG00000162999,DUSP19,Non-driver
3196,ENSG00000106344,RBM28,Unknown
3197,ENSG00000108651,UTP6,Non-driver
3198,ENSG00000056736,IL17RB,Unknown
3199,ENSG00000285433,DEFB4B,Non-driver
3200,ENSG00000285181,DEFB4A,Unknown
3201,ENSG00000131437,KIF3A,Unknown
3202,ENSG00000172943,PHF8,Unknown
3203,ENSG00000008118,CAMK1G,Unknown
3204,ENSG00000157916,RER1,Non-driver
3205,ENSG00000145016,RUBCN,Unknown
3206,ENSG00000197451,HNRNPAB,Non-driver
3207,ENSG00000163931,TKT,Unknown
3208,ENSG00000121741,ZMYM2,Driver
3209,,HIST2H2AB,Unknown
3210,ENSG00000177189,RPS6KA3,Unknown
3211,ENSG00000212935,KRTAP10-3,Non-driver
3212,ENSG00000277377,SERPINA1,Unknown
3213,ENSG00000197694,SPTAN1,Unknown
3214,ENSG00000131504,DIAPH1,Unknown
3215,ENSG00000128739,SNRPN,Unknown
3216,ENSG00000105854,PON2,Unknown
3217,ENSG00000189266,PNRC2,Unknown
3218,ENSG00000134014,ELP3,Unknown
3219,ENSG00000125944,HNRNPR,Non-driver
3220,ENSG00000163815,CLEC3B,Non-driver
3221,ENSG00000186395,KRT10,Unknown
3222,ENSG00000169018,FEM1B,Unknown
3223,ENSG00000173812,EIF1,Non-driver
3224,ENSG00000078804,TP53INP2,Unknown
3225,ENSG00000128573,FOXP2,Unknown
3226,ENSG00000096080,MRPS18A,Unknown
3227,ENSG00000131507,NDFIP1,Unknown
3228,ENSG00000119725,ZNF410,Non-driver
3229,ENSG00000062524,LTK,Unknown
3230,ENSG00000177674,AGTRAP,Non-driver
3231,ENSG00000127743,IL17B,Unknown
3232,ENSG00000142945,KIF2C,Unknown
3233,ENSG00000147679,UTP23,Non-driver
3234,ENSG00000185825,BCAP31,Unknown
3235,ENSG00000109107,ALDOC,Unknown
3236,ENSG00000149925,ALDOA,Unknown
3237,ENSG00000115825,PRKD3,Non-driver
3238,ENSG00000147130,ZMYM3,Driver
3239,ENSG00000163132,MSX1,Unknown
3240,ENSG00000276618,RAD17,Driver
3241,ENSG00000132254,ARFIP2,Unknown
3242,ENSG00000159111,MRPL10,Unknown
3243,ENSG00000163221,S100A12,Unknown
3244,ENSG00000181788,SIAH2,Unknown
3245,ENSG00000111247,RAD51AP1,Unknown
3246,ENSG00000197498,RPF2,Non-driver
3247,ENSG00000117395,EBNA1BP2,Unknown
3248,ENSG00000143742,SRP9,Unknown
3249,ENSG00000142168,SOD1,Unknown
3250,ENSG00000152214,RIT2,Unknown
3251,ENSG00000120800,UTP20,Unknown
3252,ENSG00000011007,ELOA,Non-driver
3253,ENSG00000140988,RPS2,Unknown
3254,ENSG00000067596,DHX8,Unknown
3255,ENSG00000176783,RUFY1,Unknown
3256,ENSG00000107625,DDX50,Unknown
3257,ENSG00000137804,NUSAP1,Unknown
3258,ENSG00000131018,SYNE1,Unknown
3259,ENSG00000141644,MBD1,Unknown
3260,ENSG00000115234,SNX17,Unknown
3261,ENSG00000278741,ABR,Unknown
3262,ENSG00000165006,UBAP1,Unknown
3263,ENSG00000102908,NFAT5,Unknown
3264,ENSG00000169692,AGPAT2,Unknown
3265,ENSG00000196581,AJAP1,Unknown
3266,ENSG00000108700,CCL8,Unknown
3267,ENSG00000175183,CSRP2,Unknown
3268,,H2AFY,Unknown
3269,ENSG00000130830,MPP1,Unknown
3270,ENSG00000230456,DDR1,Non-driver
3271,ENSG00000150594,ADRA2A,Unknown
3272,ENSG00000104327,CALB1,Unknown
3273,ENSG00000079332,SAR1A,Non-driver
3274,ENSG00000274442,PRPF8,Unknown
3275,ENSG00000196154,S100A4,Unknown
3276,ENSG00000073803,MAP3K13,Driver
3277,ENSG00000130656,HBZ,Unknown
3278,ENSG00000100410,PHF5A,Unknown
3279,ENSG00000102531,FNDC3A,Unknown
3280,ENSG00000164506,STXBP5,Unknown
3281,ENSG00000076944,STXBP2,Unknown
3282,ENSG00000198258,UBL5,Unknown
3283,ENSG00000102879,CORO1A,Unknown
3284,ENSG00000120948,TARDBP,Unknown
3285,ENSG00000148337,CIZ1,Unknown
3286,ENSG00000103507,BCKDK,Unknown
3287,ENSG00000104903,LYL1,Driver
3288,ENSG00000141127,PRPSAP2,Unknown
3289,ENSG00000163938,GNL3,Unknown
3290,ENSG00000111907,TPD52L1,Unknown
3291,ENSG00000108433,GOSR2,Unknown
3292,ENSG00000269858,EGLN2,Unknown
3293,ENSG00000142794,NBPF3,Unknown
3294,ENSG00000126752,SSX1,Driver
3295,ENSG00000196998,WDR45,Unknown
3296,ENSG00000182901,RGS7,Driver
3297,ENSG00000145191,EIF2B5,Unknown
3298,ENSG00000130037,KCNA5,Unknown
3299,ENSG00000169504,CLIC4,Unknown
3300,ENSG00000125898,FAM110A,Unknown
3301,ENSG00000174891,RSRC1,Unknown
3302,ENSG00000133574,GIMAP4,Unknown
3303,ENSG00000119408,NEK6,Unknown
3304,ENSG00000133818,RRAS2,Unknown
3305,ENSG00000170748,RBMXL2,Unknown
3306,ENSG00000153914,SREK1,Unknown
3307,ENSG00000166634,SERPINB12,Unknown
3308,ENSG00000105281,SLC1A5,Unknown
3309,ENSG00000123405,NFE2,Unknown
3310,ENSG00000110057,UNC93B1,Unknown
3311,ENSG00000099901,RANBP1,Unknown
3312,ENSG00000100714,MTHFD1,Unknown
3313,ENSG00000107537,PHYH,Unknown
3314,ENSG00000099624,ATP5F1D,Unknown
3315,ENSG00000157087,ATP2B2,Unknown
3316,ENSG00000161647,MPP3,Unknown
3317,ENSG00000069275,NUCKS1,Unknown
3318,ENSG00000089775,ZBTB25,Unknown
3319,ENSG00000162231,NXF1,Unknown
3320,ENSG00000145979,TBC1D7,Unknown
3321,ENSG00000134686,PHC2,Unknown
3322,ENSG00000063177,RPL18,Unknown
3323,ENSG00000197111,PCBP2,Unknown
3324,ENSG00000105141,CASP14,Unknown
3325,ENSG00000275700,AATF,Unknown
3326,ENSG00000136929,HEMGN,Unknown
3327,ENSG00000160299,PCNT,Unknown
3328,ENSG00000163468,CCT3,Unknown
3329,ENSG00000131626,PPFIA1,Unknown
3330,ENSG00000112640,PPP2R5D,Unknown
3331,ENSG00000123136,DDX39A,Non-driver
3332,ENSG00000163702,IL17RC,Unknown
3333,ENSG00000134545,KLRC1,Unknown
3334,ENSG00000147378,FATE1,Unknown
3335,,H1FX,Unknown
3336,ENSG00000101882,NKAP,Unknown
3337,ENSG00000008735,MAPK8IP2,Unknown
3338,ENSG00000119599,DCAF4,Unknown
3339,ENSG00000168542,COL3A1,Driver
3340,ENSG00000083720,OXCT1,Unknown
3341,ENSG00000075415,SLC25A3,Unknown
3342,ENSG00000138442,WDR12,Unknown
3343,ENSG00000138160,KIF11,Unknown
3344,ENSG00000017260,ATP2C1,Unknown
3345,ENSG00000176887,SOX11,Unknown
3346,ENSG00000175216,CKAP5,Unknown
3347,ENSG00000120158,RCL1,Unknown
3348,ENSG00000111605,CPSF6,Unknown
3349,ENSG00000214022,REPIN1,Non-driver
3350,ENSG00000175390,EIF3F,Unknown
3351,ENSG00000164934,DCAF13,Unknown
3352,ENSG00000197635,DPP4,Unknown
3353,ENSG00000171385,KCND3,Unknown
3354,ENSG00000134365,CFHR4,Unknown
3355,ENSG00000150768,DLAT,Unknown
3356,ENSG00000078018,MAP2,Unknown
3357,ENSG00000183765,CHEK2,Driver
3358,ENSG00000244038,DDOST,Unknown
3359,ENSG00000064547,LPAR2,Unknown
3360,ENSG00000182134,TDRKH,Non-driver
3361,ENSG00000140382,HMG20A,Unknown
3362,ENSG00000066322,ELOVL1,Unknown
3363,ENSG00000174827,PDZK1,Unknown
3364,ENSG00000280987,MATR3,Unknown
3365,ENSG00000143006,DMRTB1,Unknown
3366,ENSG00000174547,MRPL11,Unknown
3367,ENSG00000100916,BRMS1L,Non-driver
3368,ENSG00000143537,ADAM15,Unknown
3369,ENSG00000117139,KDM5B,Unknown
3370,ENSG00000148572,NRBF2,Unknown
3371,,HIST1H2BB,Unknown
3372,ENSG00000174437,ATP2A2,Unknown
3373,ENSG00000119285,HEATR1,Non-driver
3374,ENSG00000171953,ATPAF2,Unknown
3375,ENSG00000163625,WDFY3,Unknown
3376,ENSG00000139112,GABARAPL1,Unknown
3377,ENSG00000113790,EHHADH,Unknown
3378,ENSG00000215375,MYL5,Unknown
3379,ENSG00000108819,PPP1R9B,Unknown
3380,ENSG00000145349,CAMK2D,Unknown
3381,ENSG00000004142,POLDIP2,Unknown
3382,ENSG00000124193,SRSF6,Unknown
3383,ENSG00000108852,MPP2,Unknown
3384,ENSG00000116584,ARHGEF2,Unknown
3385,ENSG00000104969,SGTA,Unknown
3386,ENSG00000175029,CTBP2,Unknown
3387,ENSG00000178035,IMPDH2,Unknown
3388,ENSG00000076928,ARHGEF1,Unknown
3389,ENSG00000007314,SCN4A,Unknown
3390,ENSG00000103222,ABCC1,Unknown
3391,ENSG00000169727,GPS1,Unknown
3392,ENSG00000100664,EIF5,Unknown
3393,ENSG00000115694,STK25,Unknown
3394,ENSG00000108106,UBE2S,Unknown
3395,ENSG00000174989,FBXW8,Unknown
3396,ENSG00000166135,HIF1AN,Unknown
3397,ENSG00000164946,FREM1,Unknown
3398,ENSG00000256235,SMIM3,Unknown
3399,ENSG00000213585,VDAC1,Unknown
3400,ENSG00000168496,FEN1,Driver
3401,ENSG00000165934,CPSF2,Non-driver
3402,ENSG00000115355,CCDC88A,Unknown
3403,ENSG00000166681,BEX3,Non-driver
3404,ENSG00000113810,SMC4,Unknown
3405,ENSG00000175581,MRPL48,Unknown
3406,ENSG00000021776,AQR,Unknown
3407,ENSG00000155974,GRIP1,Unknown
3408,,SPERT,Non-driver
3409,ENSG00000132716,DCAF8,Unknown
3410,ENSG00000205846,CLEC6A,Unknown
3411,ENSG00000166527,CLEC4D,Unknown
3412,ENSG00000160201,U2AF1,Driver
3413,ENSG00000137154,RPS6,Unknown
3414,ENSG00000015153,YAF2,Unknown
3415,ENSG00000125457,MIF4GD,Unknown
3416,ENSG00000129988,LBP,Unknown
3417,ENSG00000123131,PRDX4,Unknown
3418,ENSG00000142748,FCN3,Unknown
3419,ENSG00000140632,GLYR1,Unknown
3420,ENSG00000135404,CD63,Unknown
3421,ENSG00000112742,TTK,Unknown
3422,ENSG00000105404,RABAC1,Non-driver
3423,ENSG00000161265,U2AF1L4,Unknown
3424,ENSG00000130816,DNMT1,Driver
3425,ENSG00000162946,DISC1,Unknown
3426,ENSG00000100813,ACIN1,Unknown
3427,ENSG00000123395,ATG101,Unknown
3428,ENSG00000151651,ADAM8,Unknown
3429,ENSG00000100227,POLDIP3,Unknown
3430,ENSG00000147416,ATP6V1B2,Unknown
3431,ENSG00000262327,AGK,Unknown
3432,ENSG00000165283,STOML2,Unknown
3433,ENSG00000239713,APOBEC3G,Unknown
3434,ENSG00000155363,MOV10,Unknown
3435,ENSG00000102738,MRPS31,Unknown
3436,ENSG00000100450,GZMH,Unknown
3437,ENSG00000115414,FN1,Unknown
3438,ENSG00000143842,SOX13,Unknown
3439,ENSG00000124253,PCK1,Unknown
3440,ENSG00000164587,RPS14,Unknown
3441,ENSG00000040199,PHLPP2,Non-driver
3442,ENSG00000148660,CAMK2G,Unknown
3443,ENSG00000134759,ELP2,Unknown
3444,ENSG00000143412,ANXA9,Unknown
3445,ENSG00000170542,SERPINB9,Non-driver
3446,ENSG00000262145,ATP23,Non-driver
3447,ENSG00000005810,MYCBP2,Unknown
3448,ENSG00000203690,TCP10,Unknown
3449,ENSG00000147509,RGS20,Non-driver
3450,ENSG00000067048,DDX3Y,Unknown
3451,,HIST1H3A,Driver
3452,,HIST1H3B,Driver
3453,,HIST1H3C,Unknown
3454,,HIST1H3I,Unknown
3455,,HIST1H3H,Unknown
3456,,HIST1H3G,Unknown
3457,,HIST1H3F,Unknown
3458,,HIST1H3E,Unknown
3459,,HIST1H3J,Unknown
3460,,HIST1H3D,Unknown
3461,ENSG00000100422,CERK,Unknown
3462,ENSG00000129195,PIMREG,Unknown
3463,ENSG00000137745,MMP13,Unknown
3464,ENSG00000172059,KLF11,Unknown
3465,ENSG00000135316,SYNCRIP,Unknown
3466,ENSG00000095002,MSH2,Driver
3467,ENSG00000067191,CACNB1,Unknown
3468,ENSG00000196504,PRPF40A,Unknown
3469,,HIST1H2BC,Unknown
3470,,HIST1H2BE,Unknown
3471,,HIST1H2BG,Unknown
3472,,HIST1H2BF,Unknown
3473,,HIST1H2BI,Unknown
3474,ENSG00000100083,GGA1,Unknown
3475,ENSG00000125445,MRPS7,Unknown
3476,ENSG00000116560,SFPQ,Driver
3477,ENSG00000173482,PTPRM,Unknown
3478,ENSG00000164610,RP9,Unknown
3479,ENSG00000173545,ZNF622,Unknown
3480,ENSG00000105393,BABAM1,Unknown
3481,ENSG00000100354,TNRC6B,Unknown
3482,ENSG00000124160,NCOA5,Unknown
3483,ENSG00000198755,RPL10A,Unknown
3484,ENSG00000102931,ARL2BP,Unknown
3485,ENSG00000121058,COIL,Unknown
3486,ENSG00000160789,LMNA,Driver
3487,ENSG00000135083,CCNJL,Non-driver
3488,ENSG00000142186,SCYL1,Unknown
3489,ENSG00000119403,PHF19,Unknown
3490,ENSG00000038945,MSR1,Unknown
3491,ENSG00000226033,STK19,Unknown
3492,ENSG00000198856,OSTC,Non-driver
3493,ENSG00000107937,GTPBP4,Non-driver
3494,ENSG00000184408,KCND2,Unknown
3495,ENSG00000100346,CACNA1I,Unknown
3496,ENSG00000110429,FBXO3,Unknown
3497,ENSG00000198830,HMGN2,Unknown
3498,ENSG00000183751,TBL3,Unknown
3499,ENSG00000092847,AGO1,Unknown
3500,ENSG00000247077,PGAM5,Unknown
3501,ENSG00000134086,VHL,Driver
3502,ENSG00000132109,TRIM21,Unknown
3503,ENSG00000167283,ATP5MG,Non-driver
3504,ENSG00000088992,TESC,Unknown
3505,ENSG00000124126,PREX1,Unknown
3506,ENSG00000197769,MAP1LC3C,Non-driver
3507,ENSG00000111445,RFC5,Unknown
3508,ENSG00000104413,ESRP1,Unknown
3509,ENSG00000100503,NIN,Driver
3510,ENSG00000093010,COMT,Driver
3511,ENSG00000273772,SMN2,Unknown
3512,ENSG00000172062,SMN1,Unknown
3513,ENSG00000156299,TIAM1,Unknown
3514,ENSG00000197381,ADARB1,Unknown
3515,ENSG00000124207,CSE1L,Unknown
3516,ENSG00000167863,ATP5PD,Unknown
3517,ENSG00000136527,TRA2B,Unknown
3518,ENSG00000114391,RPL24,Unknown
3519,ENSG00000111752,PHC1,Unknown
3520,ENSG00000144713,RPL32,Non-driver
3521,ENSG00000131263,RLIM,Unknown
3522,ENSG00000079785,DDX1,Unknown
3523,ENSG00000241553,ARPC4,Unknown
3524,ENSG00000163644,PPM1K,Unknown
3525,ENSG00000100519,PSMC6,Unknown
3526,ENSG00000152291,TGOLN2,Unknown
3527,ENSG00000088179,PTPN4,Unknown
3528,ENSG00000108349,CASC3,Non-driver
3529,ENSG00000124614,RPS10,Unknown
3530,ENSG00000114446,IFT57,Unknown
3531,ENSG00000081320,STK17B,Unknown
3532,,HIST1H1C,Unknown
3533,ENSG00000005007,UPF1,Unknown
3534,ENSG00000125388,GRK4,Unknown
3535,ENSG00000093144,ECHDC1,Unknown
3536,ENSG00000166855,CLPX,Unknown
3537,ENSG00000141867,BRD4,Driver
3538,ENSG00000110958,PTGES3,Unknown
3539,ENSG00000119950,MXI1,Unknown
3540,ENSG00000172232,AZU1,Unknown
3541,ENSG00000107859,PITX3,Unknown
3542,ENSG00000105538,RASIP1,Unknown
3543,ENSG00000213516,RBMXL1,Non-driver
3544,ENSG00000285301,BOP1,Unknown
3545,ENSG00000137193,PIM1,Driver
3546,ENSG00000086504,MRPL28,Unknown
3547,ENSG00000281763,DHX36,Unknown
3548,ENSG00000165209,STRBP,Unknown
3549,ENSG00000171560,FGA,Unknown
3550,ENSG00000185515,BRCC3,Unknown
3551,ENSG00000174243,DDX23,Unknown
3552,ENSG00000179271,GADD45GIP1,Unknown
3553,ENSG00000099875,MKNK2,Unknown
3554,,HIST2H2BE,Unknown
3555,ENSG00000137270,GCM1,Unknown
3556,ENSG00000101695,RNF125,Unknown
3557,ENSG00000170248,PDCD6IP,Unknown
3558,ENSG00000127511,SIN3B,Unknown
3559,ENSG00000089280,FUS,Driver
3560,,HIST1H1D,Unknown
3561,ENSG00000173272,MZT2A,Non-driver
3562,ENSG00000166130,IKBIP,Non-driver
3563,ENSG00000169710,FASN,Driver
3564,ENSG00000100109,TFIP11,Unknown
3565,ENSG00000074201,CLNS1A,Unknown
3566,ENSG00000000003,TSPAN6,Unknown
3567,ENSG00000189067,LITAF,Unknown
3568,ENSG00000273594,EEF1D,Unknown
3569,ENSG00000102030,NAA10,Unknown
3570,ENSG00000172399,MYOZ2,Unknown
3571,ENSG00000133398,MED10,Unknown
3572,ENSG00000163811,WDR43,Unknown
3573,ENSG00000143321,HDGF,Unknown
3574,ENSG00000180628,PCGF5,Unknown
3575,ENSG00000198642,KLHL9,Unknown
3576,ENSG00000097033,SH3GLB1,Non-driver
3577,ENSG00000176444,CLK2,Unknown
3578,ENSG00000196975,ANXA4,Unknown
3579,ENSG00000280908,PADI4,Unknown
3580,ENSG00000125735,TNFSF14,Unknown
3581,ENSG00000198373,WWP2,Unknown
3582,ENSG00000137941,TTLL7,Non-driver
3583,ENSG00000143164,DCAF6,Unknown
3584,ENSG00000060688,SNRNP40,Unknown
3585,ENSG00000143815,LBR,Unknown
3586,ENSG00000115289,PCGF1,Unknown
3587,ENSG00000131473,ACLY,Unknown
3588,ENSG00000174996,KLC2,Unknown
3589,ENSG00000183943,PRKX,Unknown
3590,ENSG00000132382,MYBBP1A,Unknown
3591,ENSG00000134318,ROCK2,Unknown
3592,ENSG00000055917,PUM2,Unknown
3593,ENSG00000107863,ARHGAP21,Unknown
3594,ENSG00000109111,SUPT6H,Unknown
3595,ENSG00000186197,EDARADD,Unknown
3596,ENSG00000187796,CARD9,Unknown
3597,ENSG00000170142,UBE2E1,Unknown
3598,ENSG00000132334,PTPRE,Unknown
3599,ENSG00000028839,TBPL1,Non-driver
3600,ENSG00000163904,SENP2,Unknown
3601,ENSG00000131469,RPL27,Unknown
3602,ENSG00000167005,NUDT21,Unknown
3603,ENSG00000102098,SCML2,Unknown
3604,ENSG00000130935,NOL11,Unknown
3605,ENSG00000251322,SHANK3,Unknown
3606,ENSG00000108448,TRIM16L,Non-driver
3607,ENSG00000133661,SFTPD,Unknown
3608,ENSG00000125124,BBS2,Unknown
3609,ENSG00000131467,PSME3,Unknown
3610,ENSG00000183496,MEX3B,Unknown
3611,ENSG00000102837,OLFM4,Driver
3612,ENSG00000105245,NUMBL,Unknown
3613,ENSG00000101210,EEF1A2,Unknown
3614,ENSG00000181163,NPM1,Driver
3615,ENSG00000071655,MBD3,Unknown
3616,ENSG00000187778,MCRS1,Unknown
3617,ENSG00000164104,HMGB2,Unknown
3618,ENSG00000266472,MRPS21,Unknown
3619,ENSG00000063046,EIF4B,Unknown
3620,ENSG00000135945,REV1,Non-driver
3621,ENSG00000130758,MAP3K10,Unknown
3622,ENSG00000171873,ADRA1D,Unknown
3623,ENSG00000170525,PFKFB3,Unknown
3624,ENSG00000119041,GTF3C3,Unknown
3625,ENSG00000196557,CACNA1H,Unknown
3626,ENSG00000100941,PNN,Unknown
3627,ENSG00000198363,ASPH,Unknown
3628,,ASNA1,Unknown
3629,ENSG00000096063,SRPK1,Unknown
3630,ENSG00000104081,BMF,Unknown
3631,ENSG00000139921,TMX1,Non-driver
3632,,HIST1H2BM,Unknown
3633,ENSG00000115484,CCT4,Unknown
3634,ENSG00000112365,ZBTB24,Unknown
3635,ENSG00000131876,SNRPA1,Unknown
3636,ENSG00000149452,SLC22A8,Unknown
3637,ENSG00000107957,SH3PXD2A,Non-driver
3638,ENSG00000215474,SKOR2,Unknown
3639,ENSG00000160224,AIRE,Unknown
3640,ENSG00000134371,CDC73,Driver
3641,ENSG00000135521,LTV1,Non-driver
3642,ENSG00000062038,CDH3,Unknown
3643,ENSG00000168763,CNNM3,Unknown
3644,ENSG00000149792,MRPL49,Unknown
3645,ENSG00000010030,ETV7,Unknown
3646,ENSG00000179639,FCER1A,Unknown
3647,ENSG00000244537,KRTAP4-2,Non-driver
3648,ENSG00000185650,ZFP36L1,Unknown
3649,ENSG00000151702,FLI1,Driver
3650,ENSG00000079277,MKNK1,Unknown
3651,ENSG00000159023,EPB41,Unknown
3652,ENSG00000047579,DTNBP1,Unknown
3653,ENSG00000161970,RPL26,Unknown
3654,ENSG00000108669,CYTH1,Unknown
3655,ENSG00000129245,FXR2,Unknown
3656,ENSG00000184363,PKP3,Unknown
3657,ENSG00000120437,ACAT2,Unknown
3658,ENSG00000075785,RAB7A,Non-driver
3659,ENSG00000108064,TFAM,Unknown
3660,ENSG00000007392,LUC7L,Unknown
3661,ENSG00000133243,BTBD2,Non-driver
3662,ENSG00000143622,RIT1,Unknown
3663,ENSG00000133835,HSD17B4,Unknown
3664,ENSG00000148335,NTMT1,Unknown
3665,ENSG00000106397,PLOD3,Unknown
3666,ENSG00000088205,DDX18,Unknown
3667,ENSG00000089818,NECAP1,Unknown
3668,ENSG00000156697,UTP14A,Unknown
3669,ENSG00000130255,RPL36,Unknown
3670,ENSG00000164675,IQUB,Non-driver
3671,ENSG00000138443,ABI2,Unknown
3672,ENSG00000112282,MED23,Unknown
3673,ENSG00000243943,ZNF512,Non-driver
3674,ENSG00000122180,MYOG,Unknown
3675,ENSG00000140463,BBS4,Unknown
3676,ENSG00000167306,MYO5B,Unknown
3677,ENSG00000105501,SIGLEC5,Unknown
3678,ENSG00000198646,NCOA6,Unknown
3679,ENSG00000231370,PRRC2A,Unknown
3680,ENSG00000081277,PKP1,Unknown
3681,ENSG00000145908,ZNF300,Unknown
3682,ENSG00000169020,ATP5ME,Non-driver
3683,ENSG00000125484,GTF3C4,Non-driver
3684,ENSG00000128951,DUT,Unknown
3685,ENSG00000185532,PRKG1,Unknown
3686,ENSG00000141385,AFG3L2,Unknown
3687,ENSG00000169045,HNRNPH1,Non-driver
3688,ENSG00000177600,RPLP2,Unknown
3689,ENSG00000067715,SYT1,Unknown
3690,ENSG00000273761,DDX24,Unknown
3691,ENSG00000143226,FCGR2A,Unknown
3692,ENSG00000110876,SELPLG,Unknown
3693,ENSG00000143442,POGZ,Unknown
3694,ENSG00000100600,LGMN,Unknown
3695,ENSG00000154556,SORBS2,Driver
3696,ENSG00000109171,SLAIN2,Unknown
3697,ENSG00000130956,HABP4,Unknown
3698,ENSG00000123700,KCNJ2,Unknown
3699,ENSG00000115268,RPS15,Unknown
3700,ENSG00000183495,EP400,Unknown
3701,ENSG00000057608,GDI2,Unknown
3702,ENSG00000094880,CDC23,Unknown
3703,ENSG00000073350,LLGL2,Non-driver
3704,ENSG00000096433,ITPR3,Unknown
3705,ENSG00000137815,RTF1,Unknown
3706,ENSG00000050130,JKAMP,Unknown
3707,ENSG00000182952,HMGN4,Non-driver
3708,ENSG00000164134,NAA15,Unknown
3709,ENSG00000244234,GMCL2,Non-driver
3710,ENSG00000103569,AQP9,Unknown
3711,ENSG00000134001,EIF2S1,Unknown
3712,ENSG00000117707,PROX1,Unknown
3713,ENSG00000124198,ARFGEF2,Unknown
3714,ENSG00000121211,MND1,Unknown
3715,ENSG00000123562,MORF4L2,Non-driver
3716,ENSG00000108395,TRIM37,Unknown
3717,ENSG00000116750,UCHL5,Unknown
3718,ENSG00000170144,HNRNPA3,Non-driver
3719,ENSG00000106305,AIMP2,Unknown
3720,ENSG00000138398,PPIG,Unknown
3721,ENSG00000152936,LMNTD1,Unknown
3722,ENSG00000196408,NOXO1,Unknown
3723,ENSG00000182196,ARL6IP4,Unknown
3724,ENSG00000153207,AHCTF1,Unknown
3725,ENSG00000128487,SPECC1,Driver
3726,ENSG00000079819,EPB41L2,Unknown
3727,ENSG00000175634,RPS6KB2,Non-driver
3728,ENSG00000285317,DNAJC8,Non-driver
3729,ENSG00000172465,TCEAL1,Unknown
3730,ENSG00000105364,MRPL4,Unknown
3731,ENSG00000139154,AEBP2,Unknown
3732,ENSG00000196547,MAN2A2,Unknown
3733,ENSG00000148925,BTBD10,Unknown
3734,ENSG00000114416,FXR1,Unknown
3735,ENSG00000112232,KHDRBS2,Unknown
3736,ENSG00000158615,PPP1R15B,Unknown
3737,ENSG00000143819,EPHX1,Driver
3738,ENSG00000126522,ASL,Unknown
3739,ENSG00000197958,RPL12,Unknown
3740,ENSG00000142676,RPL11,Unknown
3741,ENSG00000135604,STX11,Unknown
3742,ENSG00000112079,STK38,Unknown
3743,ENSG00000144597,EAF1,Unknown
3744,ENSG00000168939,SPRY3,Unknown
3745,ENSG00000138594,TMOD3,Unknown
3746,ENSG00000063245,EPN1,Unknown
3747,ENSG00000182247,UBE2E2,Unknown
3748,ENSG00000161542,PRPSAP1,Unknown
3749,ENSG00000249709,ZNF564,Non-driver
3750,ENSG00000187766,KRTAP10-8,Non-driver
3751,ENSG00000111249,CUX2,Unknown
3752,ENSG00000198945,L3MBTL3,Non-driver
3753,ENSG00000165731,RET,Driver
3754,ENSG00000124191,TOX2,Unknown
3755,ENSG00000143569,UBAP2L,Unknown
3756,ENSG00000101811,CSTF2,Non-driver
3757,ENSG00000126016,AMOT,Unknown
3758,ENSG00000148843,PDCD11,Unknown
3759,ENSG00000100842,EFS,Unknown
3760,ENSG00000170819,BFSP2,Unknown
3761,ENSG00000111077,TNS2,Unknown
3762,ENSG00000168301,KCTD6,Non-driver
3763,ENSG00000145919,BOD1,Unknown
3764,ENSG00000163159,VPS72,Unknown
3765,ENSG00000143153,ATP1B1,Unknown
3766,ENSG00000101343,CRNKL1,Driver
3767,ENSG00000163823,CCR1,Unknown
3768,ENSG00000102007,PLP2,Unknown
3769,ENSG00000166848,TERF2IP,Unknown
3770,ENSG00000185619,PCGF3,Unknown
3771,ENSG00000140416,TPM1,Unknown
3772,ENSG00000157110,RBPMS,Unknown
3773,ENSG00000148303,RPL7A,Unknown
3774,ENSG00000129354,AP1M2,Unknown
3775,ENSG00000124422,USP22,Unknown
3776,ENSG00000123415,SMUG1,Unknown
3777,ENSG00000018510,AGPS,Unknown
3778,ENSG00000135413,LACRT,Unknown
3779,ENSG00000182255,KCNA4,Unknown
3780,ENSG00000099381,SETD1A,Unknown
3781,ENSG00000197879,MYO1C,Unknown
3782,ENSG00000161634,DCD,Unknown
3783,ENSG00000070081,NUCB2,Unknown
3784,ENSG00000211455,STK38L,Unknown
3785,ENSG00000149599,DUSP15,Unknown
3786,ENSG00000262814,MRPL12,Unknown
3787,ENSG00000155508,CNOT8,Unknown
3788,ENSG00000239886,KRTAP9-2,Non-driver
3789,ENSG00000107175,CREB3,Unknown
3790,ENSG00000103264,FBXO31,Unknown
3791,ENSG00000277936,MRPL45,Unknown
3792,ENSG00000240682,ISY1,Unknown
3793,ENSG00000086065,CHMP5,Unknown
3794,ENSG00000116752,BCAS2,Unknown
3795,ENSG00000130159,ECSIT,Non-driver
3796,ENSG00000182872,RBM10,Driver
3797,ENSG00000137077,CCL21,Unknown
3798,ENSG00000143337,TOR1AIP1,Unknown
3799,ENSG00000198873,GRK5,Unknown
3800,ENSG00000006638,TBXA2R,Unknown
3801,,H1F0,Unknown
3802,,SEPT5,Unknown
3803,ENSG00000182899,RPL35A,Unknown
3804,ENSG00000085872,CHERP,Non-driver
3805,ENSG00000069011,PITX1,Unknown
3806,ENSG00000187164,SHTN1,Driver
3807,ENSG00000090432,MUL1,Unknown
3808,ENSG00000155256,ZFYVE27,Unknown
3809,ENSG00000136167,LCP1,Driver
3810,ENSG00000176619,LMNB2,Unknown
3811,ENSG00000072121,ZFYVE26,Unknown
3812,ENSG00000197757,HOXC6,Unknown
3813,ENSG00000103202,NME4,Unknown
3814,ENSG00000117601,SERPINC1,Unknown
3815,ENSG00000138796,HADH,Non-driver
3816,ENSG00000182117,NOP10,Non-driver
3817,ENSG00000142949,PTPRF,Unknown
3818,ENSG00000095794,CREM,Unknown
3819,ENSG00000055950,MRPL43,Unknown
3820,ENSG00000004864,SLC25A13,Unknown
3821,ENSG00000281244,ADAMTS13,Unknown
3822,ENSG00000102921,N4BP1,Unknown
3823,ENSG00000112530,PACRG,Unknown
3824,ENSG00000109534,GAR1,Non-driver
3825,ENSG00000145920,CPLX2,Unknown
3826,ENSG00000115241,PPM1G,Unknown
3827,ENSG00000104381,GDAP1,Unknown
3828,,HIST1H1E,Unknown
3829,ENSG00000112096,SOD2,Driver
3830,ENSG00000229524,BAG6,Unknown
3831,,TARS,Unknown
3832,ENSG00000112305,SMAP1,Unknown
3833,ENSG00000148908,RGS10,Non-driver
3834,ENSG00000142875,PRKACB,Unknown
3835,ENSG00000165512,ZNF22,Unknown
3836,ENSG00000065183,WDR3,Unknown
3837,ENSG00000119314,PTBP3,Non-driver
3838,ENSG00000152217,SETBP1,Driver
3839,ENSG00000131652,THOC6,Unknown
3840,ENSG00000129159,KCNC1,Unknown
3841,ENSG00000166407,LMO1,Driver
3842,ENSG00000106080,FKBP14,Unknown
3843,ENSG00000145491,ROPN1L,Unknown
3844,ENSG00000180353,HCLS1,Unknown
3845,ENSG00000048462,TNFRSF17,Driver
3846,ENSG00000110713,NUP98,Driver
3847,ENSG00000168062,BATF2,Unknown
3848,ENSG00000171863,RPS7,Unknown
3849,ENSG00000136155,SCEL,Unknown
3850,ENSG00000159166,LAD1,Unknown
3851,ENSG00000004139,SARM1,Non-driver
3852,ENSG00000138081,FBXO11,Driver
3853,ENSG00000112983,BRD8,Unknown
3854,ENSG00000143013,LMO4,Unknown
3855,ENSG00000104177,MYEF2,Non-driver
3856,ENSG00000089157,RPLP0,Unknown
3857,ENSG00000175866,BAIAP2,Unknown
3858,ENSG00000161405,IKZF3,Unknown
3859,ENSG00000137831,UACA,Unknown
3860,ENSG00000137133,HINT2,Unknown
3861,ENSG00000161955,TNFSF13,Unknown
3862,ENSG00000065989,PDE4A,Unknown
3863,ENSG00000155438,NIFK,Unknown
3864,ENSG00000144283,PKP4,Unknown
3865,ENSG00000071282,LMCD1,Unknown
3866,ENSG00000197728,RPS26,Unknown
3867,ENSG00000166477,LEO1,Unknown
3868,ENSG00000239264,TXNDC5,Unknown
3869,ENSG00000174903,RAB1B,Unknown
3870,ENSG00000174720,LARP7,Unknown
3871,ENSG00000101558,VAPA,Unknown
3872,ENSG00000189058,APOD,Unknown
3873,ENSG00000105640,RPL18A,Unknown
3874,ENSG00000130734,ATG4D,Unknown
3875,ENSG00000171772,SYCE1,Unknown
3876,ENSG00000131943,C19orf12,Unknown
3877,ENSG00000163568,AIM2,Unknown
3878,ENSG00000100395,L3MBTL2,Unknown
3879,ENSG00000135372,NAT10,Unknown
3880,ENSG00000229117,RPL41,Unknown
3881,ENSG00000183134,PTGDR2,Unknown
3882,ENSG00000168229,PTGDR,Unknown
3883,ENSG00000130312,MRPL34,Unknown
3884,ENSG00000160551,TAOK1,Unknown
3885,ENSG00000171262,FAM98B,Unknown
3886,ENSG00000132950,ZMYM5,Unknown
3887,ENSG00000107104,KANK1,Unknown
3888,ENSG00000168092,PAFAH1B2,Driver
3889,ENSG00000177432,NAP1L5,Unknown
3890,ENSG00000133704,IPO8,Unknown
3891,ENSG00000196507,TCEAL3,Non-driver
3892,ENSG00000049167,ERCC8,Unknown
3893,ENSG00000076924,XAB2,Unknown
3894,ENSG00000115275,MOGS,Unknown
3895,ENSG00000077420,APBB1IP,Non-driver
3896,ENSG00000100353,EIF3D,Unknown
3897,ENSG00000146425,DYNLT1,Non-driver
3898,ENSG00000143575,HAX1,Unknown
3899,ENSG00000183087,GAS6,Unknown
3900,ENSG00000130226,DPP6,Unknown
3901,ENSG00000089199,CHGB,Unknown
3902,ENSG00000164736,SOX17,Driver
3903,ENSG00000104671,DCTN6,Unknown
3904,ENSG00000124788,ATXN1,Unknown
3905,ENSG00000147421,HMBOX1,Non-driver
3906,ENSG00000138363,ATIC,Driver
3907,ENSG00000129824,RPS4Y1,Unknown
3908,ENSG00000112306,RPS12,Unknown
3909,ENSG00000136888,ATP6V1G1,Unknown
3910,ENSG00000160685,ZBTB7B,Unknown
3911,ENSG00000100239,PPP6R2,Unknown
3912,ENSG00000163918,RFC4,Unknown
3913,ENSG00000138074,SLC5A6,Unknown
3914,ENSG00000108256,NUFIP2,Unknown
3915,ENSG00000184905,TCEAL2,Non-driver
3916,ENSG00000034510,TMSB10,Unknown
3917,ENSG00000020426,MNAT1,Unknown
3918,ENSG00000105402,NAPA,Unknown
3919,ENSG00000277564,RBFOX2,Unknown
3920,ENSG00000130005,GAMT,Unknown
3921,ENSG00000143155,TIPRL,Unknown
3922,ENSG00000122218,COPA,Unknown
3923,ENSG00000227746,C4A,Unknown
3924,ENSG00000142765,SYTL1,Unknown
3925,ENSG00000069974,RAB27A,Unknown
3926,ENSG00000003096,KLHL13,Unknown
3927,ENSG00000174748,RPL15,Unknown
3928,ENSG00000140983,RHOT2,Unknown
3929,,H2AFY2,Unknown
3930,ENSG00000127329,PTPRB,Driver
3931,ENSG00000080608,PUM3,Non-driver
3932,ENSG00000096746,HNRNPH3,Non-driver
3933,ENSG00000107796,ACTA2,Unknown
3934,ENSG00000128989,ARPP19,Unknown
3935,ENSG00000117751,PPP1R8,Unknown
3936,ENSG00000039123,MTREX,Unknown
3937,ENSG00000165264,NDUFB6,Unknown
3938,ENSG00000197471,SPN,Unknown
3939,ENSG00000105058,FAM32A,Unknown
3940,ENSG00000117505,DR1,Unknown
3941,ENSG00000106018,VIPR2,Unknown
3942,ENSG00000103024,NME3,Unknown
3943,ENSG00000109270,LAMTOR3,Unknown
3944,ENSG00000106992,AK1,Unknown
3945,ENSG00000173369,C1QB,Unknown
3946,ENSG00000156885,COX6A2,Unknown
3947,ENSG00000070610,GBA2,Unknown
3948,ENSG00000175084,DES,Unknown
3949,ENSG00000155876,RRAGA,Unknown
3950,ENSG00000148331,ASB6,Unknown
3951,ENSG00000183431,SF3A3,Unknown
3952,ENSG00000242220,TCP10L,Unknown
3953,ENSG00000184164,CRELD2,Non-driver
3954,ENSG00000143947,RPS27A,Unknown
3955,ENSG00000157483,MYO1E,Unknown
3956,ENSG00000066248,NGEF,Unknown
3957,ENSG00000125868,DSTN,Unknown
3958,ENSG00000277356,KIR2DL1,Unknown
3959,ENSG00000099797,TECR,Unknown
3960,ENSG00000123737,EXOSC9,Unknown
3961,ENSG00000282019,GPI,Unknown
3962,ENSG00000168710,AHCYL1,Unknown
3963,ENSG00000130254,SAFB2,Unknown
3964,ENSG00000139343,SNRPF,Unknown
3965,ENSG00000062716,VMP1,Unknown
3966,ENSG00000104147,OIP5,Unknown
3967,ENSG00000168509,HJV,Unknown
3968,ENSG00000153162,BMP6,Driver
3969,ENSG00000186687,LYRM7,Unknown
3970,ENSG00000134222,PSRC1,Unknown
3971,ENSG00000213689,TREX1,Unknown
3972,ENSG00000120885,CLU,Driver
3973,ENSG00000138639,ARHGAP24,Unknown
3974,ENSG00000149091,DGKZ,Unknown
3975,ENSG00000187325,TAF9B,Unknown
3976,ENSG00000102900,NUP93,Unknown
3977,ENSG00000143248,RGS5,Unknown
3978,ENSG00000164916,FOXK1,Unknown
3979,ENSG00000028277,POU2F2,Unknown
3980,ENSG00000183763,TRAIP,Unknown
3981,ENSG00000100307,CBX7,Unknown
3982,ENSG00000065054,SLC9A3R2,Unknown
3983,ENSG00000166925,TSC22D4,Unknown
3984,ENSG00000109079,TNFAIP1,Unknown
3985,ENSG00000178567,EPM2AIP1,Unknown
3986,ENSG00000198242,RPL23A,Unknown
3987,ENSG00000162409,PRKAA2,Unknown
3988,ENSG00000198467,TPM2,Unknown
3989,ENSG00000110777,POU2AF1,Driver
3990,,HIST1H2BA,Unknown
3991,ENSG00000270885,RASL10B,Unknown
3992,ENSG00000164244,PRRC1,Non-driver
3993,ENSG00000269404,SPIB,Unknown
3994,ENSG00000237103,NCR3,Unknown
3995,ENSG00000188211,NCR3LG1,Non-driver
3996,ENSG00000115364,MRPL19,Unknown
3997,ENSG00000156374,PCGF6,Unknown
3998,ENSG00000224379,TCF19,Unknown
3999,,HIST2H2AC,Unknown
4000,,ADSS,Unknown
4001,ENSG00000180818,HOXC10,Unknown
4002,ENSG00000104695,PPP2CB,Unknown
4003,ENSG00000069248,NUP133,Unknown
4004,ENSG00000163874,ZC3H12A,Unknown
4005,ENSG00000109475,RPL34,Unknown
4006,ENSG00000164163,ABCE1,Unknown
4007,ENSG00000187051,RPS19BP1,Unknown
4008,ENSG00000138778,CENPE,Unknown
4009,ENSG00000135451,TROAP,Unknown
4010,ENSG00000154553,PDLIM3,Non-driver
4011,ENSG00000185303,SFTPA2,Unknown
4012,ENSG00000196465,MYL6B,Unknown
4013,ENSG00000147166,ITGB1BP2,Unknown
4014,ENSG00000171858,RPS21,Unknown
4015,ENSG00000149557,FEZ1,Unknown
4016,ENSG00000111725,PRKAB1,Unknown
4017,ENSG00000196700,ZNF512B,Unknown
4018,ENSG00000100897,DCAF11,Unknown
4019,ENSG00000134283,PPHLN1,Unknown
4020,ENSG00000162613,FUBP1,Driver
4021,ENSG00000153140,CETN3,Unknown
4022,ENSG00000178950,GAK,Unknown
4023,ENSG00000159516,SPRR2G,Unknown
4024,ENSG00000138071,ACTR2,Unknown
4025,ENSG00000105063,PPP6R1,Non-driver
4026,ENSG00000125485,DDX31,Unknown
4027,ENSG00000179059,ZFP42,Unknown
4028,ENSG00000137843,PAK6,Unknown
4029,ENSG00000008394,MGST1,Unknown
4030,ENSG00000140990,NDUFB10,Unknown
4031,ENSG00000160307,S100B,Unknown
4032,ENSG00000171773,NXNL1,Unknown
4033,ENSG00000284571,FLII,Unknown
4034,ENSG00000135387,CAPRIN1,Unknown
4035,ENSG00000070808,CAMK2A,Unknown
4036,ENSG00000162641,AKNAD1,Non-driver
4037,ENSG00000125835,SNRPB,Unknown
4038,ENSG00000183684,ALYREF,Unknown
4039,ENSG00000152689,RASGRP3,Non-driver
4040,ENSG00000170653,ATF7,Unknown
4041,ENSG00000062582,MRPS24,Unknown
4042,ENSG00000135535,CD164,Unknown
4043,ENSG00000183011,NAA38,Unknown
4044,ENSG00000110090,CPT1A,Unknown
4045,ENSG00000140320,BAHD1,Unknown
4046,ENSG00000259956,RBM15B,Unknown
4047,ENSG00000169862,CTNND2,Driver
4048,ENSG00000136463,TACO1,Unknown
4049,ENSG00000149591,TAGLN,Unknown
4050,ENSG00000235307,BRD2,Unknown
4051,ENSG00000132305,IMMT,Unknown
4052,ENSG00000170549,IRX1,Unknown
4053,ENSG00000204071,TCEAL6,Non-driver
4054,ENSG00000145216,FIP1L1,Driver
4055,ENSG00000163631,ALB,Unknown
4056,ENSG00000169129,AFAP1L2,Unknown
4057,ENSG00000128283,CDC42EP1,Unknown
4058,ENSG00000132002,DNAJB1,Driver
4059,ENSG00000120742,SERP1,Unknown
4060,ENSG00000221983,UBA52,Unknown
4061,ENSG00000166226,CCT2,Unknown
4062,ENSG00000278644,PCGF2,Non-driver
4063,ENSG00000100347,SAMM50,Unknown
4064,ENSG00000167515,TRAPPC2L,Unknown
4065,ENSG00000170145,SIK2,Unknown
4066,ENSG00000205403,CFI,Unknown
4067,ENSG00000112877,CEP72,Unknown
4068,ENSG00000141101,NOB1,Non-driver
4069,ENSG00000113761,ZNF346,Unknown
4070,ENSG00000105053,VRK3,Non-driver
4071,,WARS,Unknown
4072,ENSG00000187601,MAGEH1,Unknown
4073,ENSG00000111361,EIF2B1,Unknown
4074,ENSG00000109381,ELF2,Non-driver
4075,ENSG00000064726,BTBD1,Non-driver
4076,ENSG00000146731,CCT6A,Unknown
4077,ENSG00000112782,CLIC5,Unknown
4078,ENSG00000105705,SUGP1,Unknown
4079,ENSG00000075945,KIFAP3,Unknown
4080,ENSG00000090520,DNAJB11,Unknown
4081,ENSG00000136146,MED4,Unknown
4082,ENSG00000117906,RCN2,Unknown
4083,ENSG00000071127,WDR1,Unknown
4084,ENSG00000179776,CDH5,Unknown
4085,ENSG00000011243,AKAP8L,Unknown
4086,ENSG00000116544,DLGAP3,Non-driver
4087,ENSG00000107854,TNKS2,Non-driver
4088,ENSG00000086827,ZW10,Unknown
4089,ENSG00000156304,SCAF4,Unknown
4090,ENSG00000137168,PPIL1,Unknown
4091,ENSG00000136935,GOLGA1,Unknown
4092,ENSG00000049245,VAMP3,Unknown
4093,ENSG00000128596,CCDC136,Unknown
4094,ENSG00000006837,CDKL3,Unknown
4095,ENSG00000196793,ZNF239,Unknown
4096,ENSG00000182923,CEP63,Unknown
4097,ENSG00000162408,NOL9,Non-driver
4098,ENSG00000088930,XRN2,Unknown
4099,ENSG00000159461,AMFR,Unknown
4100,ENSG00000099246,RAB18,Unknown
4101,ENSG00000113569,NUP155,Unknown
4102,ENSG00000072364,AFF4,Driver
4103,ENSG00000198265,HELZ,Unknown
4104,ENSG00000004478,FKBP4,Unknown
4105,ENSG00000151239,TWF1,Unknown
4106,ENSG00000124659,TBCC,Unknown
4107,ENSG00000079337,RAPGEF3,Non-driver
4108,ENSG00000172315,TP53RK,Unknown
4109,ENSG00000101361,NOP56,Unknown
4110,ENSG00000155008,APOOL,Unknown
4111,ENSG00000157106,SMG1,Unknown
4112,ENSG00000143811,PYCR2,Unknown
4113,ENSG00000136448,NMT1,Unknown
4114,ENSG00000067829,IDH3G,Unknown
4115,ENSG00000125249,RAP2A,Unknown
4116,ENSG00000113758,DBN1,Unknown
4117,ENSG00000105398,SULT2A1,Unknown
4118,ENSG00000126856,PRDM7,Non-driver
4119,ENSG00000152465,NMT2,Unknown
4120,ENSG00000153814,JAZF1,Driver
4121,ENSG00000213463,SYNJ2BP,Unknown
4122,ENSG00000113356,POLR3G,Unknown
4123,ENSG00000132664,POLR3F,Unknown
4124,ENSG00000136271,DDX56,Unknown
4125,ENSG00000145824,CXCL14,Unknown
4126,ENSG00000172893,DHCR7,Unknown
4127,ENSG00000149485,FADS1,Unknown
4128,ENSG00000171109,MFN1,Non-driver
4129,ENSG00000163110,PDLIM5,Non-driver
4130,ENSG00000282972,GNG4,Unknown
4131,ENSG00000153922,CHD1,Unknown
4132,ENSG00000136045,PWP1,Non-driver
4133,ENSG00000197043,ANXA6,Unknown
4134,ENSG00000126107,HECTD3,Non-driver
4135,ENSG00000108468,CBX1,Non-driver
4136,ENSG00000141380,SS18,Driver
4137,ENSG00000196072,BLOC1S2,Unknown
4138,ENSG00000162244,RPL29,Unknown
4139,ENSG00000162521,RBBP4,Non-driver
4140,ENSG00000169035,KLK7,Non-driver
4141,ENSG00000165912,PACSIN3,Unknown
4142,ENSG00000064218,DMRT3,Unknown
4143,ENSG00000106605,BLVRA,Unknown
4144,ENSG00000181852,RNF41,Non-driver
4145,ENSG00000087245,MMP2,Driver
4146,ENSG00000099910,KLHL22,Unknown
4147,ENSG00000172482,AGXT,Unknown
4148,ENSG00000107581,EIF3A,Unknown
4149,ENSG00000122406,RPL5,Driver
4150,ENSG00000196616,ADH1B,Driver
4151,ENSG00000188428,BLOC1S5,Unknown
4152,ENSG00000118113,MMP8,Unknown
4153,ENSG00000173821,RNF213,Driver
4154,ENSG00000158864,NDUFS2,Unknown
4155,ENSG00000166090,IL25,Unknown
4156,ENSG00000136931,NR5A1,Unknown
4157,ENSG00000148346,LCN2,Driver
4158,ENSG00000181555,SETD2,Driver
4159,ENSG00000164466,SFXN1,Unknown
4160,ENSG00000078668,VDAC3,Unknown
4161,ENSG00000177542,SLC25A22,Unknown
4162,ENSG00000080293,SCTR,Unknown
4163,ENSG00000133773,CCDC59,Non-driver
4164,ENSG00000170956,CEACAM3,Non-driver
4165,ENSG00000068308,OTUD5,Unknown
4166,ENSG00000134245,WNT2B,Unknown
4167,ENSG00000106789,CORO2A,Unknown
4168,ENSG00000116329,OPRD1,Unknown
4169,ENSG00000166313,APBB1,Unknown
4170,ENSG00000137409,MTCH1,Unknown
4171,ENSG00000172638,EFEMP2,Unknown
4172,ENSG00000144791,LIMD1,Unknown
4173,ENSG00000111667,USP5,Unknown
4174,ENSG00000075142,SRI,Unknown
4175,ENSG00000111652,COPS7A,Unknown
4176,ENSG00000116218,NPHS2,Non-driver
4177,ENSG00000083845,RPS5,Unknown
4178,ENSG00000136872,ALDOB,Unknown
4179,ENSG00000109133,TMEM33,Non-driver
4180,ENSG00000101057,MYBL2,Unknown
4181,ENSG00000100029,PES1,Unknown
4182,ENSG00000102158,MAGT1,Unknown
4183,ENSG00000160305,DIP2A,Non-driver
4184,ENSG00000068305,MEF2A,Unknown
4185,ENSG00000076382,SPAG5,Unknown
4186,ENSG00000101146,RAE1,Unknown
4187,ENSG00000124713,GNMT,Unknown
4188,ENSG00000147669,POLR2K,Unknown
4189,ENSG00000124688,MAD2L1BP,Unknown
4190,ENSG00000071539,TRIP13,Unknown
4191,ENSG00000120875,DUSP4,Unknown
4192,ENSG00000002822,MAD1L1,Unknown
4193,ENSG00000111726,CMAS,Unknown
4194,ENSG00000166432,ZMAT1,Unknown
4195,ENSG00000171497,PPID,Unknown
4196,ENSG00000139874,SSTR1,Unknown
4197,ENSG00000197535,MYO5A,Driver
4198,ENSG00000196642,RABL6,Unknown
4199,ENSG00000188603,CLN3,Unknown
4200,ENSG00000134824,FADS2,Unknown
4201,ENSG00000184160,ADRA2C,Unknown
4202,ENSG00000134046,MBD2,Unknown
4203,ENSG00000145220,LYAR,Unknown
4204,ENSG00000171861,MRM3,Non-driver
4205,ENSG00000113851,CRBN,Unknown
4206,ENSG00000077514,POLD3,Non-driver
4207,ENSG00000125967,NECAB3,Unknown
4208,ENSG00000137674,MMP20,Unknown
4209,ENSG00000152591,DSPP,Unknown
4210,ENSG00000135077,HAVCR2,Non-driver
4211,ENSG00000111181,SLC6A12,Unknown
4212,ENSG00000138663,COPS4,Unknown
4213,ENSG00000274286,ADRA2B,Unknown
4214,ENSG00000131931,THAP1,Unknown
4215,ENSG00000162627,SNX7,Unknown
4216,ENSG00000159337,PLA2G4D,Unknown
4217,ENSG00000105497,ZNF175,Unknown
4218,ENSG00000165271,NOL6,Unknown
4219,ENSG00000163875,MEAF6,Unknown
4220,ENSG00000165702,GFI1B,Unknown
4221,ENSG00000143933,CALM2,Unknown
4222,ENSG00000130203,APOE,Unknown
4223,ENSG00000099889,ARVCF,Unknown
4224,ENSG00000100206,DMC1,Unknown
4225,ENSG00000124702,KLHDC3,Unknown
4226,ENSG00000205420,KRT6A,Unknown
4227,ENSG00000077348,EXOSC5,Unknown
4228,ENSG00000124256,ZBP1,Unknown
4229,ENSG00000276336,SCARF1,Unknown
4230,ENSG00000122873,CISD1,Unknown
4231,ENSG00000184056,VPS33B,Unknown
4232,ENSG00000198876,DCAF12,Non-driver
4233,ENSG00000108515,ENO3,Unknown
4234,ENSG00000160752,FDPS,Unknown
4235,ENSG00000164649,CDCA7L,Unknown
4236,ENSG00000130589,HELZ2,Unknown
4237,ENSG00000147223,RIPPLY1,Unknown
4238,ENSG00000130429,ARPC1B,Unknown
4239,ENSG00000132300,PTCD3,Unknown
4240,ENSG00000171148,TADA3,Unknown
4241,ENSG00000086589,RBM22,Unknown
4242,ENSG00000076685,NT5C2,Driver
4243,ENSG00000023228,NDUFS1,Unknown
4244,ENSG00000152944,MED21,Unknown
4245,ENSG00000214827,MTCP1,Driver
4246,ENSG00000131023,LATS1,Unknown
4247,ENSG00000133063,CHIT1,Non-driver
4248,ENSG00000105641,SLC5A5,Driver
4249,ENSG00000076662,ICAM3,Unknown
4250,ENSG00000110321,EIF4G2,Unknown
4251,ENSG00000104442,ARMC1,Non-driver
4252,ENSG00000262788,UTP4,Unknown
4253,ENSG00000117362,APH1A,Unknown
4254,ENSG00000189171,S100A13,Unknown
4255,ENSG00000178996,SNX18,Non-driver
4256,ENSG00000175110,MRPS22,Unknown
4257,ENSG00000120075,HOXB5,Unknown
4258,ENSG00000111271,ACAD10,Unknown
4259,ENSG00000115041,KCNIP3,Unknown
4260,ENSG00000129450,SIGLEC9,Unknown
4261,ENSG00000090615,GOLGA3,Unknown
4262,ENSG00000136811,ODF2,Unknown
4263,ENSG00000104738,MCM4,Unknown
4264,ENSG00000065357,DGKA,Unknown
4265,ENSG00000001497,LAS1L,Unknown
4266,ENSG00000110075,PPP6R3,Non-driver
4267,ENSG00000110367,DDX6,Driver
4268,ENSG00000085224,ATRX,Driver
4269,ENSG00000187908,DMBT1,Unknown
4270,ENSG00000041357,PSMA4,Unknown
4271,ENSG00000187239,FNBP1,Driver
4272,ENSG00000169474,SPRR1A,Unknown
4273,ENSG00000198721,ECI2,Unknown
4274,ENSG00000183918,SH2D1A,Unknown
4275,ENSG00000169446,MMGT1,Non-driver
4276,ENSG00000164096,C4orf3,Non-driver
4277,ENSG00000184113,CLDN5,Unknown
4278,ENSG00000177519,RPRM,Unknown
4279,ENSG00000163069,SGCB,Unknown
4280,ENSG00000079134,THOC1,Unknown
4281,ENSG00000161526,SAP30BP,Unknown
4282,ENSG00000120694,HSPH1,Unknown
4283,ENSG00000114062,UBE3A,Unknown
4284,ENSG00000165821,SALL2,Unknown
4285,ENSG00000177875,CCDC184,Non-driver
4286,ENSG00000111142,METAP2,Unknown
4287,ENSG00000139631,CSAD,Unknown
4288,ENSG00000167900,TK1,Unknown
4289,ENSG00000165370,GPR101,Unknown
4290,ENSG00000164294,GPX8,Unknown
4291,ENSG00000164815,ORC5,Unknown
4292,ENSG00000093009,CDC45,Non-driver
4293,ENSG00000115392,FANCL,Non-driver
4294,ENSG00000182591,KRTAP11-1,Unknown
4295,ENSG00000181896,ZNF101,Unknown
4296,ENSG00000186908,ZDHHC17,Unknown
4297,ENSG00000132639,SNAP25,Unknown
4298,ENSG00000104343,UBE2W,Unknown
4299,ENSG00000176641,RNF152,Unknown
4300,ENSG00000095637,SORBS1,Unknown
4301,ENSG00000073921,PICALM,Driver
4302,ENSG00000127922,SEM1,Non-driver
4303,ENSG00000101132,PFDN4,Unknown
4304,ENSG00000155959,VBP1,Unknown
4305,ENSG00000102804,TSC22D1,Unknown
4306,ENSG00000134376,CRB1,Unknown
4307,ENSG00000133943,DGLUCY,Non-driver
4308,ENSG00000198835,GJC2,Unknown
4309,ENSG00000178623,GPR35,Unknown
4310,ENSG00000124074,ENKD1,Non-driver
4311,ENSG00000139579,NABP2,Non-driver
4312,ENSG00000171867,PRNP,Unknown
4313,ENSG00000181392,SYNE4,Unknown
4314,ENSG00000182685,BRICD5,Non-driver
4315,ENSG00000139116,KIF21A,Unknown
4316,ENSG00000163072,NOSTRIN,Unknown
4317,ENSG00000107223,EDF1,Non-driver
4318,ENSG00000116833,NR5A2,Unknown
4319,ENSG00000214253,FIS1,Non-driver
4320,ENSG00000100335,MIEF1,Non-driver
4321,ENSG00000166689,PLEKHA7,Unknown
4322,,LARS,Unknown
4323,ENSG00000145888,GLRA1,Unknown
4324,ENSG00000197587,DMBX1,Unknown
4325,ENSG00000100522,GNPNAT1,Unknown
4326,ENSG00000110047,EHD1,Unknown
4327,ENSG00000131381,RBSN,Unknown
4328,ENSG00000147155,EBP,Unknown
4329,ENSG00000136052,SLC41A2,Unknown
4330,,SEPT12,Unknown
4331,ENSG00000082556,OPRK1,Unknown
4332,ENSG00000171033,PKIA,Unknown
4333,ENSG00000158716,DUSP23,Non-driver
4334,ENSG00000196290,NIF3L1,Unknown
4335,ENSG00000117475,BLZF1,Non-driver
4336,ENSG00000075624,ACTB,Unknown
4337,ENSG00000130545,CRB3,Unknown
4338,ENSG00000120942,UBIAD1,Unknown
4339,ENSG00000163535,SGO2,Non-driver
4340,ENSG00000177694,NAALADL2,Unknown
4341,ENSG00000164082,GRM2,Unknown
4342,ENSG00000145414,NAF1,Unknown
4343,ENSG00000244362,KRTAP19-7,Non-driver
4344,ENSG00000181929,PRKAG1,Unknown
4345,ENSG00000167107,ACSF2,Unknown
4346,ENSG00000088682,COQ9,Unknown
4347,ENSG00000007944,MYLIP,Unknown
4348,ENSG00000103043,VAC14,Unknown
4349,ENSG00000159202,UBE2Z,Unknown
4350,ENSG00000145358,DDIT4L,Unknown
4351,ENSG00000204873,KRTAP9-3,Non-driver
4352,ENSG00000254997,KRTAP5-9,Unknown
4353,ENSG00000158552,ZFAND2B,Unknown
4354,ENSG00000135636,DYSF,Unknown
4355,ENSG00000161547,SRSF2,Driver
4356,ENSG00000185811,IKZF1,Driver
4357,ENSG00000143156,NME7,Unknown
4358,ENSG00000278570,NR2E3,Unknown
4359,ENSG00000187175,KRTAP12-1,Unknown
4360,ENSG00000105991,HOXA1,Unknown
4361,ENSG00000126804,ZBTB1,Unknown
4362,ENSG00000183434,TFDP3,Unknown
4363,ENSG00000148175,STOM,Unknown
4364,ENSG00000100243,CYB5R3,Unknown
4365,ENSG00000165495,PKNOX2,Unknown
4366,ENSG00000143079,CTTNBP2NL,Unknown
4367,ENSG00000213281,NRAS,Driver
4368,ENSG00000155833,CYLC2,Unknown
4369,ENSG00000125409,TEKT3,Unknown
4370,ENSG00000186930,KRTAP6-2,Non-driver
4371,ENSG00000092203,TOX4,Unknown
4372,ENSG00000115507,OTX1,Unknown
4373,ENSG00000198089,SFI1,Unknown
4374,ENSG00000147400,CETN2,Unknown
4375,,HIST2H3A,Non-driver
4376,,HIST2H3C,Unknown
4377,,HIST2H3D,Non-driver
4378,ENSG00000105223,PLD3,Unknown
4379,ENSG00000143786,CNIH3,Non-driver
4380,ENSG00000148690,FRA10AC1,Non-driver
4381,ENSG00000149929,HIRIP3,Unknown
4382,ENSG00000168701,TMEM208,Non-driver
4383,ENSG00000262045,KRT34,Unknown
4384,ENSG00000123685,BATF3,Unknown
4385,ENSG00000204571,KRTAP5-11,Non-driver
4386,ENSG00000117016,RIMS3,Unknown
4387,ENSG00000100151,PICK1,Unknown
4388,ENSG00000171729,TMEM51,Non-driver
4389,ENSG00000108010,GLRX3,Unknown
4390,ENSG00000129355,CDKN2D,Unknown
4391,ENSG00000196388,INCA1,Unknown
4392,ENSG00000153823,PID1,Unknown
4393,ENSG00000128185,DGCR6L,Unknown
4394,,HIST1H2BH,Unknown
4395,ENSG00000168646,AXIN2,Driver
4396,ENSG00000085382,HACE1,Unknown
4397,ENSG00000149295,DRD2,Unknown
4398,ENSG00000123473,STIL,Driver
4399,ENSG00000104412,EMC2,Unknown
4400,ENSG00000135052,GOLM1,Unknown
4401,ENSG00000143801,PSEN2,Unknown
4402,ENSG00000164896,FASTK,Unknown
4403,ENSG00000181915,ADO,Unknown
4404,ENSG00000104763,ASAH1,Unknown
4405,ENSG00000280516,TMEM42,Non-driver
4406,ENSG00000126950,TMEM35A,Non-driver
4407,ENSG00000197976,AKAP17A,Unknown
4408,ENSG00000123154,WDR83,Unknown
4409,ENSG00000276644,DACH1,Unknown
4410,ENSG00000090905,TNRC6A,Unknown
4411,ENSG00000228964,HLA-B,Unknown
4412,ENSG00000102024,PLS3,Unknown
4413,ENSG00000125356,NDUFA1,Unknown
4414,ENSG00000171135,JAGN1,Unknown
4415,,CCDC155,Unknown
4416,ENSG00000143641,GALNT2,Unknown
4417,ENSG00000117155,SSX2IP,Non-driver
4418,ENSG00000103018,CYB5B,Unknown
4419,ENSG00000155755,TMEM237,Unknown
4420,ENSG00000100528,CNIH1,Non-driver
4421,ENSG00000175514,GPR152,Non-driver
4422,ENSG00000166289,PLEKHF1,Unknown
4423,ENSG00000115274,INO80B,Unknown
4424,ENSG00000166900,STX3,Unknown
4425,ENSG00000143198,MGST3,Unknown
4426,ENSG00000198133,TMEM229B,Non-driver
4427,ENSG00000169371,SNUPN,Non-driver
4428,ENSG00000122375,OPN4,Unknown
4429,ENSG00000188021,UBQLN2,Unknown
4430,ENSG00000164983,TMEM65,Unknown
4431,ENSG00000180532,ZSCAN4,Unknown
4432,ENSG00000118402,ELOVL4,Unknown
4433,ENSG00000196329,GIMAP5,Unknown
4434,ENSG00000197079,KRT35,Unknown
4435,ENSG00000143393,PI4KB,Non-driver
4436,ENSG00000115307,AUP1,Unknown
4437,ENSG00000112038,OPRM1,Unknown
4438,ENSG00000074319,TSG101,Unknown
4439,ENSG00000169885,CALML6,Unknown
4440,ENSG00000183036,PCP4,Unknown
4441,ENSG00000152359,POC5,Unknown
4442,ENSG00000146592,CREB5,Unknown
4443,ENSG00000102858,MGRN1,Unknown
4444,ENSG00000087111,PIGS,Unknown
4445,ENSG00000109654,TRIM2,Unknown
4446,ENSG00000104228,TRIM35,Unknown
4447,ENSG00000109736,MFSD10,Non-driver
4448,ENSG00000121542,SEC22A,Unknown
4449,ENSG00000169217,CD2BP2,Unknown
4450,ENSG00000152049,KCNE4,Unknown
4451,ENSG00000101161,PRPF6,Unknown
4452,ENSG00000162881,OXER1,Non-driver
4453,ENSG00000213186,TRIM59,Unknown
4454,ENSG00000102934,PLLP,Unknown
4455,ENSG00000182473,EXOC7,Non-driver
4456,,MARCH3,Unknown
4457,ENSG00000284868,DHRS1,Unknown
4458,ENSG00000169683,LRRC45,Non-driver
4459,ENSG00000179071,CCDC89,Non-driver
4460,ENSG00000135249,RINT1,Unknown
4461,ENSG00000196843,ARID5A,Unknown
4462,ENSG00000152954,NRSN1,Unknown
4463,ENSG00000101236,RNF24,Unknown
4464,ENSG00000029725,RABEP1,Driver
4465,ENSG00000103365,GGA2,Non-driver
4466,ENSG00000114993,RTKN,Unknown
4467,ENSG00000086015,MAST2,Unknown
4468,ENSG00000103034,NDRG4,Unknown
4469,ENSG00000127561,SYNGR3,Unknown
4470,ENSG00000092607,TBX15,Unknown
4471,ENSG00000282379,DTX2,Unknown
4472,ENSG00000099968,BCL2L13,Non-driver
4473,ENSG00000170310,STX8,Unknown
4474,ENSG00000166833,NAV2,Unknown
4475,ENSG00000092010,PSME1,Unknown
4476,ENSG00000160185,UBASH3A,Unknown
4477,ENSG00000184492,FOXD4L1,Unknown
4478,ENSG00000162366,PDZK1IP1,Unknown
4479,ENSG00000127774,EMC6,Non-driver
4480,ENSG00000111701,APOBEC1,Unknown
4481,ENSG00000186977,KRTAP19-5,Non-driver
4482,ENSG00000020256,ZFP64,Unknown
4483,ENSG00000141378,PTRH2,Unknown
4484,ENSG00000105374,NKG7,Non-driver
4485,ENSG00000177842,ZNF620,Unknown
4486,ENSG00000147133,TAF1,Unknown
4487,ENSG00000179930,ZNF648,Non-driver
4488,ENSG00000127993,RBM48,Non-driver
4489,ENSG00000100461,RBM23,Non-driver
4490,ENSG00000163993,S100P,Unknown
4491,ENSG00000173250,GPR151,Non-driver
4492,ENSG00000124103,FAM209A,Non-driver
4493,ENSG00000288427,CLSTN3,Unknown
4494,ENSG00000174599,TRAM1L1,Unknown
4495,ENSG00000131115,ZNF227,Unknown
4496,ENSG00000225998,LSM2,Unknown
4497,ENSG00000100281,HMGXB4,Unknown
4498,ENSG00000102977,ACD,Unknown
4499,ENSG00000065150,IPO5,Unknown
4500,ENSG00000152684,PELO,Unknown
4501,ENSG00000122971,ACADS,Unknown
4502,ENSG00000263236,KRTAP4-12,Non-driver
4503,ENSG00000184012,TMPRSS2,Driver
4504,ENSG00000163217,BMP10,Unknown
4505,ENSG00000109099,PMP22,Unknown
4506,ENSG00000131165,CHMP1A,Unknown
4507,ENSG00000160318,CLDND2,Non-driver
4508,ENSG00000168476,REEP4,Unknown
4509,ENSG00000115091,ACTR3,Unknown
4510,ENSG00000178951,ZBTB7A,Unknown
4511,ENSG00000011295,TTC19,Unknown
4512,ENSG00000163703,CRELD1,Unknown
4513,ENSG00000176903,PNMA1,Unknown
4514,ENSG00000184402,SS18L1,Driver
4515,ENSG00000172156,CCL11,Unknown
4516,ENSG00000221978,CCNL2,Unknown
4517,ENSG00000084764,MAPRE3,Unknown
4518,ENSG00000115266,APC2,Unknown
4519,ENSG00000168412,MTNR1A,Unknown
4520,ENSG00000145283,SLC10A6,Unknown
4521,,C16orf58,Non-driver
4522,ENSG00000140941,MAP1LC3B,Unknown
4523,ENSG00000154153,RETREG1,Non-driver
4524,ENSG00000060237,WNK1,Unknown
4525,ENSG00000185963,BICD2,Unknown
4526,ENSG00000241595,KRTAP9-4,Non-driver
4527,ENSG00000066117,SMARCD1,Driver
4528,ENSG00000168411,RFWD3,Driver
4529,ENSG00000178538,CA8,Unknown
4530,ENSG00000109083,IFT20,Unknown
4531,ENSG00000138750,NUP54,Unknown
4532,ENSG00000162882,HAAO,Unknown
4533,ENSG00000128513,POT1,Driver
4534,ENSG00000106536,POU6F2,Unknown
4535,ENSG00000101216,GMEB2,Unknown
4536,ENSG00000141198,TOM1L1,Unknown
4537,ENSG00000160447,PKN3,Unknown
4538,ENSG00000130669,PAK4,Unknown
4539,ENSG00000181885,CLDN7,Non-driver
4540,ENSG00000147123,NDUFB11,Unknown
4541,ENSG00000084072,PPIE,Unknown
4542,ENSG00000171840,NINJ2,Unknown
4543,ENSG00000080345,RIF1,Non-driver
4544,ENSG00000160207,HSF2BP,Unknown
4545,ENSG00000180448,ARHGAP45,Non-driver
4546,ENSG00000129204,USP6,Driver
4547,ENSG00000111245,MYL2,Unknown
4548,ENSG00000166394,CYB5R2,Unknown
4549,ENSG00000159289,GOLGA6A,Non-driver
4550,ENSG00000112837,TBX18,Unknown
4551,ENSG00000198576,ARC,Unknown
4552,ENSG00000164066,INTU,Unknown
4553,ENSG00000147459,DOCK5,Unknown
4554,ENSG00000111252,SH2B3,Driver
4555,ENSG00000125991,ERGIC3,Unknown
4556,ENSG00000175305,CCNE2,Unknown
4557,ENSG00000138668,HNRNPD,Non-driver
4558,ENSG00000164949,GEM,Unknown
4559,ENSG00000112304,ACOT13,Unknown
4560,ENSG00000122257,RBBP6,Unknown
4561,ENSG00000100504,PYGL,Unknown
4562,ENSG00000068976,PYGM,Unknown
4563,ENSG00000130948,HSD17B3,Unknown
4564,ENSG00000050628,PTGER3,Unknown
4565,ENSG00000120699,EXOSC8,Unknown
4566,ENSG00000132510,KDM6B,Unknown
4567,ENSG00000263341,KRTAP17-1,Non-driver
4568,ENSG00000114698,PLSCR4,Unknown
4569,ENSG00000172568,FNDC9,Non-driver
4570,ENSG00000142227,EMP3,Unknown
4571,ENSG00000141084,RANBP10,Unknown
4572,ENSG00000130066,SAT1,Unknown
4573,ENSG00000141504,SAT2,Unknown
4574,ENSG00000111653,ING4,Unknown
4575,ENSG00000095951,HIVEP1,Unknown
4576,ENSG00000165630,PRPF18,Unknown
4577,ENSG00000149781,FERMT3,Unknown
4578,ENSG00000111837,MAK,Unknown
4579,,ICK,Unknown
4580,,KIF1BP,Non-driver
4581,ENSG00000105856,HBP1,Unknown
4582,ENSG00000083520,DIS3,Unknown
4583,ENSG00000107371,EXOSC3,Unknown
4584,ENSG00000212933,KRTAP12-4,Non-driver
4585,ENSG00000092853,CLSPN,Non-driver
4586,ENSG00000131966,ACTR10,Non-driver
4587,ENSG00000126262,FFAR2,Unknown
4588,ENSG00000111371,SLC38A1,Unknown
4589,ENSG00000274352,ZNF707,Non-driver
4590,ENSG00000166946,CCNDBP1,Unknown
4591,ENSG00000145029,NICN1,Unknown
4592,ENSG00000175691,ZNF77,Unknown
4593,ENSG00000119912,IDE,Unknown
4594,ENSG00000125207,PIWIL1,Unknown
4595,ENSG00000113387,SUB1,Unknown
4596,ENSG00000119820,YIPF4,Unknown
4597,ENSG00000036565,SLC18A1,Unknown
4598,ENSG00000205864,KRTAP5-6,Non-driver
4599,ENSG00000151650,VENTX,Unknown
4600,ENSG00000037965,HOXC8,Unknown
4601,ENSG00000102144,PGK1,Unknown
4602,ENSG00000064835,POU1F1,Unknown
4603,ENSG00000197822,OCLN,Unknown
4604,ENSG00000196417,ZNF765,Unknown
4605,ENSG00000185043,CIB1,Unknown
4606,ENSG00000100348,TXN2,Unknown
4607,ENSG00000155636,RBM45,Unknown
4608,ENSG00000136371,MTHFS,Unknown
4609,ENSG00000081386,ZNF510,Non-driver
4610,ENSG00000152253,SPC25,Unknown
4611,ENSG00000043143,JADE2,Non-driver
4612,ENSG00000163960,UBXN7,Unknown
4613,ENSG00000170469,SPATA24,Non-driver
4614,ENSG00000117394,SLC2A1,Unknown
4615,ENSG00000213906,LTB4R2,Unknown
4616,ENSG00000148848,ADAM12,Unknown
4617,ENSG00000188581,KRTAP1-1,Unknown
4618,ENSG00000071203,MS4A12,Unknown
4619,ENSG00000144063,MALL,Unknown
4620,ENSG00000177238,TRIM72,Unknown
4621,ENSG00000140262,TCF12,Driver
4622,ENSG00000100652,SLC10A1,Unknown
4623,ENSG00000164007,CLDN19,Unknown
4624,ENSG00000147905,ZCCHC7,Non-driver
4625,ENSG00000137960,GIPC2,Non-driver
4626,ENSG00000127838,PNKD,Unknown
4627,ENSG00000180440,SERTM1,Non-driver
4628,ENSG00000197992,CLEC9A,Unknown
4629,ENSG00000119397,CNTRL,Driver
4630,ENSG00000164440,TXLNB,Non-driver
4631,ENSG00000116062,MSH6,Driver
4632,ENSG00000161055,SCGB3A1,Unknown
4633,ENSG00000149823,VPS51,Unknown
4634,ENSG00000124508,BTN2A2,Unknown
4635,ENSG00000134531,EMP1,Unknown
4636,ENSG00000157680,DGKI,Unknown
4637,ENSG00000119705,SLIRP,Unknown
4638,ENSG00000196182,STK40,Unknown
4639,ENSG00000079150,FKBP7,Unknown
4640,ENSG00000177427,MIEF2,Non-driver
4641,ENSG00000008197,TFAP2D,Unknown
4642,ENSG00000186970,KRTAP15-1,Non-driver
4643,ENSG00000167984,NLRC3,Unknown
4644,ENSG00000057019,DCBLD2,Unknown
4645,ENSG00000013293,SLC7A14,Unknown
4646,ENSG00000122877,EGR2,Unknown
4647,ENSG00000206053,JPT2,Non-driver
4648,ENSG00000101438,SLC32A1,Unknown
4649,ENSG00000196456,ZNF775,Non-driver
4650,ENSG00000107186,MPDZ,Unknown
4651,ENSG00000184166,OR1D2,Unknown
4652,ENSG00000177300,CLDN22,Non-driver
4653,ENSG00000139644,TMBIM6,Unknown
4654,ENSG00000170540,ARL6IP1,Unknown
4655,ENSG00000121413,ZSCAN18,Non-driver
4656,ENSG00000137338,PGBD1,Non-driver
4657,ENSG00000108587,GOSR1,Unknown
4658,ENSG00000166856,GPR182,Non-driver
4659,ENSG00000137824,RMDN3,Non-driver
4660,ENSG00000183733,FIGLA,Unknown
4661,ENSG00000107187,LHX3,Unknown
4662,ENSG00000147676,MAL2,Non-driver
4663,ENSG00000130957,FBP2,Unknown
4664,ENSG00000165140,FBP1,Unknown
4665,ENSG00000166261,ZNF202,Unknown
4666,ENSG00000175294,CATSPER1,Unknown
4667,ENSG00000196923,PDLIM7,Unknown
4668,ENSG00000189042,ZNF567,Non-driver
4669,ENSG00000170264,FAM161A,Unknown
4670,ENSG00000095066,HOOK2,Unknown
4671,ENSG00000105185,PDCD5,Unknown
4672,,HIST2H2BF,Non-driver
4673,ENSG00000033170,FUT8,Unknown
4674,ENSG00000251369,ZNF550,Non-driver
4675,ENSG00000173207,CKS1B,Unknown
4676,ENSG00000141699,RETREG3,Non-driver
4677,ENSG00000241598,KRTAP5-4,Non-driver
4678,ENSG00000278489,KRTAP5-2,Non-driver
4679,ENSG00000163206,SMCP,Unknown
4680,ENSG00000126890,CTAG2,Unknown
4681,ENSG00000182816,KRTAP13-2,Non-driver
4682,ENSG00000178053,MLF1,Driver
4683,ENSG00000131016,AKAP12,Non-driver
4684,ENSG00000124222,STX16,Unknown
4685,ENSG00000168237,GLYCTK,Unknown
4686,ENSG00000262771,SSBP1,Unknown
4687,ENSG00000124827,GCM2,Unknown
4688,ENSG00000105355,PLIN3,Unknown
4689,ENSG00000169877,AHSP,Non-driver
4690,ENSG00000049541,RFC2,Unknown
4691,ENSG00000162433,AK4,Non-driver
4692,ENSG00000167670,CHAF1A,Unknown
4693,ENSG00000198920,KIAA0753,Unknown
4694,ENSG00000149115,TNKS1BP1,Unknown
4695,ENSG00000138767,CNOT6L,Unknown
4696,ENSG00000179627,ZBTB42,Unknown
4697,ENSG00000205220,PSMB10,Non-driver
4698,ENSG00000197343,ZNF655,Unknown
4699,ENSG00000146457,WTAP,Unknown
4700,ENSG00000162775,RBM15,Driver
4701,ENSG00000165156,ZHX1,Unknown
4702,ENSG00000171307,ZDHHC16,Unknown
4703,ENSG00000125107,CNOT1,Unknown
4704,ENSG00000151876,FBXO4,Unknown
4705,ENSG00000117533,VAMP4,Non-driver
4706,ENSG00000169122,FAM110B,Unknown
4707,ENSG00000221837,KRTAP10-9,Non-driver
4708,ENSG00000198805,PNP,Unknown
4709,ENSG00000054523,KIF1B,Unknown
4710,ENSG00000288295,MCTS1,Unknown
4711,ENSG00000156261,CCT8,Unknown
4712,ENSG00000172354,GNB2,Unknown
4713,ENSG00000013275,PSMC4,Unknown
4714,ENSG00000101843,PSMD10,Unknown
4715,ENSG00000008323,PLEKHG6,Unknown
4716,ENSG00000131791,PRKAB2,Unknown
4717,ENSG00000203805,PLPP4,Non-driver
4718,ENSG00000131061,ZNF341,Unknown
4719,ENSG00000179335,CLK3,Unknown
4720,ENSG00000172789,HOXC5,Unknown
4721,ENSG00000174307,PHLDA3,Unknown
4722,ENSG00000079257,LXN,Unknown
4723,ENSG00000196859,KRT39,Unknown
4724,ENSG00000205426,KRT81,Unknown
4725,ENSG00000198908,BHLHB9,Unknown
4726,ENSG00000156273,BACH1,Unknown
4727,ENSG00000278458,KANSL1,Unknown
4728,ENSG00000114626,ABTB1,Unknown
4729,ENSG00000100815,TRIP11,Driver
4730,ENSG00000086967,MYBPC2,Unknown
4731,ENSG00000156983,BRPF1,Unknown
4732,ENSG00000169744,LDB2,Unknown
4733,ENSG00000148481,MINDY3,Unknown
4734,ENSG00000197714,ZNF460,Non-driver
4735,ENSG00000157212,PAXIP1,Unknown
4736,ENSG00000121057,AKAP1,Unknown
4737,ENSG00000165632,TAF3,Unknown
4738,ENSG00000171517,LPAR3,Unknown
4739,ENSG00000215712,TMEM242,Non-driver
4740,ENSG00000166224,SGPL1,Unknown
4741,ENSG00000162367,TAL1,Driver
4742,ENSG00000261934,PCDHGA9,Unknown
4743,ENSG00000175582,RAB6A,Unknown
4744,ENSG00000147050,KDM6A,Driver
4745,ENSG00000139190,VAMP1,Unknown
4746,ENSG00000099365,STX1B,Unknown
4747,ENSG00000114853,ZBTB47,Non-driver
4748,ENSG00000213672,NCKIPSD,Driver
4749,ENSG00000123080,CDKN2C,Driver
4750,ENSG00000109854,HTATIP2,Unknown
4751,ENSG00000180035,ZNF48,Non-driver
4752,ENSG00000178971,CTC1,Unknown
4753,ENSG00000107960,STN1,Unknown
4754,ENSG00000077274,CAPN6,Unknown
4755,,SEPT7,Unknown
4756,ENSG00000285394,C3orf52,Unknown
4757,ENSG00000113845,TIMMDC1,Unknown
4758,ENSG00000196150,ZNF250,Non-driver
4759,ENSG00000159399,HK2,Unknown
4760,ENSG00000126368,NR1D1,Unknown
4761,ENSG00000127564,PKMYT1,Unknown
4762,ENSG00000058799,YIPF1,Unknown
4763,ENSG00000129680,MAP7D3,Unknown
4764,ENSG00000121297,TSHZ3,Unknown
4765,ENSG00000083857,FAT1,Driver
4766,ENSG00000073111,MCM2,Unknown
4767,ENSG00000010282,HHATL,Unknown
4768,ENSG00000148704,VAX1,Unknown
4769,ENSG00000006704,GTF2IRD1,Unknown
4770,ENSG00000170948,MBD3L1,Unknown
4771,ENSG00000230475,ABHD16A,Unknown
4772,ENSG00000174567,GOLT1A,Non-driver
4773,ENSG00000103657,HERC1,Unknown
4774,ENSG00000151967,SCHIP1,Non-driver
4775,ENSG00000120688,WBP4,Unknown
4776,ENSG00000099139,PCSK5,Unknown
4777,ENSG00000173898,SPTBN2,Unknown
4778,ENSG00000151117,TMEM86A,Non-driver
4779,ENSG00000162735,PEX19,Unknown
4780,ENSG00000168958,MFF,Unknown
4781,ENSG00000188807,TMEM201,Unknown
4782,ENSG00000135506,OS9,Unknown
4783,ENSG00000118200,CAMSAP2,Non-driver
4784,ENSG00000163126,ANKRD23,Unknown
4785,ENSG00000262862,KRTAP2-3,Non-driver
4786,ENSG00000178279,TNP2,Unknown
4787,ENSG00000127588,GNG13,Unknown
4788,ENSG00000136930,PSMB7,Unknown
4789,ENSG00000006194,ZNF263,Unknown
4790,ENSG00000171456,ASXL1,Driver
4791,ENSG00000126251,GPR42,Unknown
4792,ENSG00000146859,TMEM140,Non-driver
4793,ENSG00000095787,WAC,Unknown
4794,ENSG00000183640,KRTAP8-1,Non-driver
4795,ENSG00000115310,RTN4,Unknown
4796,ENSG00000086506,HBQ1,Unknown
4797,ENSG00000270765,GAS2L2,Unknown
4798,ENSG00000109771,LRP2BP,Non-driver
4799,ENSG00000125870,SNRPB2,Unknown
4800,ENSG00000133115,STOML3,Unknown
4801,ENSG00000156113,KCNMA1,Unknown
4802,ENSG00000102241,HTATSF1,Unknown
4803,ENSG00000247596,TWF2,Unknown
4804,ENSG00000133627,ACTR3B,Non-driver
4805,ENSG00000142089,IFITM3,Unknown
4806,ENSG00000125255,SLC10A2,Unknown
4807,ENSG00000135972,MRPS9,Unknown
4808,ENSG00000144567,RETREG2,Non-driver
4809,ENSG00000123485,HJURP,Unknown
4810,ENSG00000141552,ANAPC11,Unknown
4811,ENSG00000107758,PPP3CB,Unknown
4812,ENSG00000112561,TFEB,Driver
4813,ENSG00000170035,UBE2E3,Unknown
4814,ENSG00000178498,DTX3,Unknown
4815,ENSG00000106609,TMEM248,Non-driver
4816,ENSG00000204070,SYS1,Unknown
4817,ENSG00000187109,NAP1L1,Unknown
4818,ENSG00000105255,FSD1,Unknown
4819,ENSG00000072609,CHFR,Unknown
4820,ENSG00000101310,SEC23B,Unknown
4821,ENSG00000124562,SNRPC,Unknown
4822,ENSG00000088766,CRLS1,Unknown
4823,ENSG00000059145,UNKL,Unknown
4824,ENSG00000090674,MCOLN1,Unknown
4825,ENSG00000263296,KRTAP3-2,Non-driver
4826,ENSG00000111450,STX2,Unknown
4827,ENSG00000145087,STXBP5L,Unknown
4828,ENSG00000188566,NDOR1,Non-driver
4829,ENSG00000236843,NRM,Non-driver
4830,ENSG00000165304,MELK,Unknown
4831,ENSG00000171843,MLLT3,Driver
4832,ENSG00000168032,ENTPD3,Unknown
4833,ENSG00000167741,GGT6,Unknown
4834,ENSG00000157985,AGAP1,Unknown
4835,ENSG00000064961,HMG20B,Unknown
4836,ENSG00000106628,POLD2,Unknown
4837,ENSG00000064270,ATP2C2,Unknown
4838,ENSG00000160948,VPS28,Unknown
4839,ENSG00000171056,SOX7,Unknown
4840,ENSG00000197753,LHFPL5,Unknown
4841,ENSG00000105254,TBCB,Non-driver
4842,ENSG00000261609,GAN,Unknown
4843,ENSG00000104237,RP1,Unknown
4844,ENSG00000234602,MCIDAS,Non-driver
4845,ENSG00000282956,MAGI1,Unknown
4846,ENSG00000105137,SYDE1,Unknown
4847,ENSG00000100739,BDKRB1,Unknown
4848,ENSG00000156970,BUB1B,Driver
4849,ENSG00000188641,DPYD,Driver
4850,ENSG00000249915,PDCD6,Unknown
4851,ENSG00000179455,MKRN3,Unknown
4852,ENSG00000170091,NSG2,Non-driver
4853,ENSG00000177954,RPS27,Unknown
4854,ENSG00000118579,MED28,Unknown
4855,ENSG00000100038,TOP3B,Unknown
4856,ENSG00000144021,CIAO1,Unknown
4857,ENSG00000161692,DBF4B,Unknown
4858,ENSG00000146112,PPP1R18,Unknown
4859,ENSG00000134748,PRPF38A,Unknown
4860,ENSG00000118762,PKD2,Unknown
4861,ENSG00000008710,PKD1,Unknown
4862,ENSG00000127903,ZNF835,Non-driver
4863,ENSG00000211456,SACM1L,Unknown
4864,ENSG00000116161,CACYBP,Non-driver
4865,ENSG00000157538,VPS26C,Non-driver
4866,ENSG00000149089,APIP,Unknown
4867,ENSG00000100577,GSTZ1,Unknown
4868,ENSG00000145391,SETD7,Unknown
4869,ENSG00000212721,KRTAP4-11,Non-driver
4870,ENSG00000081377,CDC14B,Unknown
4871,ENSG00000138944,SHISAL1,Non-driver
4872,ENSG00000255112,CHMP1B,Unknown
4873,ENSG00000119328,ABITRAM,Non-driver
4874,ENSG00000023318,ERP44,Non-driver
4875,ENSG00000162961,DPY30,Unknown
4876,ENSG00000166886,NAB2,Driver
4877,ENSG00000235650,RPS18,Unknown
4878,ENSG00000150961,SEC24D,Unknown
4879,ENSG00000213694,S1PR3,Unknown
4880,ENSG00000171634,BPTF,Unknown
4881,ENSG00000173614,NMNAT1,Unknown
4882,ENSG00000150433,TMEM218,Non-driver
4883,ENSG00000198818,SFT2D1,Non-driver
4884,ENSG00000086159,AQP6,Unknown
4885,ENSG00000130559,CAMSAP1,Unknown
4886,ENSG00000061676,NCKAP1,Unknown
4887,ENSG00000155975,VPS37A,Unknown
4888,ENSG00000249581,CLRN2,Non-driver
4889,ENSG00000137078,SIT1,Non-driver
4890,ENSG00000100116,GCAT,Unknown
4891,ENSG00000170128,GPR25,Unknown
4892,ENSG00000071553,ATP6AP1,Unknown
4893,ENSG00000240432,KRTAP13-3,Unknown
4894,ENSG00000057935,MTA3,Non-driver
4895,ENSG00000158014,SLC30A2,Unknown
4896,ENSG00000164756,SLC30A8,Unknown
4897,ENSG00000116857,TMEM9,Unknown
4898,ENSG00000111049,MYF5,Unknown
4899,ENSG00000176472,ZNF575,Non-driver
4900,ENSG00000172023,REG1B,Non-driver
4901,ENSG00000090661,CERS4,Unknown
4902,ENSG00000133678,TMEM254,Non-driver
4903,ENSG00000129472,RAB2B,Unknown
4904,ENSG00000144061,NPHP1,Unknown
4905,ENSG00000131697,NPHP4,Unknown
4906,ENSG00000186141,POLR3C,Unknown
4907,ENSG00000198783,ZNF830,Unknown
4908,ENSG00000061455,PRDM6,Unknown
4909,ENSG00000151461,UPF2,Unknown
4910,ENSG00000124098,FAM210B,Non-driver
4911,ENSG00000061918,GUCY1B1,Non-driver
4912,ENSG00000164116,GUCY1A1,Non-driver
4913,ENSG00000164187,LMBRD2,Non-driver
4914,ENSG00000116830,TTF2,Unknown
4915,ENSG00000165695,AK8,Unknown
4916,ENSG00000166199,ALKBH3,Unknown
4917,ENSG00000062194,GPBP1,Unknown
4918,ENSG00000096092,TMEM14A,Unknown
4919,ENSG00000157613,CREB3L1,Driver
4920,ENSG00000129187,DCTD,Unknown
4921,ENSG00000170860,LSM3,Unknown
4922,ENSG00000111790,FGFR1OP2,Non-driver
4923,ENSG00000185897,FFAR3,Unknown
4924,ENSG00000022840,RNF10,Unknown
4925,ENSG00000137411,VARS2,Unknown
4926,ENSG00000135365,PHF21A,Unknown
4927,ENSG00000143228,NUF2,Unknown
4928,ENSG00000058091,CDK14,Unknown
4929,ENSG00000170854,RIOX2,Non-driver
4930,ENSG00000158806,NPM2,Unknown
4931,ENSG00000149177,PTPRJ,Unknown
4932,ENSG00000159173,TNNI1,Unknown
4933,ENSG00000160410,SHKBP1,Unknown
4934,ENSG00000169583,CLIC3,Unknown
4935,ENSG00000146285,SCML4,Non-driver
4936,ENSG00000149636,DSN1,Unknown
4937,ENSG00000197683,KRTAP26-1,Non-driver
4938,ENSG00000181778,TMEM252,Non-driver
4939,ENSG00000113369,ARRDC3,Unknown
4940,ENSG00000116903,EXOC8,Unknown
4941,ENSG00000165113,GKAP1,Unknown
4942,ENSG00000103494,RPGRIP1L,Unknown
4943,ENSG00000007255,TRAPPC6A,Unknown
4944,ENSG00000276043,UHRF1,Driver
4945,ENSG00000160961,ZNF333,Unknown
4946,ENSG00000148677,ANKRD1,Unknown
4947,ENSG00000168530,MYL1,Unknown
4948,ENSG00000141002,TCF25,Unknown
4949,ENSG00000173404,INSM1,Unknown
4950,ENSG00000117713,ARID1A,Driver
4951,ENSG00000077454,LRCH4,Non-driver
4952,ENSG00000151502,VPS26B,Unknown
4953,ENSG00000134108,ARL8B,Unknown
4954,ENSG00000137145,DENND4C,Non-driver
4955,ENSG00000159224,GIP,Unknown
4956,ENSG00000231377,DHX16,Unknown
4957,ENSG00000183814,LIN9,Unknown
4958,ENSG00000184708,EIF4ENIF1,Unknown
4959,ENSG00000109686,SH3D19,Unknown
4960,ENSG00000123411,IKZF4,Unknown
4961,ENSG00000008018,PSMB1,Unknown
4962,ENSG00000152969,JAKMIP1,Unknown
4963,ENSG00000107165,TYRP1,Unknown
4964,ENSG00000284984,RHOU,Unknown
4965,ENSG00000079432,CIC,Driver
4966,ENSG00000131351,HAUS8,Unknown
4967,ENSG00000167625,ZNF526,Unknown
4968,ENSG00000133065,SLC41A1,Unknown
4969,ENSG00000185046,ANKS1B,Unknown
4970,ENSG00000196584,XRCC2,Unknown
4971,ENSG00000170260,ZNF212,Unknown
4972,ENSG00000140553,UNC45A,Unknown
4973,ENSG00000197448,GSTK1,Unknown
4974,ENSG00000183775,KCTD16,Unknown
4975,ENSG00000141279,NPEPPS,Unknown
4976,ENSG00000160741,CRTC2,Unknown
4977,ENSG00000143545,RAB13,Unknown
4978,ENSG00000163884,KLF15,Unknown
4979,ENSG00000178057,NDUFAF3,Unknown
4980,ENSG00000158825,CDA,Unknown
4981,ENSG00000165584,SSX3,Unknown
4982,ENSG00000064195,DLX3,Unknown
4983,ENSG00000080189,SLC35C2,Non-driver
4984,ENSG00000215203,GRXCR1,Unknown
4985,ENSG00000255690,TRIL,Unknown
4986,ENSG00000163682,RPL9,Unknown
4987,ENSG00000135486,HNRNPA1,Unknown
4988,ENSG00000166783,MARF1,Unknown
4989,ENSG00000257923,CUX1,Driver
4990,ENSG00000162819,BROX,Non-driver
4991,ENSG00000101421,CHMP4B,Unknown
4992,ENSG00000156256,USP16,Unknown
4993,ENSG00000072832,CRMP1,Unknown
4994,ENSG00000125447,GGA3,Unknown
4995,ENSG00000188906,LRRK2,Unknown
4996,ENSG00000087470,DNM1L,Unknown
4997,ENSG00000266094,RASSF5,Unknown
4998,ENSG00000165792,METTL17,Unknown
4999,ENSG00000061337,LZTS1,Unknown
5000,ENSG00000139531,SUOX,Unknown
5001,ENSG00000268651,CTAG1A,Unknown
5002,ENSG00000105576,TNPO2,Unknown
5003,ENSG00000184033,CTAG1B,Unknown
5004,ENSG00000127515,OR7A10,Non-driver
5005,ENSG00000186150,UBL4B,Unknown
5006,ENSG00000123297,TSFM,Unknown
5007,ENSG00000166228,PCBD1,Unknown
5008,ENSG00000276194,HNF1B,Unknown
5009,ENSG00000154358,OBSCN,Unknown
5010,ENSG00000106153,CHCHD2,Unknown
5011,ENSG00000169895,SYAP1,Non-driver
5012,ENSG00000170037,CNTROB,Unknown
5013,ENSG00000105939,ZC3HAV1,Unknown
5014,ENSG00000198271,KRTAP4-5,Unknown
5015,ENSG00000244462,RBM12,Unknown
5016,ENSG00000112182,BACH2,Unknown
5017,ENSG00000198517,MAFK,Unknown
5018,ENSG00000173991,TCAP,Unknown
5019,ENSG00000169271,HSPB3,Unknown
5020,ENSG00000144893,MED12L,Unknown
5021,ENSG00000040608,RTN4R,Unknown
5022,ENSG00000174483,BBS1,Unknown
5023,ENSG00000113966,ARL6,Unknown
5024,ENSG00000021645,NRXN3,Unknown
5025,ENSG00000158748,HTR6,Unknown
5026,ENSG00000067208,EVI5,Unknown
5027,ENSG00000147536,GINS4,Unknown
5028,ENSG00000131153,GINS2,Unknown
5029,ENSG00000115145,STAM2,Unknown
5030,ENSG00000115762,PLEKHB2,Non-driver
5031,ENSG00000132781,MUTYH,Driver
5032,ENSG00000166169,POLL,Unknown
5033,ENSG00000138741,TRPC3,Unknown
5034,ENSG00000165120,SSMEM1,Non-driver
5035,ENSG00000143595,AQP10,Unknown
5036,ENSG00000166257,SCN3B,Unknown
5037,ENSG00000117360,PRPF3,Unknown
5038,ENSG00000025770,NCAPH2,Unknown
5039,ENSG00000178935,ZNF552,Non-driver
5040,ENSG00000034693,PEX3,Unknown
5041,ENSG00000167272,POP5,Unknown
5042,ENSG00000156603,MED19,Unknown
5043,ENSG00000281813,KAT6B,Driver
5044,ENSG00000180089,TMEM86B,Unknown
5045,ENSG00000101152,DNAJC5,Unknown
5046,ENSG00000155657,TTN,Unknown
5047,ENSG00000121073,SLC35B1,Unknown
5048,ENSG00000083838,ZNF446,Non-driver
5049,ENSG00000172466,ZNF24,Unknown
5050,ENSG00000130720,FIBCD1,Unknown
5051,ENSG00000176182,MYPOP,Unknown
5052,ENSG00000100246,DNAL4,Unknown
5053,ENSG00000184731,FAM110C,Unknown
5054,ENSG00000174099,MSRB3,Unknown
5055,ENSG00000049618,ARID1B,Driver
5056,ENSG00000160131,VMA21,Unknown
5057,ENSG00000001461,NIPAL3,Non-driver
5058,ENSG00000102898,NUTF2,Non-driver
5059,ENSG00000134453,RBM17,Unknown
5060,ENSG00000110171,TRIM3,Unknown
5061,ENSG00000113924,HGD,Unknown
5062,ENSG00000186115,CYP4F2,Unknown
5063,ENSG00000100867,DHRS2,Unknown
5064,ENSG00000173214,MFSD4B,Unknown
5065,ENSG00000182492,BGN,Unknown
5066,ENSG00000028116,VRK2,Unknown
5067,ENSG00000104973,MED25,Unknown
5068,ENSG00000267796,LIN37,Non-driver
5069,ENSG00000093000,NUP50,Unknown
5070,ENSG00000075420,FNDC3B,Unknown
5071,ENSG00000165724,ZMYND19,Unknown
5072,ENSG00000164040,PGRMC2,Unknown
5073,ENSG00000135587,SMPD2,Unknown
5074,ENSG00000135211,TMEM60,Non-driver
5075,ENSG00000166069,TMCO5A,Non-driver
5076,ENSG00000135406,PRPH,Unknown
5077,ENSG00000171446,KRT27,Unknown
5078,ENSG00000196646,ZNF136,Unknown
5079,ENSG00000161896,IP6K3,Non-driver
5080,ENSG00000130741,EIF2S3,Unknown
5081,ENSG00000171295,ZNF440,Non-driver
5082,ENSG00000109445,ZNF330,Unknown
5083,ENSG00000134986,NREP,Non-driver
5084,ENSG00000181092,ADIPOQ,Unknown
5085,ENSG00000285053,TBCE,Unknown
5086,ENSG00000111676,ATN1,Unknown
5087,ENSG00000100865,CINP,Unknown
5088,ENSG00000137726,FXYD6,Unknown
5089,ENSG00000142494,SLC47A1,Unknown
5090,ENSG00000178718,RPP25,Non-driver
5091,ENSG00000143401,ANP32E,Unknown
5092,ENSG00000142583,SLC2A5,Unknown
5093,ENSG00000133103,COG6,Unknown
5094,ENSG00000117862,TXNDC12,Unknown
5095,ENSG00000063322,MED29,Unknown
5096,ENSG00000126603,GLIS2,Unknown
5097,ENSG00000140854,KATNB1,Unknown
5098,ENSG00000118523,CCN2,Non-driver
5099,ENSG00000188761,BCL2L15,Non-driver
5100,ENSG00000007372,PAX6,Unknown
5101,ENSG00000169410,PTPN9,Unknown
5102,ENSG00000171992,SYNPO,Unknown
5103,ENSG00000173275,ZNF449,Unknown
5104,ENSG00000105146,AURKC,Unknown
5105,,SEPT14,Unknown
5106,,SEPT2,Unknown
5107,ENSG00000162517,PEF1,Unknown
5108,ENSG00000135439,AGAP2,Unknown
5109,ENSG00000186207,LCE5A,Unknown
5110,ENSG00000187180,LCE2C,Unknown
5111,ENSG00000103591,AAGAB,Unknown
5112,ENSG00000152056,AP1S3,Unknown
5113,ENSG00000125878,TCF15,Unknown
5114,ENSG00000185475,TMEM179B,Non-driver
5115,ENSG00000151778,SERP2,Non-driver
5116,ENSG00000155229,MMS19,Unknown
5117,ENSG00000168899,VAMP5,Unknown
5118,ENSG00000110025,SNX15,Unknown
5119,ENSG00000137074,APTX,Unknown
5120,ENSG00000183304,FAM9A,Unknown
5121,ENSG00000148341,SH3GLB2,Non-driver
5122,ENSG00000275895,U2AF1L5,Non-driver
5123,ENSG00000149313,AASDHPPT,Unknown
5124,ENSG00000134709,HOOK1,Unknown
5125,,DUPD1,Non-driver
5126,ENSG00000108381,ASPA,Unknown
5127,ENSG00000203786,KPRP,Unknown
5128,ENSG00000159921,GNE,Unknown
5129,ENSG00000009709,PAX7,Driver
5130,ENSG00000113552,GNPDA1,Unknown
5131,ENSG00000065029,ZNF76,Unknown
5132,ENSG00000136732,GYPC,Unknown
5133,ENSG00000153060,TEKT5,Non-driver
5134,ENSG00000184675,AMER1,Driver
5135,ENSG00000172057,ORMDL3,Unknown
5136,ENSG00000149489,ROM1,Unknown
5137,ENSG00000168395,ING5,Unknown
5138,ENSG00000009844,VTA1,Non-driver
5139,ENSG00000104490,NCALD,Unknown
5140,ENSG00000169704,GP9,Unknown
5141,ENSG00000213588,ZBTB9,Non-driver
5142,ENSG00000178149,DALRD3,Non-driver
5143,ENSG00000120129,DUSP1,Unknown
5144,ENSG00000127989,MTERF1,Non-driver
5145,ENSG00000107140,TESK1,Unknown
5146,ENSG00000070367,EXOC5,Unknown
5147,ENSG00000169087,HSPBAP1,Non-driver
5148,ENSG00000105894,PTN,Unknown
5149,ENSG00000123560,PLP1,Unknown
5150,ENSG00000164591,MYOZ3,Unknown
5151,ENSG00000198081,ZBTB14,Non-driver
5152,ENSG00000173226,IQCB1,Unknown
5153,ENSG00000163093,BBS5,Unknown
5154,ENSG00000109501,WFS1,Unknown
5155,ENSG00000147642,SYBU,Non-driver
5156,ENSG00000182621,PLCB1,Unknown
5157,ENSG00000204859,ZBTB48,Unknown
5158,ENSG00000113734,BNIP1,Unknown
5159,ENSG00000100292,HMOX1,Unknown
5160,ENSG00000173110,HSPA6,Unknown
5161,ENSG00000065882,TBC1D1,Unknown
5162,ENSG00000196792,STRN3,Unknown
5163,ENSG00000151690,MFSD6,Unknown
5164,ENSG00000004779,NDUFAB1,Unknown
5165,ENSG00000144034,TPRKB,Unknown
5166,ENSG00000104897,SF3A2,Unknown
5167,ENSG00000167414,GNG8,Non-driver
5168,ENSG00000160683,CXCR5,Unknown
5169,ENSG00000159082,SYNJ1,Unknown
5170,ENSG00000171475,WIPF2,Unknown
5171,ENSG00000102243,VGLL1,Unknown
5172,ENSG00000128928,IVD,Unknown
5173,ENSG00000063515,GSC2,Unknown
5174,ENSG00000167123,CERCAM,Unknown
5175,ENSG00000110801,PSMD9,Unknown
5176,ENSG00000128585,MKLN1,Unknown
5177,ENSG00000143514,TP53BP2,Unknown
5178,ENSG00000108039,XPNPEP1,Unknown
5179,ENSG00000103540,CCP110,Unknown
5180,ENSG00000146918,NCAPG2,Unknown
5181,ENSG00000206560,ANKRD28,Unknown
5182,ENSG00000033050,ABCF2,Unknown
5183,ENSG00000198162,MAN1A2,Unknown
5184,ENSG00000181541,MAB21L2,Unknown
5185,ENSG00000130713,EXOSC2,Unknown
5186,ENSG00000175213,ZNF408,Unknown
5187,ENSG00000103995,CEP152,Unknown
5188,ENSG00000053254,FOXN3,Unknown
5189,ENSG00000198466,ZNF587,Non-driver
5190,ENSG00000198315,ZKSCAN8,Non-driver
5191,ENSG00000075914,EXOSC7,Unknown
5192,ENSG00000262635,TDO2,Unknown
5193,ENSG00000214513,NOTO,Non-driver
5194,ENSG00000174306,ZHX3,Unknown
5195,ENSG00000160801,PTH1R,Non-driver
5196,ENSG00000143776,CDC42BPA,Unknown
5197,ENSG00000172890,NADSYN1,Unknown
5198,ENSG00000114850,SSR3,Unknown
5199,ENSG00000197579,TOPORS,Unknown
5200,ENSG00000188033,ZNF490,Non-driver
5201,ENSG00000285248,IPO4,Non-driver
5202,ENSG00000162959,MEMO1,Unknown
5203,ENSG00000136003,ISCU,Unknown
5204,ENSG00000147649,MTDH,Unknown
5205,ENSG00000158636,EMSY,Unknown
5206,ENSG00000103152,MPG,Unknown
5207,ENSG00000206505,HLA-A,Driver
5208,ENSG00000175895,PLEKHF2,Unknown
5209,ENSG00000152430,BOLL,Unknown
5210,ENSG00000181938,GINS3,Unknown
5211,ENSG00000134910,STT3A,Unknown
5212,ENSG00000177030,DEAF1,Unknown
5213,ENSG00000164880,INTS1,Unknown
5214,ENSG00000172073,TEX37,Non-driver
5215,ENSG00000114279,FGF12,Unknown
5216,ENSG00000103042,SLC38A7,Unknown
5217,ENSG00000110218,PANX1,Unknown
5218,ENSG00000101624,CEP76,Unknown
5219,ENSG00000164167,LSM6,Unknown
5220,ENSG00000186510,CLCNKA,Unknown
5221,ENSG00000196459,TRAPPC2,Unknown
5222,ENSG00000137288,UQCC2,Unknown
5223,ENSG00000184451,CCR10,Unknown
5224,ENSG00000116001,TIA1,Unknown
5225,ENSG00000140987,ZSCAN32,Non-driver
5226,ENSG00000002933,TMEM176A,Non-driver
5227,ENSG00000173276,ZBTB21,Unknown
5228,ENSG00000100242,SUN2,Unknown
5229,ENSG00000002549,LAP3,Non-driver
5230,ENSG00000196152,ZNF79,Unknown
5231,ENSG00000176009,ASCL3,Non-driver
5232,ENSG00000128050,PAICS,Unknown
5233,ENSG00000140265,ZSCAN29,Non-driver
5234,ENSG00000163346,PBXIP1,Non-driver
5235,ENSG00000169136,ATF5,Unknown
5236,ENSG00000154118,JPH3,Unknown
5237,ENSG00000138069,RAB1A,Non-driver
5238,ENSG00000265491,RNF115,Non-driver
5239,ENSG00000135932,CAB39,Unknown
5240,ENSG00000148110,MFSD14B,Non-driver
5241,ENSG00000130733,YIPF2,Unknown
5242,ENSG00000129116,PALLD,Unknown
5243,ENSG00000120805,ARL1,Unknown
5244,ENSG00000120860,WASHC3,Non-driver
5245,ENSG00000166747,AP1G1,Unknown
5246,ENSG00000137648,TMPRSS4,Unknown
5247,ENSG00000005486,RHBDD2,Unknown
5248,ENSG00000077616,NAALAD2,Unknown
5249,ENSG00000115233,PSMD14,Unknown
5250,ENSG00000107829,FBXW4,Unknown
5251,ENSG00000167604,NFKBID,Non-driver
5252,ENSG00000106688,SLC1A1,Unknown
5253,ENSG00000160877,NACC1,Unknown
5254,ENSG00000170836,PPM1D,Driver
5255,ENSG00000099957,P2RX6,Non-driver
5256,ENSG00000104164,BLOC1S6,Unknown
5257,ENSG00000154710,RABGEF1,Unknown
5258,ENSG00000170214,ADRA1B,Unknown
5259,ENSG00000178127,NDUFV2,Unknown
5260,ENSG00000161956,SENP3,Unknown
5261,ENSG00000106511,MEOX2,Unknown
5262,ENSG00000102935,ZNF423,Unknown
5263,ENSG00000168209,DDIT4,Unknown
5264,ENSG00000173480,ZNF417,Non-driver
5265,ENSG00000205189,ZBTB10,Non-driver
5266,ENSG00000132256,TRIM5,Unknown
5267,ENSG00000086548,CEACAM6,Unknown
5268,ENSG00000177485,ZBTB33,Unknown
5269,ENSG00000136710,CCDC115,Unknown
5270,ENSG00000075399,VPS9D1,Non-driver
5271,ENSG00000185379,RAD51D,Unknown
5272,ENSG00000168071,CCDC88B,Unknown
5273,,H2AFX,Non-driver
5274,ENSG00000162300,ZFPL1,Non-driver
5275,ENSG00000127328,RAB3IP,Non-driver
5276,ENSG00000072958,AP1M1,Unknown
5277,ENSG00000116649,SRM,Unknown
5278,ENSG00000147162,OGT,Unknown
5279,ENSG00000214717,ZBED1,Unknown
5280,ENSG00000125863,MKKS,Unknown
5281,ENSG00000198010,DLGAP2,Unknown
5282,ENSG00000177917,ARL6IP6,Unknown
5283,ENSG00000122786,CALD1,Unknown
5284,,HIST1H2AM,Unknown
5285,,HIST1H2AK,Unknown
5286,,HIST1H2AI,Unknown
5287,,HIST1H2AL,Unknown
5288,,HIST1H2AG,Unknown
5289,ENSG00000264364,DYNLL2,Unknown
5290,ENSG00000110079,MS4A4A,Unknown
5291,ENSG00000125733,TRIP10,Unknown
5292,ENSG00000105677,TMEM147,Unknown
5293,ENSG00000109846,CRYAB,Unknown
5294,ENSG00000152137,HSPB8,Unknown
5295,ENSG00000100526,CDKN3,Unknown
5296,ENSG00000134640,MTNR1B,Unknown
5297,ENSG00000033867,SLC4A7,Unknown
5298,ENSG00000184209,SNRNP35,Non-driver
5299,ENSG00000288335,TWIST2,Unknown
5300,ENSG00000104783,KCNN4,Unknown
5301,ENSG00000089356,FXYD3,Unknown
5302,ENSG00000117625,RCOR3,Non-driver
5303,ENSG00000147596,PRDM14,Unknown
5304,ENSG00000170266,GLB1,Unknown
5305,ENSG00000138375,SMARCAL1,Unknown
5306,ENSG00000183323,CCDC125,Unknown
5307,ENSG00000088727,KIF9,Unknown
5308,ENSG00000084731,KIF3C,Unknown
5309,ENSG00000163050,COQ8A,Non-driver
5310,ENSG00000127054,INTS11,Non-driver
5311,ENSG00000104299,INTS9,Unknown
5312,ENSG00000130528,HRC,Unknown
5313,ENSG00000133104,SPART,Unknown
5314,ENSG00000165556,CDX2,Driver
5315,ENSG00000180332,KCTD4,Non-driver
5316,ENSG00000151422,FER,Unknown
5317,ENSG00000167995,BEST1,Unknown
5318,ENSG00000100744,GSKIP,Unknown
5319,ENSG00000107281,NPDC1,Unknown
5320,ENSG00000205352,PRR13,Unknown
5321,ENSG00000197024,ZNF398,Non-driver
5322,ENSG00000204946,ZNF783,Non-driver
5323,ENSG00000106336,FBXO24,Unknown
5324,ENSG00000130299,GTPBP3,Unknown
5325,ENSG00000164707,SLC13A4,Unknown
5326,ENSG00000108255,CRYBA1,Unknown
5327,ENSG00000168246,UBTD2,Unknown
5328,ENSG00000123636,BAZ2B,Unknown
5329,ENSG00000010932,FMO1,Unknown
5330,ENSG00000167580,AQP2,Unknown
5331,ENSG00000225697,SLC26A6,Unknown
5332,ENSG00000117569,PTBP2,Unknown
5333,ENSG00000175575,PAAF1,Non-driver
5334,ENSG00000155660,PDIA4,Unknown
5335,ENSG00000170442,KRT86,Unknown
5336,ENSG00000160917,CPSF4,Unknown
5337,ENSG00000189280,GJB5,Unknown
5338,ENSG00000160678,S100A1,Unknown
5339,ENSG00000167972,ABCA3,Unknown
5340,ENSG00000078081,LAMP3,Non-driver
5341,ENSG00000143119,CD53,Unknown
5342,ENSG00000167656,LY6D,Unknown
5343,ENSG00000139291,TMEM19,Non-driver
5344,ENSG00000187170,LCE4A,Unknown
5345,ENSG00000159455,LCE2B,Unknown
5346,ENSG00000099810,MTAP,Unknown
5347,ENSG00000171431,KRT20,Unknown
5348,ENSG00000111229,ARPC3,Unknown
5349,ENSG00000154040,CABYR,Unknown
5350,ENSG00000133935,ERG28,Unknown
5351,ENSG00000057294,PKP2,Unknown
5352,ENSG00000163554,SPTA1,Unknown
5353,ENSG00000170523,KRT83,Unknown
5354,ENSG00000235588,AIF1,Unknown
5355,ENSG00000174652,ZNF266,Unknown
5356,ENSG00000105656,ELL,Driver
5357,ENSG00000101639,CEP192,Unknown
5358,ENSG00000277649,TIMM22,Unknown
5359,ENSG00000132912,DCTN4,Unknown
5360,ENSG00000146054,TRIM7,Unknown
5361,ENSG00000163254,CRYGC,Unknown
5362,ENSG00000125741,OPA3,Unknown
5363,ENSG00000280616,VPS11,Unknown
5364,ENSG00000170484,KRT74,Unknown
5365,ENSG00000171401,KRT13,Unknown
5366,ENSG00000102383,ZDHHC15,Unknown
5367,ENSG00000078549,ADCYAP1R1,Unknown
5368,ENSG00000140022,STON2,Unknown
5369,ENSG00000085832,EPS15,Driver
5370,ENSG00000118900,UBN1,Unknown
5371,ENSG00000274137,MYOM2,Unknown
5372,ENSG00000164941,INTS8,Unknown
5373,ENSG00000263155,MYZAP,Non-driver
5374,ENSG00000154001,PPP2R5E,Unknown
5375,ENSG00000148734,NPFFR1,Non-driver
5376,ENSG00000124678,TCP11,Unknown
5377,ENSG00000167182,SP2,Unknown
5378,ENSG00000174744,BRMS1,Driver
5379,ENSG00000133134,BEX2,Unknown
5380,ENSG00000008277,ADAM22,Unknown
5381,ENSG00000092330,TINF2,Unknown
5382,ENSG00000042781,USH2A,Unknown
5383,ENSG00000006611,USH1C,Unknown
5384,ENSG00000158480,SPATA2,Unknown
5385,ENSG00000171222,SCAND1,Unknown
5386,ENSG00000166529,ZSCAN21,Non-driver
5387,ENSG00000108691,CCL2,Driver
5388,ENSG00000181220,ZNF746,Unknown
5389,ENSG00000117758,STX12,Unknown
5390,ENSG00000182544,MFSD5,Non-driver
5391,ENSG00000232062,HLA-DQA1,Unknown
5392,ENSG00000262156,APOBEC3A,Unknown
5393,ENSG00000063854,HAGH,Unknown
5394,ENSG00000189037,DUSP21,Unknown
5395,ENSG00000174738,NR1D2,Unknown
5396,ENSG00000089248,ERP29,Non-driver
5397,ENSG00000118596,SLC16A7,Unknown
5398,ENSG00000197142,ACSL5,Unknown
5399,ENSG00000185880,TRIM69,Unknown
5400,ENSG00000170271,FAXDC2,Non-driver
5401,ENSG00000011275,RNF216,Unknown
5402,ENSG00000097021,ACOT7,Unknown
5403,ENSG00000167325,RRM1,Unknown
5404,ENSG00000145780,FEM1C,Non-driver
5405,ENSG00000213145,CRIP1,Unknown
5406,ENSG00000133800,LYVE1,Unknown
5407,ENSG00000163472,TMEM79,Unknown
5408,,PQLC1,Non-driver
5409,ENSG00000151490,PTPRO,Unknown
5410,ENSG00000047936,ROS1,Driver
5411,ENSG00000162645,GBP2,Unknown
5412,ENSG00000263028,TAS2R19,Unknown
5413,ENSG00000113048,MRPS27,Unknown
5414,ENSG00000135517,MIP,Unknown
5415,ENSG00000039560,RAI14,Unknown
5416,ENSG00000165794,SLC39A2,Unknown
5417,ENSG00000179151,EDC3,Unknown
5418,ENSG00000197162,ZNF785,Non-driver
5419,ENSG00000003147,ICA1,Unknown
5420,ENSG00000175376,EIF1AD,Non-driver
5421,ENSG00000171885,AQP4,Unknown
5422,ENSG00000143862,ARL8A,Unknown
5423,ENSG00000173660,UQCRH,Unknown
5424,ENSG00000121634,GJA8,Unknown
5425,ENSG00000015592,STMN4,Non-driver
5426,ENSG00000090989,EXOC1,Unknown
5427,ENSG00000099203,TMED1,Unknown
5428,ENSG00000150787,PTS,Unknown
5429,ENSG00000174851,YIF1A,Unknown
5430,ENSG00000145982,FARS2,Unknown
5431,ENSG00000119782,FKBP1B,Unknown
5432,ENSG00000198626,RYR2,Unknown
5433,ENSG00000169248,CXCL11,Unknown
5434,ENSG00000006606,CCL26,Unknown
5435,ENSG00000118777,ABCG2,Driver
5436,ENSG00000198959,TGM2,Unknown
5437,ENSG00000237508,HLA-F,Unknown
5438,ENSG00000283889,KIR3DS1,Non-driver
5439,ENSG00000100055,CYTH4,Unknown
5440,ENSG00000124782,RREB1,Unknown
5441,ENSG00000000457,SCYL3,Unknown
5442,ENSG00000130684,ZNF337,Non-driver
5443,ENSG00000107249,GLIS3,Unknown
5444,ENSG00000122126,OCRL,Unknown
5445,ENSG00000164609,SLU7,Non-driver
5446,ENSG00000187559,FOXD4L3,Unknown
5447,ENSG00000151882,CCL28,Unknown
5448,ENSG00000160796,NBEAL2,Unknown
5449,ENSG00000109805,NCAPG,Unknown
5450,ENSG00000121152,NCAPH,Unknown
5451,ENSG00000119396,RAB14,Unknown
5452,ENSG00000146109,ABT1,Non-driver
5453,ENSG00000197275,RAD54B,Unknown
5454,ENSG00000147041,SYTL5,Non-driver
5455,ENSG00000041353,RAB27B,Unknown
5456,ENSG00000168993,CPLX1,Unknown
5457,ENSG00000104892,KLC3,Unknown
5458,ENSG00000118922,KLF12,Unknown
5459,ENSG00000039650,PNKP,Unknown
5460,ENSG00000138686,BBS7,Unknown
5461,ENSG00000181029,TRAPPC5,Non-driver
5462,ENSG00000164975,SNAPC3,Unknown
5463,ENSG00000023608,SNAPC1,Unknown
5464,ENSG00000133318,RTN3,Unknown
5465,ENSG00000103502,CDIPT,Non-driver
5466,ENSG00000088538,DOCK3,Unknown
5467,ENSG00000276432,RDM1,Unknown
5468,ENSG00000242689,CNTF,Unknown
5469,ENSG00000014123,UFL1,Unknown
5470,ENSG00000182985,CADM1,Unknown
5471,ENSG00000109943,CRTAM,Unknown
5472,ENSG00000134690,CDCA8,Unknown
5473,ENSG00000106069,CHN2,Unknown
5474,ENSG00000158691,ZSCAN12,Unknown
5475,ENSG00000143320,CRABP2,Unknown
5476,ENSG00000159479,MED8,Unknown
5477,ENSG00000134201,GSTM5,Unknown
5478,ENSG00000134202,GSTM3,Unknown
5479,ENSG00000186844,LCE1A,Unknown
5480,ENSG00000196734,LCE1B,Unknown
5481,ENSG00000099860,GADD45B,Unknown
5482,ENSG00000096093,EFHC1,Unknown
5483,ENSG00000147854,UHRF2,Unknown
5484,ENSG00000162236,STX5,Unknown
5485,ENSG00000096872,IFT74,Unknown
5486,,H2AFZ,Non-driver
5487,ENSG00000075089,ACTR6,Non-driver
5488,ENSG00000171195,MUC7,Unknown
5489,ENSG00000165672,PRDX3,Unknown
5490,ENSG00000108417,KRT37,Unknown
5491,ENSG00000170276,HSPB2,Unknown
5492,ENSG00000102362,SYTL4,Unknown
5493,ENSG00000124164,VAPB,Unknown
5494,ENSG00000133027,PEMT,Unknown
5495,ENSG00000168269,FOXI1,Unknown
5496,ENSG00000213203,GIMAP1,Unknown
5497,ENSG00000106004,HOXA5,Unknown
5498,ENSG00000096401,CDC5L,Unknown
5499,ENSG00000110955,ATP5F1B,Unknown
5500,ENSG00000127603,MACF1,Unknown
5501,ENSG00000119638,NEK9,Unknown
5502,ENSG00000137210,TMEM14B,Non-driver
5503,ENSG00000171403,KRT9,Unknown
5504,ENSG00000180884,ZNF792,Non-driver
5505,ENSG00000160803,UBQLN4,Unknown
5506,ENSG00000143858,SYT2,Unknown
5507,ENSG00000013441,CLK1,Unknown
5508,ENSG00000183091,NEB,Unknown
5509,ENSG00000167371,PRRT2,Unknown
5510,ENSG00000206203,TSSK2,Unknown
5511,ENSG00000198860,TSEN15,Unknown
5512,ENSG00000204104,TRAF3IP1,Unknown
5513,ENSG00000086288,NME8,Unknown
5514,ENSG00000115947,ORC4,Unknown
5515,ENSG00000176256,HMGB4,Unknown
5516,ENSG00000148308,GTF3C5,Unknown
5517,ENSG00000159231,CBR3,Unknown
5518,ENSG00000111737,RAB35,Unknown
5519,ENSG00000171792,RHNO1,Unknown
5520,ENSG00000108179,PPIF,Unknown
5521,ENSG00000155087,ODF1,Unknown
5522,ENSG00000187742,SECISBP2,Unknown
5523,ENSG00000087152,ATXN7L3,Non-driver
5524,ENSG00000162714,ZNF496,Unknown
5525,ENSG00000113739,STC2,Unknown
5526,ENSG00000198879,SFMBT2,Unknown
5527,ENSG00000174429,ABRA,Unknown
5528,ENSG00000112514,CUTA,Unknown
5529,ENSG00000176476,SGF29,Non-driver
5530,ENSG00000146618,FERD3L,Unknown
5531,ENSG00000078295,ADCY2,Unknown
5532,ENSG00000091317,CMTM6,Unknown
5533,ENSG00000184489,PTP4A3,Unknown
5534,ENSG00000135324,MRAP2,Unknown
5535,ENSG00000167178,ISLR2,Unknown
5536,ENSG00000148229,POLE3,Unknown
5537,ENSG00000115350,POLE4,Unknown
5538,ENSG00000186442,KRT3,Unknown
5539,ENSG00000196236,XPNPEP3,Unknown
5540,ENSG00000137965,IFI44,Unknown
5541,ENSG00000176049,JAKMIP2,Unknown
5542,ENSG00000116035,VAX2,Unknown
5543,ENSG00000182107,TMEM30B,Unknown
5544,ENSG00000099194,SCD,Unknown
5545,ENSG00000159363,ATP13A2,Unknown
5546,ENSG00000173706,HEG1,Unknown
5547,ENSG00000001631,KRIT1,Non-driver
5548,ENSG00000237110,TAAR9,Non-driver
5549,ENSG00000136021,SCYL2,Unknown
5550,ENSG00000153574,RPIA,Unknown
5551,ENSG00000165389,SPTSSA,Unknown
5552,ENSG00000122557,HERPUD2,Non-driver
5553,ENSG00000184787,UBE2G2,Unknown
5554,ENSG00000080819,CPOX,Unknown
5555,ENSG00000176390,CRLF3,Unknown
5556,ENSG00000122507,BBS9,Non-driver
5557,ENSG00000133169,BEX1,Unknown
5558,ENSG00000168453,HR,Unknown
5559,ENSG00000114638,UPK1B,Unknown
5560,ENSG00000221829,FANCG,Driver
5561,ENSG00000101608,MYL12A,Unknown
5562,ENSG00000183726,TMEM50A,Unknown
5563,ENSG00000172155,LCE1D,Unknown
5564,ENSG00000100749,VRK1,Unknown
5565,ENSG00000181449,SOX2,Driver
5566,ENSG00000078246,TULP3,Unknown
5567,ENSG00000174780,SRP72,Unknown
5568,ENSG00000156469,MTERF3,Unknown
5569,ENSG00000013503,POLR3B,Unknown
5570,ENSG00000089041,P2RX7,Unknown
5571,ENSG00000068001,HYAL2,Driver
5572,ENSG00000135185,TMEM243,Unknown
5573,ENSG00000166889,PATL1,Unknown
5574,ENSG00000083937,CHMP2B,Unknown
5575,ENSG00000214063,TSPAN4,Unknown
5576,ENSG00000178966,RMI1,Unknown
5577,ENSG00000175643,RMI2,Driver
5578,ENSG00000152104,PTPN14,Unknown
5579,ENSG00000085563,ABCB1,Driver
5580,ENSG00000104341,LAPTM4B,Unknown
5581,ENSG00000029364,SLC39A9,Non-driver
5582,ENSG00000213996,TM6SF2,Unknown
5583,ENSG00000121570,DPPA4,Unknown
5584,ENSG00000176302,FOXR1,Driver
5585,ENSG00000137185,ZSCAN9,Non-driver
5586,ENSG00000134198,TSPAN2,Unknown
5587,ENSG00000166448,TMEM130,Non-driver
5588,ENSG00000119522,DENND1A,Unknown
5589,ENSG00000162399,BSND,Unknown
5590,ENSG00000157978,LDLRAP1,Unknown
5591,ENSG00000101367,MAPRE1,Unknown
5592,ENSG00000128944,KNSTRN,Driver
5593,ENSG00000221864,KRTAP12-2,Non-driver
5594,ENSG00000139192,TAPBPL,Non-driver
5595,ENSG00000110422,HIPK3,Unknown
5596,ENSG00000198331,HYLS1,Unknown
5597,ENSG00000187713,TMEM203,Unknown
5598,ENSG00000171124,FUT3,Unknown
5599,ENSG00000103528,SYT17,Non-driver
5600,ENSG00000100365,NCF4,Unknown
5601,ENSG00000177301,KCNA2,Unknown
5602,ENSG00000050327,ARHGEF5,Unknown
5603,ENSG00000125818,PSMF1,Unknown
5604,ENSG00000137098,SPAG8,Unknown
5605,ENSG00000163848,ZNF148,Unknown
5606,ENSG00000146469,VIP,Unknown
5607,ENSG00000136636,KCTD3,Unknown
5608,ENSG00000160471,COX6B2,Unknown
5609,ENSG00000280635,PROP1,Unknown
5610,ENSG00000115255,REEP6,Unknown
5611,ENSG00000125848,FLRT3,Unknown
5612,ENSG00000109756,RAPGEF2,Unknown
5613,ENSG00000148153,INIP,Unknown
5614,ENSG00000183628,DGCR6,Unknown
5615,ENSG00000077585,GPR137B,Non-driver
5616,ENSG00000070019,GUCY2C,Unknown
5617,ENSG00000172367,PDZD3,Unknown
5618,ENSG00000105717,PBX4,Unknown
5619,ENSG00000187210,GCNT1,Unknown
5620,ENSG00000177469,CAVIN1,Unknown
5621,ENSG00000149516,MS4A3,Unknown
5622,ENSG00000163684,RPP14,Unknown
5623,ENSG00000173141,MRPL57,Non-driver
5624,ENSG00000213921,LEUTX,Non-driver
5625,ENSG00000149179,C11orf49,Non-driver
5626,ENSG00000143319,ISG20L2,Unknown
5627,ENSG00000278062,ZNF251,Non-driver
5628,ENSG00000196418,ZNF124,Unknown
5629,ENSG00000184507,NUTM1,Driver
5630,ENSG00000110680,CALCA,Unknown
5631,ENSG00000138190,EXOC6,Unknown
5632,ENSG00000158882,TOMM40L,Non-driver
5633,ENSG00000168758,SEMA4C,Unknown
5634,ENSG00000109084,TMEM97,Unknown
5635,,C6orf203,Non-driver
5636,ENSG00000130675,MNX1,Driver
5637,ENSG00000196639,HRH1,Unknown
5638,ENSG00000122033,MTIF3,Non-driver
5639,ENSG00000164741,DLC1,Unknown
5640,ENSG00000131142,CCL25,Unknown
5641,ENSG00000205323,SARNP,Unknown
5642,ENSG00000134049,IER3IP1,Unknown
5643,ENSG00000183474,GTF2H2C,Non-driver
5644,ENSG00000101945,SUV39H1,Unknown
5645,ENSG00000274675,GTF2H2C_2,Non-driver
5646,ENSG00000278369,KIR2DL3,Unknown
5647,ENSG00000100372,SLC25A17,Unknown
5648,ENSG00000145945,FAM50B,Non-driver
5649,ENSG00000206538,VGLL3,Unknown
5650,ENSG00000181704,YIPF6,Unknown
5651,ENSG00000108960,MMD,Unknown
5652,ENSG00000132376,INPP5K,Unknown
5653,ENSG00000143365,RORC,Unknown
5654,ENSG00000189143,CLDN4,Unknown
5655,ENSG00000176435,CLEC14A,Unknown
5656,ENSG00000147465,STAR,Unknown
5657,ENSG00000077721,UBE2A,Unknown
5658,ENSG00000179168,GGN,Unknown
5659,ENSG00000273899,NOL12,Non-driver
5660,ENSG00000126070,AGO3,Non-driver
5661,ENSG00000169957,ZNF768,Unknown
5662,ENSG00000164438,TLX3,Driver
5663,ENSG00000150337,FCGR1A,Unknown
5664,ENSG00000000005,TNMD,Unknown
5665,ENSG00000177025,C19orf18,Non-driver
5666,ENSG00000169249,ZRSR2,Driver
5667,ENSG00000106541,AGR2,Unknown
5668,ENSG00000131748,STARD3,Unknown
5669,ENSG00000198887,SMC5,Non-driver
5670,,HIST1H1A,Unknown
5671,ENSG00000187912,CLEC17A,Unknown
5672,ENSG00000162063,CCNF,Unknown
5673,ENSG00000136938,ANP32B,Non-driver
5674,ENSG00000106829,TLE4,Unknown
5675,ENSG00000111670,GNPTAB,Unknown
5676,ENSG00000173218,VANGL1,Unknown
5677,ENSG00000085117,CD82,Driver
5678,ENSG00000198919,DZIP3,Unknown
5679,ENSG00000120992,LYPLA1,Unknown
5680,ENSG00000104131,EIF3J,Unknown
5681,ENSG00000182183,SHISAL2A,Non-driver
5682,ENSG00000164627,KIF6,Unknown
5683,ENSG00000152977,ZIC1,Unknown
5684,ENSG00000198429,ZNF69,Unknown
5685,ENSG00000066629,EML1,Unknown
5686,ENSG00000182040,USH1G,Non-driver
5687,ENSG00000130803,ZNF317,Unknown
5688,ENSG00000087086,FTL,Unknown
5689,ENSG00000120913,PDLIM2,Unknown
5690,ENSG00000178175,ZNF366,Unknown
5691,ENSG00000080493,SLC4A4,Unknown
5692,ENSG00000167434,CA4,Unknown
5693,ENSG00000169188,APEX2,Unknown
5694,ENSG00000094916,CBX5,Unknown
5695,ENSG00000196549,MME,Driver
5696,ENSG00000275724,NDUFA3,Unknown
5697,ENSG00000169592,INO80E,Non-driver
5698,ENSG00000151365,THRSP,Unknown
5699,ENSG00000139767,SRRM4,Unknown
5700,ENSG00000147573,TRIM55,Unknown
5701,ENSG00000126858,RHOT1,Unknown
5702,ENSG00000125814,NAPB,Unknown
5703,ENSG00000105755,ETHE1,Unknown
5704,ENSG00000164181,ELOVL7,Unknown
5705,ENSG00000127507,ADGRE2,Unknown
5706,ENSG00000100479,POLE2,Unknown
5707,ENSG00000132773,TOE1,Unknown
5708,ENSG00000102683,SGCG,Unknown
5709,ENSG00000166603,MC4R,Unknown
5710,ENSG00000137207,YIPF3,Unknown
5711,ENSG00000091844,RGS17,Non-driver
5712,ENSG00000206181,ELOA2,Non-driver
5713,ENSG00000276463,TAF9,Unknown
5714,ENSG00000271605,MILR1,Non-driver
5715,ENSG00000113303,BTNL8,Unknown
5716,ENSG00000110851,PRDM4,Unknown
5717,ENSG00000155957,TMBIM4,Unknown
5718,ENSG00000134697,GNL2,Unknown
5719,ENSG00000115750,TAF1B,Non-driver
5720,ENSG00000163687,DNASE1L3,Unknown
5721,ENSG00000125656,CLPP,Unknown
5722,ENSG00000151552,QDPR,Unknown
5723,ENSG00000103269,RHBDL1,Non-driver
5724,ENSG00000003393,ALS2,Unknown
5725,ENSG00000145362,ANK2,Unknown
5726,ENSG00000163697,APBB2,Unknown
5727,ENSG00000111262,KCNA1,Unknown
5728,ENSG00000115677,HDLBP,Unknown
5729,ENSG00000144224,UBXN4,Unknown
5730,ENSG00000147164,SNX12,Unknown
5731,ENSG00000284017,PLCL2,Unknown
5732,ENSG00000204969,PCDHA2,Unknown
5733,ENSG00000013297,CLDN11,Unknown
5734,ENSG00000066405,CLDN18,Non-driver
5735,ENSG00000090447,TFAP4,Unknown
5736,ENSG00000158457,TSPAN33,Unknown
5737,ENSG00000129691,ASH2L,Unknown
5738,ENSG00000122884,P4HA1,Unknown
5739,ENSG00000149380,P4HA3,Unknown
5740,ENSG00000092529,CAPN3,Unknown
5741,ENSG00000135318,NT5E,Unknown
5742,ENSG00000061936,SFSWAP,Unknown
5743,ENSG00000170322,NFRKB,Unknown
5744,ENSG00000132485,ZRANB2,Unknown
5745,ENSG00000163630,SYNPR,Non-driver
5746,ENSG00000175283,DOLK,Unknown
5747,ENSG00000204197,KIFC1,Unknown
5748,ENSG00000152818,UTRN,Unknown
5749,ENSG00000187626,ZKSCAN4,Unknown
5750,ENSG00000196345,ZKSCAN7,Non-driver
5751,ENSG00000184351,KRTAP19-1,Non-driver
5752,ENSG00000143368,SF3B4,Unknown
5753,ENSG00000136819,C9orf78,Non-driver
5754,ENSG00000078699,CBFA2T2,Unknown
5755,ENSG00000030582,GRN,Unknown
5756,ENSG00000118434,SPACA1,Unknown
5757,ENSG00000147027,TMEM47,Unknown
5758,ENSG00000170417,TMEM182,Non-driver
5759,ENSG00000136026,CKAP4,Non-driver
5760,ENSG00000128271,ADORA2A,Unknown
5761,ENSG00000132965,ALOX5AP,Unknown
5762,ENSG00000091483,FH,Driver
5763,ENSG00000167461,RAB8A,Unknown
5764,ENSG00000178467,P4HTM,Unknown
5765,ENSG00000147677,EIF3H,Unknown
5766,ENSG00000177963,RIC8A,Unknown
5767,ENSG00000186638,KIF24,Unknown
5768,ENSG00000006659,LGALS14,Non-driver
5769,ENSG00000123119,NECAB1,Non-driver
5770,ENSG00000067840,PDZD4,Unknown
5771,ENSG00000141252,VPS53,Unknown
5772,ENSG00000066455,GOLGA5,Driver
5773,ENSG00000152518,ZFP36L2,Unknown
5774,ENSG00000091138,SLC26A3,Unknown
5775,ENSG00000107738,VSIR,Unknown
5776,ENSG00000095906,NUBP2,Unknown
5777,ENSG00000160179,ABCG1,Unknown
5778,ENSG00000172164,SNTB1,Non-driver
5779,ENSG00000166974,MAPRE2,Unknown
5780,ENSG00000171970,ZNF57,Non-driver
5781,ENSG00000050426,LETMD1,Non-driver
5782,ENSG00000176542,USF3,Unknown
5783,ENSG00000130227,XPO7,Unknown
5784,ENSG00000228250,LY6G6C,Unknown
5785,ENSG00000167394,ZNF668,Unknown
5786,ENSG00000285206,PTPMT1,Non-driver
5787,ENSG00000173726,TOMM20,Unknown
5788,ENSG00000113282,CLINT1,Unknown
5789,ENSG00000171360,KRT38,Unknown
5790,ENSG00000170545,SMAGP,Non-driver
5791,ENSG00000100296,THOC5,Unknown
5792,ENSG00000090316,MAEA,Unknown
5793,ENSG00000144579,CTDSP1,Unknown
5794,ENSG00000171604,CXXC5,Unknown
5795,ENSG00000146670,CDCA5,Unknown
5796,ENSG00000111843,TMEM14C,Unknown
5797,ENSG00000159251,ACTC1,Unknown
5798,ENSG00000124721,DNAH8,Unknown
5799,ENSG00000130560,UBAC1,Unknown
5800,ENSG00000180817,PPA1,Non-driver
5801,ENSG00000140931,CMTM3,Unknown
5802,ENSG00000288141,MRPL23,Non-driver
5803,ENSG00000144040,SFXN5,Unknown
5804,ENSG00000128335,APOL2,Unknown
5805,ENSG00000160191,PDE9A,Unknown
5806,ENSG00000109193,SULT1E1,Non-driver
5807,ENSG00000139428,MMAB,Unknown
5808,ENSG00000141503,MINK1,Unknown
5809,ENSG00000204361,NXPE2,Non-driver
5810,ENSG00000284009,PLSCR3,Unknown
5811,ENSG00000177854,TMEM187,Unknown
5812,ENSG00000164713,BRI3,Unknown
5813,ENSG00000213064,SFT2D2,Non-driver
5814,ENSG00000132563,REEP2,Unknown
5815,ENSG00000224470,ATXN1L,Unknown
5816,ENSG00000198326,TMEM239,Non-driver
5817,ENSG00000196338,NLGN3,Unknown
5818,ENSG00000052749,RRP12,Unknown
5819,ENSG00000198707,CEP290,Unknown
5820,ENSG00000100711,ZFYVE21,Unknown
5821,ENSG00000196116,TDRD7,Unknown
5822,ENSG00000143322,ABL2,Driver
5823,ENSG00000185009,AP3M1,Unknown
5824,ENSG00000161202,DVL3,Unknown
5825,ENSG00000105176,URI1,Unknown
5826,ENSG00000151092,NGLY1,Unknown
5827,ENSG00000167565,SERTAD3,Unknown
5828,ENSG00000091656,ZFHX4,Unknown
5829,ENSG00000277462,ZNF670,Non-driver
5830,ENSG00000187024,PTRH1,Non-driver
5831,ENSG00000103194,USP10,Unknown
5832,ENSG00000008130,NADK,Unknown
5833,ENSG00000153066,TXNDC11,Unknown
5834,ENSG00000104549,SQLE,Unknown
5835,ENSG00000197324,LRP10,Unknown
5836,ENSG00000142082,SIRT3,Unknown
5837,ENSG00000182318,ZSCAN22,Unknown
5838,ENSG00000181894,ZNF329,Non-driver
5839,ENSG00000073670,ADAM11,Unknown
5840,ENSG00000132744,ACY3,Unknown
5841,ENSG00000116754,SRSF11,Unknown
5842,ENSG00000171291,ZNF439,Non-driver
5843,ENSG00000161847,RAVER1,Unknown
5844,ENSG00000175329,ISX,Driver
5845,ENSG00000288210,ASF1B,Unknown
5846,ENSG00000186564,FOXD2,Unknown
5847,ENSG00000138311,ZNF365,Unknown
5848,ENSG00000072864,NDE1,Unknown
5849,ENSG00000170374,SP7,Unknown
5850,ENSG00000164488,DACT2,Unknown
5851,ENSG00000253548,PYDC2,Unknown
5852,ENSG00000148688,RPP30,Unknown
5853,ENSG00000136986,DERL1,Unknown
5854,ENSG00000101463,SYNDIG1,Unknown
5855,ENSG00000167693,NXN,Unknown
5856,ENSG00000112290,WASF1,Unknown
5857,ENSG00000146830,GIGYF1,Unknown
5858,ENSG00000105771,SMG9,Non-driver
5859,ENSG00000242616,GNG10,Unknown
5860,ENSG00000139133,ALG10,Unknown
5861,ENSG00000196422,PPP1R26,Unknown
5862,ENSG00000177239,MAN1B1,Unknown
5863,ENSG00000206395,DDAH2,Unknown
5864,ENSG00000143570,SLC39A1,Unknown
5865,ENSG00000100209,HSCB,Non-driver
5866,ENSG00000067646,ZFY,Unknown
5867,ENSG00000149474,KAT14,Unknown
5868,ENSG00000257218,GATC,Unknown
5869,ENSG00000130348,QRSL1,Unknown
5870,ENSG00000242515,UGT1A10,Unknown
5871,ENSG00000167165,UGT1A6,Unknown
5872,ENSG00000196659,TTC30B,Non-driver
5873,ENSG00000111906,HDDC2,Non-driver
5874,ENSG00000184575,XPOT,Non-driver
5875,ENSG00000123106,CCDC91,Unknown
5876,ENSG00000170454,KRT75,Unknown
5877,ENSG00000156928,MALSU1,Unknown
5878,ENSG00000146416,AIG1,Non-driver
5879,ENSG00000125629,INSIG2,Unknown
5880,ENSG00000170465,KRT6C,Unknown
5881,ENSG00000079102,RUNX1T1,Driver
5882,ENSG00000185567,AHNAK2,Unknown
5883,ENSG00000189114,BLOC1S3,Unknown
5884,ENSG00000197191,CYSRT1,Non-driver
5885,ENSG00000150457,LATS2,Unknown
5886,ENSG00000198088,NUP62CL,Non-driver
5887,ENSG00000107438,PDLIM1,Unknown
5888,ENSG00000008056,SYN1,Unknown
5889,ENSG00000178397,FAM220A,Unknown
5890,ENSG00000148773,MKI67,Driver
5891,ENSG00000280610,KIF15,Unknown
5892,ENSG00000115561,CHMP3,Non-driver
5893,ENSG00000171045,TSNARE1,Non-driver
5894,ENSG00000175115,PACS1,Unknown
5895,ENSG00000197081,IGF2R,Unknown
5896,ENSG00000203985,LDLRAD1,Unknown
5897,ENSG00000102870,ZNF629,Non-driver
5898,ENSG00000024048,UBR2,Unknown
5899,ENSG00000170681,CAVIN4,Unknown
5900,ENSG00000106459,NRF1,Unknown
5901,ENSG00000179044,EXOC3L1,Unknown
5902,ENSG00000108733,PEX12,Unknown
5903,ENSG00000103089,FA2H,Unknown
5904,ENSG00000133313,CNDP2,Non-driver
5905,ENSG00000107949,BCCIP,Unknown
5906,ENSG00000164761,TNFRSF11B,Unknown
5907,ENSG00000089177,KIF16B,Unknown
5908,ENSG00000163762,TM4SF18,Unknown
5909,ENSG00000120549,KIAA1217,Unknown
5910,ENSG00000115468,EFHD1,Unknown
5911,ENSG00000164144,ARFIP1,Non-driver
5912,ENSG00000144724,PTPRG,Unknown
5913,ENSG00000203896,LIME1,Unknown
5914,ENSG00000184210,DGAT2L6,Unknown
5915,ENSG00000117410,ATP6V0B,Unknown
5916,ENSG00000100139,MICALL1,Non-driver
5917,ENSG00000183621,ZNF438,Non-driver
5918,ENSG00000137876,RSL24D1,Unknown
5919,ENSG00000125351,UPF3B,Unknown
5920,ENSG00000112309,B3GAT2,Non-driver
5921,ENSG00000128266,GNAZ,Unknown
5922,ENSG00000263101,KRTAP3-3,Non-driver
5923,ENSG00000077080,ACTL6B,Unknown
5924,ENSG00000175334,BANF1,Unknown
5925,ENSG00000184486,POU3F2,Unknown
5926,ENSG00000100146,SOX10,Unknown
5927,ENSG00000196531,NACA,Driver
5928,ENSG00000136279,DBNL,Unknown
5929,ENSG00000182087,TMEM259,Unknown
5930,ENSG00000108551,RASD1,Unknown
5931,ENSG00000128881,TTBK2,Unknown
5932,ENSG00000110274,CEP164,Unknown
5933,ENSG00000031081,ARHGAP31,Unknown
5934,ENSG00000276234,TADA2A,Non-driver
5935,ENSG00000054116,TRAPPC3,Unknown
5936,ENSG00000256660,CLEC12B,Unknown
5937,ENSG00000215193,PEX26,Unknown
5938,ENSG00000139970,RTN1,Unknown
5939,ENSG00000096070,BRPF3,Unknown
5940,ENSG00000119938,PPP1R3C,Unknown
5941,ENSG00000132792,CTNNBL1,Unknown
5942,ENSG00000100219,XBP1,Unknown
5943,ENSG00000281861,SLC9A3,Unknown
5944,ENSG00000166927,MS4A7,Unknown
5945,ENSG00000137875,BCL2L10,Unknown
5946,ENSG00000155099,PIP4P2,Non-driver
5947,ENSG00000144451,SPAG16,Unknown
5948,ENSG00000139437,TCHP,Unknown
5949,ENSG00000184271,POU6F1,Unknown
5950,ENSG00000136451,VEZF1,Unknown
5951,ENSG00000197062,ZSCAN26,Unknown
5952,ENSG00000159063,ALG8,Unknown
5953,ENSG00000163646,CLRN1,Unknown
5954,ENSG00000167971,CASKIN1,Unknown
5955,ENSG00000138175,ARL3,Unknown
5956,ENSG00000167535,CACNB3,Unknown
5957,ENSG00000115138,POMC,Unknown
5958,ENSG00000100299,ARSA,Unknown
5959,ENSG00000250565,ATP6V1E2,Unknown
5960,ENSG00000182938,OTOP3,Unknown
5961,ENSG00000134152,KATNBL1,Unknown
5962,ENSG00000107560,RAB11FIP2,Unknown
5963,ENSG00000180938,ZNF572,Unknown
5964,ENSG00000152475,ZNF837,Non-driver
5965,ENSG00000106025,TSPAN12,Unknown
5966,ENSG00000004961,HCCS,Unknown
5967,ENSG00000198298,ZNF485,Non-driver
5968,ENSG00000181638,ZFP41,Non-driver
5969,ENSG00000128656,CHN1,Unknown
5970,ENSG00000126878,AIF1L,Non-driver
5971,ENSG00000122859,NEUROG3,Unknown
5972,ENSG00000085999,RAD54L,Unknown
5973,ENSG00000175455,CCDC14,Unknown
5974,ENSG00000107890,ANKRD26,Unknown
5975,ENSG00000166860,ZBTB39,Non-driver
5976,ENSG00000104660,LEPROTL1,Driver
5977,ENSG00000172007,RAB33B,Unknown
5978,ENSG00000198833,UBE2J1,Unknown
5979,ENSG00000125817,CENPB,Unknown
5980,ENSG00000189030,VHLL,Non-driver
5981,,HIST1H2AC,Unknown
5982,ENSG00000266173,STRADA,Unknown
5983,ENSG00000177602,HASPIN,Non-driver
5984,ENSG00000186204,CYP4F12,Unknown
5985,ENSG00000171219,CDC42BPG,Unknown
5986,ENSG00000197959,DNM3,Unknown
5987,ENSG00000182156,ENPP7,Unknown
5988,ENSG00000143418,CERS2,Unknown
5989,ENSG00000128011,LRFN1,Unknown
5990,ENSG00000167315,ACAA2,Unknown
5991,ENSG00000169981,ZNF35,Unknown
5992,ENSG00000261857,MIA,Unknown
5993,ENSG00000111596,CNOT2,Unknown
5994,ENSG00000163166,IWS1,Unknown
5995,ENSG00000147874,HAUS6,Unknown
5996,ENSG00000137814,HAUS2,Unknown
5997,ENSG00000021762,OSBPL5,Unknown
5998,ENSG00000138109,CYP2C9,Unknown
5999,ENSG00000115850,LCT,Unknown
6000,ENSG00000100902,PSMA6,Unknown
6001,ENSG00000198523,PLN,Unknown
6002,ENSG00000186193,SAPCD2,Unknown
6003,ENSG00000132661,NXT1,Unknown
6004,ENSG00000078403,MLLT10,Driver
6005,ENSG00000174796,THAP6,Unknown
6006,ENSG00000104369,JPH1,Unknown
6007,ENSG00000116350,SRSF4,Unknown
6008,ENSG00000148248,SURF4,Unknown
6009,ENSG00000183258,DDX41,Unknown
6010,ENSG00000111291,GPRC5D,Unknown
6011,ENSG00000175489,LRRC25,Unknown
6012,ENSG00000060339,CCAR1,Unknown
6013,ENSG00000157851,DPYSL5,Unknown
6014,ENSG00000092964,DPYSL2,Unknown
6015,ENSG00000116729,WLS,Unknown
6016,ENSG00000120647,CCDC77,Non-driver
6017,ENSG00000145833,DDX46,Unknown
6018,ENSG00000173960,UBXN2A,Non-driver
6019,ENSG00000067445,TRO,Unknown
6020,ENSG00000105605,CACNG7,Unknown
6021,ENSG00000068745,IP6K2,Non-driver
6022,ENSG00000065621,GSTO2,Unknown
6023,,WRB,Unknown
6024,ENSG00000109272,PF4V1,Unknown
6025,ENSG00000165685,TMEM52B,Non-driver
6026,ENSG00000174453,VWC2L,Non-driver
6027,ENSG00000180872,DEFB112,Non-driver
6028,ENSG00000166881,NEMP1,Unknown
6029,ENSG00000178726,THBD,Unknown
6030,ENSG00000137812,KNL1,Driver
6031,,KCNA6,Unknown
6032,ENSG00000166145,SPINT1,Non-driver
6033,ENSG00000126756,UXT,Unknown
6034,ENSG00000111237,VPS29,Non-driver
6035,ENSG00000006042,TMEM98,Unknown
6036,ENSG00000143032,BARHL2,Unknown
6037,ENSG00000205060,SLC35B4,Unknown
6038,ENSG00000147654,EBAG9,Unknown
6039,ENSG00000151379,MSGN1,Unknown
6040,ENSG00000179826,MRGPRX3,Unknown
6041,ENSG00000258724,PINX1,Unknown
6042,ENSG00000112212,TSPO2,Non-driver
6043,ENSG00000176248,ANAPC2,Unknown
6044,ENSG00000160993,ALKBH4,Unknown
6045,ENSG00000123130,ACOT9,Unknown
6046,ENSG00000041515,MYO16,Unknown
6047,ENSG00000274829,PARN,Unknown
6048,ENSG00000135698,MPHOSPH6,Unknown
6049,ENSG00000171824,EXOSC10,Unknown
6050,ENSG00000166478,ZNF143,Unknown
6051,,SEPT10,Unknown
6052,ENSG00000081041,CXCL2,Unknown
6053,ENSG00000153029,MR1,Unknown
6054,ENSG00000101290,CDS2,Unknown
6055,ENSG00000158062,UBXN11,Unknown
6056,ENSG00000105509,HAS1,Unknown
6057,ENSG00000103044,HAS3,Unknown
6058,ENSG00000176974,SHMT1,Unknown
6059,ENSG00000145354,CISD2,Unknown
6060,ENSG00000170876,TMEM43,Unknown
6061,ENSG00000064655,EYA2,Unknown
6062,ENSG00000185742,C11orf87,Non-driver
6063,ENSG00000104221,BRF2,Unknown
6064,ENSG00000114573,ATP6V1A,Unknown
6065,ENSG00000166971,AKTIP,Unknown
6066,ENSG00000134962,KLB,Unknown
6067,ENSG00000286112,KYAT1,Non-driver
6068,ENSG00000263160,TMEM50B,Unknown
6069,ENSG00000198925,ATG9A,Unknown
6070,ENSG00000106608,URGCP,Unknown
6071,ENSG00000145725,PPIP5K2,Non-driver
6072,ENSG00000154957,ZNF18,Unknown
6073,ENSG00000143727,ACP1,Unknown
6074,ENSG00000110344,UBE4A,Unknown
6075,ENSG00000005238,FAM214B,Non-driver
6076,ENSG00000175315,CST6,Unknown
6077,ENSG00000204381,LAYN,Non-driver
6078,ENSG00000205808,PLPP6,Unknown
6079,ENSG00000206394,CLIC1,Non-driver
6080,ENSG00000156127,BATF,Unknown
6081,ENSG00000126803,HSPA2,Unknown
6082,ENSG00000124279,FASTKD3,Unknown
6083,ENSG00000106348,IMPDH1,Unknown
6084,ENSG00000169951,ZNF764,Non-driver
6085,ENSG00000159210,SNF8,Unknown
6086,ENSG00000100580,TMED8,Non-driver
6087,ENSG00000184752,NDUFA12,Unknown
6088,ENSG00000179010,MRFAP1,Unknown
6089,ENSG00000217930,PAM16,Unknown
6090,ENSG00000168334,XIRP1,Non-driver
6091,ENSG00000120265,PCMT1,Unknown
6092,ENSG00000102970,CCL17,Unknown
6093,ENSG00000011485,PPP5C,Unknown
6094,ENSG00000197601,FAR1,Unknown
6095,ENSG00000186889,TMEM17,Unknown
6096,ENSG00000182979,MTA1,Unknown
6097,ENSG00000185608,MRPL40,Unknown
6098,ENSG00000077463,SIRT6,Unknown
6099,ENSG00000092531,SNAP23,Unknown
6100,ENSG00000145911,N4BP3,Non-driver
6101,ENSG00000134369,NAV1,Unknown
6102,ENSG00000176386,CDC26,Unknown
6103,ENSG00000181472,ZBTB2,Unknown
6104,ENSG00000126254,RBM42,Unknown
6105,ENSG00000171425,ZNF581,Non-driver
6106,ENSG00000101189,MRGBP,Unknown
6107,ENSG00000118680,MYL12B,Unknown
6108,ENSG00000276480,MYH11,Driver
6109,ENSG00000162298,SYVN1,Unknown
6110,ENSG00000176095,IP6K1,Non-driver
6111,ENSG00000243067,PSMB9,Unknown
6112,ENSG00000167840,ZNF232,Unknown
6113,ENSG00000159267,HLCS,Unknown
6114,ENSG00000134532,SOX5,Unknown
6115,ENSG00000136936,XPA,Driver
6116,ENSG00000087903,RFX2,Unknown
6117,ENSG00000168824,NSG1,Non-driver
6118,ENSG00000168000,BSCL2,Unknown
6119,ENSG00000205439,KRTAP12-3,Non-driver
6120,ENSG00000130770,ATP5IF1,Non-driver
6121,ENSG00000280759,AP2A2,Unknown
6122,,GARS,Unknown
6123,ENSG00000165376,CLDN2,Unknown
6124,ENSG00000112763,BTN2A1,Unknown
6125,ENSG00000154127,UBASH3B,Unknown
6126,ENSG00000141934,PLPP2,Unknown
6127,ENSG00000136404,TM6SF1,Unknown
6128,ENSG00000163466,ARPC2,Unknown
6129,ENSG00000155304,HSPA13,Non-driver
6130,ENSG00000180806,HOXC9,Unknown
6131,ENSG00000125618,PAX8,Driver
6132,ENSG00000173917,HOXB2,Unknown
6133,ENSG00000131013,PPIL4,Unknown
6134,ENSG00000184436,THAP7,Non-driver
6135,ENSG00000125888,BANF2,Unknown
6136,ENSG00000136942,RPL35,Unknown
6137,ENSG00000217128,FNIP1,Unknown
6138,ENSG00000135823,STX6,Unknown
6139,ENSG00000229802,SLC39A7,Unknown
6140,ENSG00000170893,TRH,Unknown
6141,ENSG00000281758,KCNIP4,Unknown
6142,ENSG00000114854,TNNC1,Unknown
6143,ENSG00000143977,SNRPG,Unknown
6144,ENSG00000182004,SNRPE,Unknown
6145,ENSG00000176679,TGIF2LY,Unknown
6146,ENSG00000166446,CDYL2,Non-driver
6147,,DARS,Unknown
6148,ENSG00000136874,STX17,Unknown
6149,ENSG00000198728,LDB1,Unknown
6150,ENSG00000159556,ISL2,Non-driver
6151,ENSG00000165533,TTC8,Unknown
6152,ENSG00000131067,GGT7,Unknown
6153,ENSG00000164237,CMBL,Unknown
6154,ENSG00000185640,KRT79,Unknown
6155,ENSG00000105793,GTPBP10,Unknown
6156,ENSG00000185905,C16orf54,Non-driver
6157,ENSG00000131264,CDX4,Unknown
6158,ENSG00000115841,RMDN2,Non-driver
6159,ENSG00000174943,KCTD13,Unknown
6160,ENSG00000126067,PSMB2,Unknown
6161,ENSG00000277791,PSMB3,Unknown
6162,ENSG00000198853,RUSC2,Unknown
6163,ENSG00000105983,LMBR1,Unknown
6164,ENSG00000196391,ZNF774,Non-driver
6165,ENSG00000152147,GEMIN6,Unknown
6166,ENSG00000243244,STON1,Unknown
6167,ENSG00000134508,CABLES1,Unknown
6168,ENSG00000147262,GPR119,Unknown
6169,ENSG00000110324,IL10RA,Unknown
6170,ENSG00000175445,LPL,Unknown
6171,ENSG00000163735,CXCL5,Unknown
6172,ENSG00000102189,EEA1,Unknown
6173,ENSG00000281139,STH,Unknown
6174,ENSG00000197951,ZNF71,Unknown
6175,ENSG00000197063,MAFG,Unknown
6176,ENSG00000132274,TRIM22,Unknown
6177,ENSG00000069535,MAOB,Unknown
6178,ENSG00000203667,COX20,Unknown
6179,ENSG00000087206,UIMC1,Unknown
6180,ENSG00000136270,TBRG4,Unknown
6181,ENSG00000063176,SPHK2,Unknown
6182,ENSG00000174485,DENND4A,Unknown
6183,ENSG00000072133,RPS6KA6,Unknown
6184,ENSG00000114127,XRN1,Unknown
6185,ENSG00000171806,METTL18,Unknown
6186,ENSG00000235155,B3GALT4,Unknown
6187,ENSG00000145192,AHSG,Unknown
6188,ENSG00000204219,TCEA3,Unknown
6189,ENSG00000004939,SLC4A1,Unknown
6190,ENSG00000048162,NOP16,Non-driver
6191,ENSG00000140830,TXNL4B,Unknown
6192,ENSG00000071967,CYBRD1,Non-driver
6193,ENSG00000160688,FLAD1,Unknown
6194,ENSG00000146352,CLVS2,Unknown
6195,ENSG00000170011,MYRIP,Unknown
6196,ENSG00000184724,KRTAP6-1,Non-driver
6197,ENSG00000144036,EXOC6B,Unknown
6198,ENSG00000171116,HSFX1,Non-driver
6199,ENSG00000268738,HSFX2,Non-driver
6200,ENSG00000094841,UPRT,Unknown
6201,ENSG00000188312,CENPP,Unknown
6202,ENSG00000276045,ORAI1,Unknown
6203,ENSG00000057252,SOAT1,Unknown
6204,ENSG00000094804,CDC6,Unknown
6205,ENSG00000185721,DRG1,Unknown
6206,ENSG00000241935,HOGA1,Unknown
6207,ENSG00000177947,ODF3,Unknown
6208,ENSG00000122550,KLHL7,Unknown
6209,ENSG00000130695,CEP85,Non-driver
6210,ENSG00000106993,CDC37L1,Unknown
6211,ENSG00000139329,LUM,Unknown
6212,ENSG00000112214,FHL5,Unknown
6213,ENSG00000128610,FEZF1,Unknown
6214,ENSG00000075240,GRAMD4,Unknown
6215,ENSG00000087302,RTRAF,Non-driver
6216,,KARS,Unknown
6217,ENSG00000189120,SP6,Non-driver
6218,ENSG00000243489,KRTAP10-11,Non-driver
6219,ENSG00000101605,MYOM1,Unknown
6220,ENSG00000102021,LUZP4,Unknown
6221,ENSG00000183214,MICA,Unknown
6222,ENSG00000119878,CRIPT,Unknown
6223,ENSG00000138449,SLC40A1,Unknown
6224,ENSG00000186393,KRT26,Unknown
6225,ENSG00000083093,PALB2,Driver
6226,ENSG00000164414,SLC35A1,Unknown
6227,ENSG00000158769,F11R,Unknown
6228,ENSG00000100568,VTI1B,Unknown
6229,ENSG00000127452,FBXL12,Unknown
6230,ENSG00000064703,DDX20,Unknown
6231,ENSG00000178741,COX5A,Unknown
6232,,RARS,Unknown
6233,ENSG00000010292,NCAPD2,Unknown
6234,ENSG00000141753,IGFBP4,Unknown
6235,ENSG00000084112,SSH1,Unknown
6236,ENSG00000123992,DNPEP,Unknown
6237,ENSG00000179564,LSMEM2,Non-driver
6238,ENSG00000163539,CLASP2,Unknown
6239,ENSG00000171823,FBXL14,Unknown
6240,ENSG00000162227,TAF6L,Non-driver
6241,ENSG00000092140,G2E3,Unknown
6242,ENSG00000054654,SYNE2,Unknown
6243,ENSG00000067167,TRAM1,Non-driver
6244,ENSG00000143375,CGN,Non-driver
6245,ENSG00000145685,LHFPL2,Unknown
6246,ENSG00000265107,GJA5,Unknown
6247,ENSG00000168818,STX18,Non-driver
6248,ENSG00000108100,CCNY,Unknown
6249,ENSG00000102317,RBM3,Unknown
6250,ENSG00000243927,MRPS6,Unknown
6251,ENSG00000133119,RFC3,Unknown
6252,ENSG00000186081,KRT5,Unknown
6253,ENSG00000130707,ASS1,Unknown
6254,ENSG00000115648,MLPH,Unknown
6255,ENSG00000118271,TTR,Unknown
6256,ENSG00000116741,RGS2,Unknown
6257,ENSG00000054356,PTPRN,Unknown
6258,ENSG00000110514,MADD,Unknown
6259,ENSG00000186792,HYAL3,Unknown
6260,ENSG00000138942,RNF185,Non-driver
6261,ENSG00000091428,RAPGEF4,Non-driver
6262,ENSG00000120733,KDM3B,Unknown
6263,ENSG00000163714,U2SURP,Unknown
6264,ENSG00000167755,KLK6,Unknown
6265,ENSG00000075891,PAX2,Unknown
6266,ENSG00000168876,ANKRD49,Non-driver
6267,ENSG00000230907,FKBPL,Unknown
6268,ENSG00000143183,TMCO1,Unknown
6269,ENSG00000205581,HMGN1,Unknown
6270,ENSG00000169908,TM4SF1,Unknown
6271,ENSG00000013573,DDX11,Unknown
6272,ENSG00000139926,FRMD6,Unknown
6273,ENSG00000115593,SMYD1,Unknown
6274,ENSG00000078140,UBE2K,Non-driver
6275,ENSG00000090104,RGS1,Unknown
6276,ENSG00000139625,MAP3K12,Unknown
6277,ENSG00000205279,CTXN3,Non-driver
6278,ENSG00000140750,ARHGAP17,Unknown
6279,ENSG00000148943,LIN7C,Unknown
6280,ENSG00000168938,PPIC,Unknown
6281,ENSG00000108557,RAI1,Unknown
6282,ENSG00000153046,CDYL,Unknown
6283,ENSG00000266028,SRGAP2,Unknown
6284,ENSG00000107554,DNMBP,Unknown
6285,ENSG00000186487,MYT1L,Unknown
6286,ENSG00000215114,UBXN2B,Unknown
6287,ENSG00000164080,RAD54L2,Non-driver
6288,,MARCH2,Unknown
6289,ENSG00000168517,HEXIM2,Unknown
6290,ENSG00000068697,LAPTM4A,Non-driver
6291,ENSG00000087338,GMCL1,Non-driver
6292,ENSG00000165553,NGB,Unknown
6293,ENSG00000177791,MYOZ1,Unknown
6294,ENSG00000102572,STK24,Unknown
6295,ENSG00000163681,SLMAP,Non-driver
6296,ENSG00000179456,ZBTB18,Unknown
6297,ENSG00000151715,TMEM45B,Non-driver
6298,ENSG00000108878,CACNG1,Unknown
6299,ENSG00000186812,ZNF397,Unknown
6300,ENSG00000170832,USP32,Unknown
6301,ENSG00000105327,BBC3,Non-driver
6302,ENSG00000204390,HSPA1L,Unknown
6303,ENSG00000101746,NOL4,Unknown
6304,ENSG00000174446,SNAPC5,Unknown
6305,ENSG00000104980,TIMM44,Unknown
6306,ENSG00000258839,MC1R,Unknown
6307,ENSG00000170262,MRAP,Unknown
6308,ENSG00000054938,CHRDL2,Unknown
6309,ENSG00000137822,TUBGCP4,Unknown
6310,ENSG00000170477,KRT4,Unknown
6311,ENSG00000167766,ZNF83,Unknown
6312,ENSG00000124092,CTCFL,Unknown
6313,ENSG00000178896,EXOSC4,Unknown
6314,ENSG00000105290,APLP1,Unknown
6315,ENSG00000144619,CNTN4,Unknown
6316,ENSG00000132874,SLC14A2,Unknown
6317,ENSG00000159840,ZYX,Unknown
6318,ENSG00000149257,SERPINH1,Unknown
6319,ENSG00000206177,HBM,Unknown
6320,ENSG00000196565,HBG2,Unknown
6321,ENSG00000129250,KIF1C,Unknown
6322,ENSG00000118518,RNF146,Unknown
6323,ENSG00000105048,TNNT1,Unknown
6324,ENSG00000133083,DCLK1,Unknown
6325,ENSG00000139514,SLC7A1,Unknown
6326,ENSG00000149357,LAMTOR1,Unknown
6327,ENSG00000168765,GSTM4,Unknown
6328,ENSG00000101349,PAK5,Unknown
6329,ENSG00000197930,ERO1A,Non-driver
6330,ENSG00000277424,HMOX2,Unknown
6331,ENSG00000131475,VPS25,Unknown
6332,ENSG00000115685,PPP1R7,Unknown
6333,ENSG00000147533,GOLGA7,Non-driver
6334,ENSG00000173542,MOB1B,Non-driver
6335,ENSG00000187514,PTMA,Unknown
6336,ENSG00000204979,MS4A13,Non-driver
6337,ENSG00000213390,ARHGAP19,Unknown
6338,ENSG00000138785,INTS12,Unknown
6339,ENSG00000181374,CCL13,Unknown
6340,ENSG00000108774,RAB5C,Unknown
6341,ENSG00000138592,USP8,Driver
6342,ENSG00000130511,SSBP4,Unknown
6343,ENSG00000134323,MYCN,Driver
6344,ENSG00000205084,TMEM231,Unknown
6345,ENSG00000204852,TCTN1,Non-driver
6346,ENSG00000153044,CENPH,Unknown
6347,ENSG00000083844,ZNF264,Unknown
6348,ENSG00000116679,IVNS1ABP,Unknown
6349,ENSG00000087076,HSD17B14,Unknown
6350,ENSG00000154305,MIA3,Unknown
6351,ENSG00000167377,ZNF23,Unknown
6352,ENSG00000105379,ETFB,Unknown
6353,ENSG00000078304,PPP2R5C,Unknown
6354,ENSG00000146950,SHROOM2,Unknown
6355,ENSG00000186501,TMEM222,Non-driver
6356,ENSG00000101150,TPD52L2,Unknown
6357,ENSG00000124006,OBSL1,Unknown
6358,ENSG00000092036,HAUS4,Unknown
6359,ENSG00000184515,BEX5,Unknown
6360,ENSG00000154839,SKA1,Unknown
6361,ENSG00000110148,CCKBR,Unknown
6362,ENSG00000182667,NTM,Unknown
6363,ENSG00000176083,ZNF683,Unknown
6364,ENSG00000142920,AZIN2,Unknown
6365,ENSG00000143450,OAZ3,Unknown
6366,ENSG00000113068,PFDN1,Unknown
6367,ENSG00000215305,VPS16,Unknown
6368,ENSG00000139719,VPS33A,Unknown
6369,ENSG00000100934,SEC23A,Unknown
6370,ENSG00000119042,SATB2,Unknown
6371,ENSG00000186814,ZSCAN30,Non-driver
6372,ENSG00000066735,KIF26A,Unknown
6373,ENSG00000139131,YARS2,Unknown
6374,ENSG00000126860,EVI2A,Unknown
6375,ENSG00000283727,KIR2DS4,Unknown
6376,ENSG00000130544,ZNF557,Non-driver
6377,ENSG00000230900,ATP6V1G2,Unknown
6378,ENSG00000178719,GRINA,Unknown
6379,ENSG00000188243,COMMD6,Unknown
6380,ENSG00000059804,SLC2A3,Unknown
6381,ENSG00000046774,MAGEC2,Unknown
6382,ENSG00000132603,NIP7,Non-driver
6383,ENSG00000285132,CTSB,Unknown
6384,ENSG00000185862,EVI2B,Unknown
6385,ENSG00000136048,DRAM1,Unknown
6386,ENSG00000186925,KRTAP19-6,Non-driver
6387,ENSG00000120725,SIL1,Unknown
6388,ENSG00000099795,NDUFB7,Unknown
6389,ENSG00000197808,ZNF461,Unknown
6390,ENSG00000272333,KMT2B,Unknown
6391,ENSG00000168002,POLR2G,Unknown
6392,ENSG00000165795,NDRG2,Unknown
6393,ENSG00000112531,QKI,Driver
6394,ENSG00000126003,PLAGL2,Unknown
6395,ENSG00000141425,RPRD1A,Unknown
6396,ENSG00000130520,LSM4,Unknown
6397,ENSG00000111358,GTF2H3,Unknown
6398,ENSG00000136824,SMC2,Unknown
6399,ENSG00000164076,CAMKV,Unknown
6400,ENSG00000151353,TMEM18,Unknown
6401,ENSG00000168314,MOBP,Unknown
6402,ENSG00000188155,KRTAP10-6,Non-driver
6403,ENSG00000114395,CYB561D2,Unknown
6404,ENSG00000119318,RAD23B,Unknown
6405,ENSG00000153130,SCOC,Non-driver
6406,ENSG00000264522,OTUD7B,Unknown
6407,ENSG00000186106,ANKRD46,Non-driver
6408,ENSG00000112357,PEX7,Unknown
6409,ENSG00000105518,TMEM205,Unknown
6410,ENSG00000145794,MEGF10,Unknown
6411,ENSG00000180530,NRIP1,Unknown
6412,ENSG00000070759,TESK2,Unknown
6413,ENSG00000144824,PHLDB2,Unknown
6414,ENSG00000156966,B3GNT7,Unknown
6415,ENSG00000132718,SYT11,Non-driver
6416,ENSG00000101883,RHOXF1,Unknown
6417,ENSG00000155792,DEPTOR,Non-driver
6418,ENSG00000138101,DTNB,Unknown
6419,ENSG00000171522,PTGER4,Unknown
6420,ENSG00000064545,TMEM161A,Non-driver
6421,ENSG00000185019,UBOX5,Non-driver
6422,ENSG00000020181,ADGRA2,Unknown
6423,ENSG00000163395,IGFN1,Unknown
6424,ENSG00000143355,LHX9,Unknown
6425,ENSG00000155666,KDM8,Unknown
6426,ENSG00000169241,SLC50A1,Unknown
6427,ENSG00000079616,KIF22,Unknown
6428,ENSG00000173559,NABP1,Non-driver
6429,ENSG00000258890,CEP95,Non-driver
6430,ENSG00000183486,MX2,Unknown
6431,ENSG00000164107,HAND2,Unknown
6432,,SEPT11,Unknown
6433,ENSG00000115194,SLC30A3,Unknown
6434,ENSG00000196586,MYO6,Unknown
6435,ENSG00000100554,ATP6V1D,Unknown
6436,ENSG00000204936,CD177,Non-driver
6437,ENSG00000134207,SYT6,Unknown
6438,ENSG00000172336,POP7,Unknown
6439,ENSG00000138035,PNPT1,Unknown
6440,ENSG00000163374,YY1AP1,Unknown
6441,ENSG00000281484,BTG3,Unknown
6442,ENSG00000076321,KLHL20,Unknown
6443,ENSG00000108439,PNPO,Unknown
6444,ENSG00000181817,LSM10,Unknown
6445,ENSG00000212901,KRTAP3-1,Non-driver
6446,ENSG00000068323,TFE3,Driver
6447,ENSG00000078674,PCM1,Driver
6448,ENSG00000163322,ABRAXAS1,Non-driver
6449,ENSG00000142507,PSMB6,Unknown
6450,ENSG00000112335,SNX3,Unknown
6451,ENSG00000137501,SYTL2,Unknown
6452,ENSG00000282175,HNRNPCL1,Non-driver
6453,ENSG00000154548,SRSF12,Non-driver
6454,ENSG00000111775,COX6A1,Unknown
6455,ENSG00000115541,HSPE1,Unknown
6456,ENSG00000198130,HIBCH,Unknown
6457,ENSG00000172667,ZMAT3,Non-driver
6458,ENSG00000110917,MLEC,Unknown
6459,ENSG00000163527,STT3B,Unknown
6460,ENSG00000133422,MORC2,Unknown
6461,ENSG00000116191,RALGPS2,Unknown
6462,ENSG00000083635,NUFIP1,Unknown
6463,ENSG00000117174,ZNHIT6,Non-driver
6464,ENSG00000165643,SOHLH1,Unknown
6465,ENSG00000244474,UGT1A4,Unknown
6466,ENSG00000241119,UGT1A9,Unknown
6467,ENSG00000188167,TMPPE,Non-driver
6468,ENSG00000196313,POM121,Unknown
6469,ENSG00000099341,PSMD8,Unknown
6470,ENSG00000158234,FAIM,Unknown
6471,ENSG00000142528,ZNF473,Unknown
6472,ENSG00000198832,SELENOM,Unknown
6473,ENSG00000172493,AFF1,Driver
6474,ENSG00000167034,NKX3-1,Driver
6475,ENSG00000160908,ZNF394,Non-driver
6476,ENSG00000072080,SPP2,Unknown
6477,ENSG00000145244,CORIN,Unknown
6478,ENSG00000198324,PHETA1,Non-driver
6479,ENSG00000104043,ATP8B4,Non-driver
6480,ENSG00000112697,TMEM30A,Unknown
6481,ENSG00000081923,ATP8B1,Unknown
6482,ENSG00000124406,ATP8A1,Non-driver
6483,ENSG00000288146,NOC4L,Unknown
6484,ENSG00000114023,FAM162A,Unknown
6485,ENSG00000288283,RFX1,Unknown
6486,ENSG00000285199,CIDEB,Unknown
6487,ENSG00000187026,KRTAP21-2,Non-driver
6488,ENSG00000136205,TNS3,Unknown
6489,ENSG00000163624,CDS1,Unknown
6490,ENSG00000047249,ATP6V1H,Non-driver
6491,ENSG00000144648,ACKR2,Unknown
6492,ENSG00000135436,FAM186B,Non-driver
6493,ENSG00000146094,DOK3,Unknown
6494,ENSG00000157593,SLC35B2,Unknown
6495,ENSG00000128578,STRIP2,Unknown
6496,ENSG00000154723,ATP5PF,Non-driver
6497,ENSG00000152455,SUV39H2,Unknown
6498,ENSG00000137720,C11orf1,Non-driver
6499,ENSG00000121361,KCNJ8,Unknown
6500,ENSG00000170961,HAS2,Unknown
6501,ENSG00000119715,ESRRB,Unknown
6502,ENSG00000142453,CARM1,Unknown
6503,ENSG00000104883,PEX11G,Unknown
6504,ENSG00000160932,LY6E,Unknown
6505,ENSG00000148483,TMEM236,Non-driver
6506,ENSG00000070501,POLB,Unknown
6507,ENSG00000079263,SP140,Non-driver
6508,ENSG00000164620,RELL2,Unknown
6509,ENSG00000151320,AKAP6,Unknown
6510,ENSG00000214114,MYCBP,Unknown
6511,ENSG00000149571,KIRREL3,Unknown
6512,ENSG00000131711,MAP1B,Unknown
6513,ENSG00000265763,ZNF488,Non-driver
6514,ENSG00000171503,ETFDH,Unknown
6515,ENSG00000172602,RND1,Unknown
6516,ENSG00000144228,SPOPL,Non-driver
6517,ENSG00000139174,PRICKLE1,Unknown
6518,ENSG00000230034,PSMB8,Unknown
6519,ENSG00000102309,PIN4,Unknown
6520,ENSG00000088808,PPP1R13B,Unknown
6521,ENSG00000099219,ERMP1,Unknown
6522,ENSG00000119508,NR4A3,Driver
6523,ENSG00000133315,MACROD1,Unknown
6524,ENSG00000122952,ZWINT,Unknown
6525,ENSG00000112130,RNF8,Unknown
6526,ENSG00000256812,CAPNS2,Non-driver
6527,ENSG00000166311,SMPD1,Unknown
6528,ENSG00000081721,DUSP12,Non-driver
6529,ENSG00000262334,RPH3AL,Unknown
6530,ENSG00000060566,CREB3L3,Unknown
6531,ENSG00000215717,TMEM167B,Non-driver
6532,ENSG00000173113,TRMT112,Non-driver
6533,ENSG00000284850,DCP1B,Unknown
6534,ENSG00000105723,GSK3A,Unknown
6535,ENSG00000145779,TNFAIP8,Unknown
6536,ENSG00000159882,ZNF230,Non-driver
6537,ENSG00000159228,CBR1,Unknown
6538,ENSG00000285302,CHMP4A,Unknown
6539,ENSG00000173457,PPP1R14B,Unknown
6540,ENSG00000174586,ZNF497,Unknown
6541,ENSG00000143889,HNRNPLL,Unknown
6542,ENSG00000113811,SELENOK,Unknown
6543,ENSG00000134571,MYBPC3,Unknown
6544,ENSG00000120049,KCNIP2,Non-driver
6545,ENSG00000132879,FBXO44,Unknown
6546,ENSG00000129255,MPDU1,Unknown
6547,ENSG00000140939,NOL3,Unknown
6548,ENSG00000026652,AGPAT4,Unknown
6549,ENSG00000255009,UBTFL1,Unknown
6550,ENSG00000095261,PSMD5,Unknown
6551,ENSG00000105520,PLPPR2,Non-driver
6552,ENSG00000122862,SRGN,Unknown
6553,ENSG00000106258,CYP3A5,Unknown
6554,ENSG00000166347,CYB5A,Unknown
6555,,ZNRD1,Unknown
6556,ENSG00000182606,TRAK1,Unknown
6557,ENSG00000101751,POLI,Unknown
6558,ENSG00000263761,GDF2,Unknown
6559,ENSG00000119392,GLE1,Unknown
6560,ENSG00000153086,ACMSD,Non-driver
6561,ENSG00000147894,C9orf72,Unknown
6562,ENSG00000025772,TOMM34,Unknown
6563,ENSG00000143178,TBX19,Unknown
6564,ENSG00000143367,TUFT1,Unknown
6565,ENSG00000115956,PLEK,Unknown
6566,ENSG00000068383,INPP5A,Unknown
6567,ENSG00000283024,ATAD1,Unknown
6568,ENSG00000146215,CRIP3,Non-driver
6569,ENSG00000206527,HACD2,Non-driver
6570,ENSG00000144468,RHBDD1,Unknown
6571,ENSG00000147383,NSDHL,Unknown
6572,ENSG00000052802,MSMO1,Unknown
6573,ENSG00000282230,ADAM9,Unknown
6574,ENSG00000134775,FHOD3,Unknown
6575,ENSG00000107745,MICU1,Unknown
6576,ENSG00000156026,MCU,Unknown
6577,ENSG00000134030,CTIF,Unknown
6578,ENSG00000258947,TUBB3,Unknown
6579,ENSG00000123999,INHA,Unknown
6580,ENSG00000080371,RAB21,Unknown
6581,ENSG00000145692,BHMT,Unknown
6582,ENSG00000101333,PLCB4,Unknown
6583,ENSG00000149100,EIF3M,Unknown
6584,ENSG00000160075,SSU72,Unknown
6585,ENSG00000101972,STAG2,Driver
6586,ENSG00000154930,ACSS1,Unknown
6587,ENSG00000163577,EIF5A2,Unknown
6588,ENSG00000127884,ECHS1,Unknown
6589,ENSG00000122417,ODF2L,Non-driver
6590,ENSG00000163209,SPRR3,Unknown
6591,ENSG00000147206,NXF3,Unknown
6592,ENSG00000101888,NXT2,Unknown
6593,ENSG00000206280,ZBTB22,Unknown
6594,ENSG00000147586,MRPS28,Unknown
6595,ENSG00000132612,VPS4A,Unknown
6596,ENSG00000151413,NUBPL,Unknown
6597,ENSG00000102978,POLR2C,Unknown
6598,ENSG00000156384,SFR1,Unknown
6599,ENSG00000005075,POLR2J,Unknown
6600,ENSG00000089169,RPH3A,Unknown
6601,ENSG00000255221,CARD17,Non-driver
6602,ENSG00000105649,RAB3A,Unknown
6603,ENSG00000167779,IGFBP6,Unknown
6604,ENSG00000142252,GEMIN7,Unknown
6605,ENSG00000206208,TAPBP,Unknown
6606,ENSG00000112242,E2F3,Unknown
6607,ENSG00000186965,KRTAP19-2,Non-driver
6608,ENSG00000179912,R3HDM2,Non-driver
6609,ENSG00000168101,NUDT16L1,Unknown
6610,ENSG00000138604,GLCE,Unknown
6611,ENSG00000113209,PCDHB5,Unknown
6612,ENSG00000136267,DGKB,Unknown
6613,ENSG00000266967,AARSD1,Unknown
6614,ENSG00000108825,PTGES3L-AARSD1,Non-driver
6615,ENSG00000112499,SLC22A2,Unknown
6616,ENSG00000170633,RNF34,Unknown
6617,ENSG00000176087,SLC35A4,Non-driver
6618,ENSG00000171396,KRTAP4-4,Non-driver
6619,ENSG00000105419,MEIS3,Non-driver
6620,ENSG00000163125,RPRD2,Unknown
6621,ENSG00000158850,B4GALT3,Unknown
6622,ENSG00000007237,GAS7,Driver
6623,ENSG00000092850,TEKT2,Unknown
6624,ENSG00000143702,CEP170,Unknown
6625,ENSG00000129295,LRRC6,Unknown
6626,ENSG00000117597,UTP25,Non-driver
6627,ENSG00000204897,KRT25,Unknown
6628,ENSG00000173928,SWSAP1,Unknown
6629,ENSG00000214941,ZSWIM7,Unknown
6630,ENSG00000113732,ATP6V0E1,Unknown
6631,ENSG00000173221,GLRX,Unknown
6632,ENSG00000166012,TAF1D,Unknown
6633,ENSG00000107938,EDRF1,Non-driver
6634,ENSG00000173418,NAA20,Non-driver
6635,ENSG00000236424,TSPY10,Non-driver
6636,ENSG00000130844,ZNF331,Driver
6637,ENSG00000152433,ZNF547,Non-driver
6638,ENSG00000204178,MACO1,Non-driver
6639,ENSG00000146143,PRIM2,Non-driver
6640,ENSG00000198056,PRIM1,Unknown
6641,ENSG00000186226,LCE1E,Unknown
6642,ENSG00000104853,CLPTM1,Unknown
6643,ENSG00000244025,KRTAP19-3,Non-driver
6644,ENSG00000157741,UBN2,Unknown
6645,ENSG00000100084,HIRA,Unknown
6646,ENSG00000276781,CHGA,Unknown
6647,ENSG00000050344,NFE2L3,Unknown
6648,ENSG00000101473,ACOT8,Unknown
6649,ENSG00000197892,KIF13B,Unknown
6650,ENSG00000171224,FAM241B,Non-driver
6651,ENSG00000165810,BTNL9,Non-driver
6652,ENSG00000154814,OXNAD1,Non-driver
6653,ENSG00000163171,CDC42EP3,Unknown
6654,ENSG00000162373,BEND5,Non-driver
6655,ENSG00000115808,STRN,Driver
6656,ENSG00000164626,KCNK5,Unknown
6657,ENSG00000080845,DLGAP4,Unknown
6658,ENSG00000003056,M6PR,Unknown
6659,ENSG00000163029,SMC6,Non-driver
6660,ENSG00000007384,RHBDF1,Unknown
6661,ENSG00000160218,TRAPPC10,Non-driver
6662,ENSG00000099917,MED15,Unknown
6663,ENSG00000117472,TSPAN1,Unknown
6664,ENSG00000126233,SLURP1,Unknown
6665,ENSG00000179941,BBS10,Unknown
6666,ENSG00000283153,FRG1,Unknown
6667,ENSG00000185049,NELFA,Non-driver
6668,ENSG00000136630,HLX,Non-driver
6669,ENSG00000132434,LANCL2,Unknown
6670,ENSG00000148606,POLR3A,Unknown
6671,ENSG00000032742,IFT88,Unknown
6672,ENSG00000138002,IFT172,Unknown
6673,ENSG00000163320,CGGBP1,Unknown
6674,ENSG00000160194,NDUFV3,Unknown
6675,ENSG00000150347,ARID5B,Unknown
6676,ENSG00000164024,METAP1,Unknown
6677,ENSG00000237155,IER3,Unknown
6678,ENSG00000187010,RHD,Unknown
6679,ENSG00000125148,MT2A,Unknown
6680,ENSG00000284967,FDFT1,Unknown
6681,ENSG00000078808,SDF4,Unknown
6682,ENSG00000167791,CABP2,Unknown
6683,ENSG00000167674,HDGFL2,Unknown
6684,ENSG00000109118,PHF12,Non-driver
6685,ENSG00000135127,BICDL1,Unknown
6686,ENSG00000156738,MS4A1,Unknown
6687,ENSG00000144057,ST6GAL2,Unknown
6688,ENSG00000168778,TCTN2,Unknown
6689,ENSG00000065665,SEC61A2,Unknown
6690,ENSG00000168724,DNAJC21,Unknown
6691,ENSG00000118420,UBE3D,Non-driver
6692,ENSG00000281191,KRTAP5-3,Non-driver
6693,ENSG00000166669,ATF7IP2,Unknown
6694,ENSG00000160606,TLCD1,Non-driver
6695,ENSG00000090372,STRN4,Unknown
6696,ENSG00000182628,SKA2,Unknown
6697,ENSG00000239857,GET4,Unknown
6698,ENSG00000205155,PSENEN,Unknown
6699,ENSG00000161217,PCYT1A,Unknown
6700,ENSG00000128829,EIF2AK4,Unknown
6701,ENSG00000156284,CLDN8,Unknown
6702,,PQLC2,Unknown
6703,ENSG00000041802,LSG1,Unknown
6704,ENSG00000128534,LSM8,Unknown
6705,,MARCH5,Unknown
6706,ENSG00000142546,NOSIP,Unknown
6707,ENSG00000099625,CBARP,Unknown
6708,ENSG00000102312,PORCN,Unknown
6709,ENSG00000187391,MAGI2,Unknown
6710,ENSG00000085662,AKR1B1,Unknown
6711,ENSG00000143369,ECM1,Unknown
6712,ENSG00000101193,GID8,Unknown
6713,ENSG00000178982,EIF3K,Unknown
6714,ENSG00000177479,ARIH2,Unknown
6715,ENSG00000183230,CTNNA3,Unknown
6716,ENSG00000102781,KATNAL1,Unknown
6717,ENSG00000115423,DNAH6,Unknown
6718,ENSG00000165410,CFL2,Unknown
6719,ENSG00000109511,ANXA10,Unknown
6720,ENSG00000128833,MYO5C,Unknown
6721,ENSG00000104722,NEFM,Unknown
6722,ENSG00000178750,STX19,Non-driver
6723,ENSG00000111732,AICDA,Unknown
6724,ENSG00000173334,TRIB1,Unknown
6725,ENSG00000145107,TM4SF19,Non-driver
6726,ENSG00000141562,NARF,Non-driver
6727,ENSG00000106483,SFRP4,Driver
6728,ENSG00000160200,CBS,Unknown
6729,ENSG00000163618,CADPS,Unknown
6730,ENSG00000051341,POLQ,Driver
6731,ENSG00000143105,KCNA10,Unknown
6732,ENSG00000110104,CCDC86,Unknown
6733,ENSG00000141985,SH3GL1,Driver
6734,ENSG00000166233,ARIH1,Unknown
6735,ENSG00000112077,RHAG,Unknown
6736,ENSG00000101160,CTSZ,Unknown
6737,ENSG00000150672,DLG2,Unknown
6738,ENSG00000089127,OAS1,Unknown
6739,ENSG00000162975,KCNF1,Unknown
6740,ENSG00000170515,PA2G4,Unknown
6741,ENSG00000113384,GOLPH3,Unknown
6742,ENSG00000181409,AATK,Unknown
6743,ENSG00000108759,KRT32,Unknown
6744,ENSG00000099256,PRTFDC1,Unknown
6745,ENSG00000142178,SIK1,Unknown
6746,ENSG00000130347,RTN4IP1,Unknown
6747,ENSG00000118785,SPP1,Driver
6748,ENSG00000124942,AHNAK,Unknown
6749,ENSG00000153551,CMTM7,Unknown
6750,ENSG00000171928,TVP23B,Non-driver
6751,ENSG00000164292,RHOBTB3,Unknown
6752,ENSG00000133121,STARD13,Unknown
6753,ENSG00000115963,RND3,Unknown
6754,ENSG00000198939,ZFP2,Non-driver
6755,ENSG00000125755,SYMPK,Non-driver
6756,ENSG00000151414,NEK7,Unknown
6757,,H2BFS,Non-driver
6758,ENSG00000130818,ZNF426,Non-driver
6759,ENSG00000075239,ACAT1,Unknown
6760,ENSG00000186187,ZNRF1,Unknown
6761,ENSG00000161911,TREML1,Unknown
6762,ENSG00000176101,SSNA1,Unknown
6763,ENSG00000243335,KCTD7,Unknown
6764,ENSG00000072849,DERL2,Unknown
6765,ENSG00000204511,MCCD1,Unknown
6766,ENSG00000120729,MYOT,Unknown
6767,ENSG00000107099,DOCK8,Unknown
6768,ENSG00000163879,DNALI1,Unknown
6769,ENSG00000205076,LGALS7,Unknown
6770,ENSG00000282902,LGALS7B,Unknown
6771,ENSG00000170577,SIX2,Driver
6772,ENSG00000181754,AMIGO1,Unknown
6773,ENSG00000105486,LIG1,Unknown
6774,ENSG00000165802,NSMF,Unknown
6775,ENSG00000102710,SUPT20H,Non-driver
6776,ENSG00000183668,PSG9,Unknown
6777,ENSG00000165943,MOAP1,Unknown
6778,ENSG00000147872,PLIN2,Unknown
6779,ENSG00000256061,DNAAF4,Unknown
6780,ENSG00000128699,ORMDL1,Unknown
6781,ENSG00000117152,RGS4,Unknown
6782,ENSG00000133019,CHRM3,Unknown
6783,ENSG00000186834,HEXIM1,Non-driver
6784,ENSG00000196101,HLA-DRB3,Unknown
6785,ENSG00000132514,CLEC10A,Unknown
6786,ENSG00000121680,PEX16,Unknown
6787,ENSG00000198189,HSD17B11,Unknown
6788,ENSG00000188001,TPRG1,Non-driver
6789,ENSG00000173908,KRT28,Unknown
6790,ENSG00000163071,SPATA18,Unknown
6791,ENSG00000163840,DTX3L,Unknown
6792,ENSG00000008441,NFIX,Unknown
6793,ENSG00000176108,CHMP6,Unknown
6794,ENSG00000175206,NPPA,Unknown
6795,ENSG00000159348,CYB5R1,Non-driver
6796,ENSG00000106355,LSM5,Unknown
6797,ENSG00000119185,ITGB1BP1,Unknown
6798,ENSG00000198393,ZNF26,Unknown
6799,ENSG00000135093,USP30,Unknown
6800,ENSG00000178150,ZNF114,Unknown
6801,ENSG00000137285,TUBB2B,Unknown
6802,ENSG00000257335,MGAM,Unknown
6803,ENSG00000129534,MIS18BP1,Non-driver
6804,ENSG00000164070,HSPA4L,Non-driver
6805,ENSG00000185105,MYADML2,Non-driver
6806,ENSG00000151332,MBIP,Unknown
6807,ENSG00000213782,DDX47,Unknown
6808,ENSG00000152061,RABGAP1L,Non-driver
6809,ENSG00000164985,PSIP1,Driver
6810,ENSG00000186222,BLOC1S4,Unknown
6811,ENSG00000132554,RGS22,Unknown
6812,ENSG00000187634,SAMD11,Unknown
6813,ENSG00000181004,BBS12,Unknown
6814,ENSG00000217442,SYCE3,Unknown
6815,ENSG00000197084,LCE1C,Unknown
6816,ENSG00000123353,ORMDL2,Unknown
6817,ENSG00000147439,BIN3,Unknown
6818,ENSG00000124383,MPHOSPH10,Non-driver
6819,ENSG00000182054,IDH2,Driver
6820,ENSG00000101489,CELF4,Unknown
6821,ENSG00000134627,PIWIL4,Unknown
6822,ENSG00000105993,DNAJB6,Unknown
6823,ENSG00000174132,FAM174A,Non-driver
6824,ENSG00000012822,CALCOCO1,Non-driver
6825,ENSG00000135090,TAOK3,Unknown
6826,ENSG00000184650,ODF4,Unknown
6827,ENSG00000169223,LMAN2,Non-driver
6828,ENSG00000187238,LCE3B,Unknown
6829,ENSG00000160472,TMEM190,Non-driver
6830,ENSG00000115540,MOB4,Unknown
6831,ENSG00000120907,ADRA1A,Unknown
6832,ENSG00000125875,TBC1D20,Unknown
6833,ENSG00000105613,MAST1,Unknown
6834,ENSG00000004455,AK2,Unknown
6835,ENSG00000134588,USP26,Unknown
6836,ENSG00000198000,NOL8,Unknown
6837,ENSG00000121742,GJB6,Unknown
6838,ENSG00000113441,LNPEP,Unknown
6839,ENSG00000163947,ARHGEF3,Unknown
6840,ENSG00000196715,VKORC1L1,Unknown
6841,ENSG00000116771,AGMAT,Unknown
6842,ENSG00000154237,LRRK1,Unknown
6843,ENSG00000139350,NEDD1,Unknown
6844,ENSG00000187569,DPPA3,Unknown
6845,ENSG00000164972,C9orf24,Non-driver
6846,ENSG00000010219,DYRK4,Unknown
6847,ENSG00000240386,LCE1F,Unknown
6848,ENSG00000187223,LCE2D,Unknown
6849,ENSG00000171311,EXOSC1,Unknown
6850,ENSG00000275513,KIR3DL3,Non-driver
6851,ENSG00000160888,IER2,Non-driver
6852,ENSG00000154832,CXXC1,Non-driver
6853,ENSG00000146147,MLIP,Unknown
6854,ENSG00000077063,CTTNBP2,Unknown
6855,ENSG00000138669,PRKG2,Unknown
6856,ENSG00000167618,LAIR2,Non-driver
6857,ENSG00000138080,EMILIN1,Unknown
6858,ENSG00000115446,UNC50,Unknown
6859,ENSG00000109519,GRPEL1,Unknown
6860,ENSG00000092200,RPGRIP1,Unknown
6861,ENSG00000107831,FGF8,Driver
6862,ENSG00000138036,DYNC2LI1,Unknown
6863,ENSG00000132010,ZNF20,Unknown
6864,ENSG00000172748,ZNF596,Non-driver
6865,ENSG00000179833,SERTAD2,Unknown
6866,ENSG00000010322,NISCH,Unknown
6867,ENSG00000123595,RAB9A,Non-driver
6868,ENSG00000101901,ALG13,Unknown
6869,ENSG00000121454,LHX4,Unknown
6870,ENSG00000161981,SNRNP25,Non-driver
6871,ENSG00000149503,INCENP,Unknown
6872,ENSG00000164256,PRDM9,Unknown
6873,ENSG00000168679,SLC16A4,Unknown
6874,ENSG00000165633,VSTM4,Non-driver
6875,ENSG00000162702,ZNF281,Non-driver
6876,ENSG00000111452,ADGRD1,Unknown
6877,ENSG00000243279,PRAF2,Unknown
6878,ENSG00000244411,KRTAP5-7,Non-driver
6879,ENSG00000185900,POMK,Unknown
6880,,FGFR1OP,Driver
6881,ENSG00000198937,CCDC167,Non-driver
6882,ENSG00000267467,APOC4,Unknown
6883,ENSG00000106588,PSMA2,Unknown
6884,ENSG00000276358,PLEKHM1,Unknown
6885,ENSG00000033627,ATP6V0A1,Unknown
6886,ENSG00000085415,SEH1L,Unknown
6887,ENSG00000166123,GPT2,Unknown
6888,ENSG00000138495,COX17,Unknown
6889,ENSG00000148384,INPP5E,Unknown
6890,ENSG00000116514,RNF19B,Non-driver
6891,ENSG00000136319,TTC5,Non-driver
6892,ENSG00000132436,FIGNL1,Unknown
6893,ENSG00000102890,ELMO3,Unknown
6894,ENSG00000182585,EPGN,Non-driver
6895,ENSG00000187272,KRTAP9-8,Non-driver
6896,ENSG00000213741,RPS29,Unknown
6897,ENSG00000188895,MSL1,Unknown
6898,ENSG00000180616,SSTR2,Unknown
6899,ENSG00000235169,SMIM1,Unknown
6900,ENSG00000181016,LSMEM1,Non-driver
6901,ENSG00000008283,CYB561,Unknown
6902,ENSG00000161980,POLR3K,Unknown
6903,ENSG00000176986,SEC24C,Unknown
6904,ENSG00000136352,NKX2-1,Driver
6905,ENSG00000133731,IMPA1,Unknown
6906,ENSG00000141401,IMPA2,Unknown
6907,ENSG00000117448,AKR1A1,Unknown
6908,ENSG00000101191,DIDO1,Non-driver
6909,ENSG00000121766,ZCCHC17,Non-driver
6910,ENSG00000088356,PDRG1,Unknown
6911,ENSG00000092054,MYH7,Unknown
6912,ENSG00000139648,KRT71,Unknown
6913,ENSG00000148584,A1CF,Driver
6914,ENSG00000117868,ESYT2,Unknown
6915,ENSG00000139641,ESYT1,Unknown
6916,ENSG00000177108,ZDHHC22,Non-driver
6917,ENSG00000272031,ANKRD34A,Non-driver
6918,ENSG00000011009,LYPLA2,Unknown
6919,ENSG00000112655,PTK7,Unknown
6920,ENSG00000171956,FOXB1,Non-driver
6921,ENSG00000117525,F3,Unknown
6922,ENSG00000189283,FHIT,Driver
6923,ENSG00000132963,POMP,Unknown
6924,ENSG00000176273,SLC35G1,Unknown
6925,ENSG00000183864,TOB2,Unknown
6926,ENSG00000035141,FAM136A,Unknown
6927,ENSG00000175324,LSM1,Unknown
6928,ENSG00000158220,ESYT3,Unknown
6929,ENSG00000055609,KMT2C,Driver
6930,ENSG00000182173,TSEN54,Unknown
6931,ENSG00000064787,BCAS1,Unknown
6932,ENSG00000128908,INO80,Unknown
6933,ENSG00000101442,ACTR5,Non-driver
6934,ENSG00000155090,KLF10,Unknown
6935,ENSG00000054598,FOXC1,Unknown
6936,ENSG00000159259,CHAF1B,Non-driver
6937,ENSG00000198947,DMD,Unknown
6938,ENSG00000113327,GABRG2,Unknown
6939,ENSG00000100814,CCNB1IP1,Driver
6940,ENSG00000160285,LSS,Unknown
6941,ENSG00000133059,DSTYK,Unknown
6942,ENSG00000163933,RFT1,Unknown
6943,ENSG00000179532,DNHD1,Non-driver
6944,,COL4A3BP,Unknown
6945,ENSG00000133275,CSNK1G2,Unknown
6946,ENSG00000139318,DUSP6,Unknown
6947,ENSG00000058453,CROCC,Unknown
6948,ENSG00000117281,CD160,Unknown
6949,ENSG00000113240,CLK4,Unknown
6950,ENSG00000213625,LEPROT,Unknown
6951,ENSG00000123545,NDUFAF4,Unknown
6952,ENSG00000105866,SP4,Unknown
6953,ENSG00000233813,MRPS18B,Unknown
6954,ENSG00000275979,CNOT3,Driver
6955,ENSG00000187173,LCE2A,Unknown
6956,ENSG00000114771,AADAC,Unknown
6957,ENSG00000134900,TPP2,Unknown
6958,ENSG00000100505,TRIM9,Unknown
6959,ENSG00000203883,SOX18,Unknown
6960,ENSG00000214413,BBIP1,Unknown
6961,ENSG00000167916,KRT24,Unknown
6962,ENSG00000124275,MTRR,Driver
6963,ENSG00000116984,MTR,Unknown
6964,ENSG00000062282,DGAT2,Unknown
6965,ENSG00000243509,TNFRSF6B,Unknown
6966,ENSG00000104936,DMPK,Unknown
6967,ENSG00000166562,SEC11C,Non-driver
6968,ENSG00000147650,LRP12,Unknown
6969,ENSG00000181804,SLC9A9,Unknown
6970,ENSG00000023191,RNH1,Unknown
6971,ENSG00000064995,TAF11,Unknown
6972,ENSG00000281309,SURF6,Unknown
6973,ENSG00000138587,MNS1,Unknown
6974,ENSG00000163485,ADORA1,Unknown
6975,ENSG00000174667,OR7D4,Unknown
6976,ENSG00000110887,DAO,Unknown
6977,ENSG00000105669,COPE,Unknown
6978,ENSG00000138696,BMPR1B,Unknown
6979,ENSG00000108590,MED31,Non-driver
6980,ENSG00000122958,VPS26A,Unknown
6981,ENSG00000152583,SPARCL1,Non-driver
6982,ENSG00000065000,AP3D1,Unknown
6983,ENSG00000099290,WASHC2A,Non-driver
6984,ENSG00000164695,CHMP4C,Unknown
6985,ENSG00000143363,PRUNE1,Unknown
6986,ENSG00000104960,PTOV1,Unknown
6987,ENSG00000183813,CCR4,Driver
6988,ENSG00000103932,RPAP1,Unknown
6989,ENSG00000164162,ANAPC10,Unknown
6990,ENSG00000135862,LAMC1,Unknown
6991,ENSG00000148356,LRSAM1,Unknown
6992,ENSG00000168826,ZBTB49,Unknown
6993,ENSG00000172795,DCP2,Unknown
6994,ENSG00000258405,ZNF578,Non-driver
6995,ENSG00000061794,MRPS35,Unknown
6996,ENSG00000198752,CDC42BPB,Unknown
6997,ENSG00000241233,KRTAP5-8,Non-driver
6998,ENSG00000085741,WNT11,Unknown
6999,ENSG00000186416,NKRF,Unknown
7000,ENSG00000167191,GPRC5B,Unknown
7001,ENSG00000166923,GREM1,Unknown
7002,ENSG00000175745,NR2F1,Unknown
7003,ENSG00000204370,SDHD,Driver
7004,ENSG00000154743,TSEN2,Unknown
7005,ENSG00000134548,SPX,Non-driver
7006,ENSG00000178928,TPRX1,Unknown
7007,,MARCH6,Unknown
7008,ENSG00000181467,RAP2B,Unknown
7009,ENSG00000136193,SCRN1,Unknown
7010,ENSG00000175395,ZNF25,Unknown
7011,ENSG00000084234,APLP2,Unknown
7012,ENSG00000164929,BAALC,Unknown
7013,ENSG00000111218,PRMT8,Unknown
7014,ENSG00000162144,CYB561A3,Non-driver
7015,ENSG00000188379,IFNA2,Unknown
7016,ENSG00000134602,STK26,Unknown
7017,ENSG00000169752,NRG4,Unknown
7018,ENSG00000135917,SLC19A3,Unknown
7019,ENSG00000165915,SLC39A13,Unknown
7020,ENSG00000110375,UPK2,Unknown
7021,ENSG00000166452,AKIP1,Unknown
7022,ENSG00000113504,SLC12A7,Unknown
7023,ENSG00000158186,MRAS,Unknown
7024,ENSG00000203879,GDI1,Unknown
7025,ENSG00000007171,NOS2,Driver
7026,ENSG00000280830,ADI1,Unknown
7027,ENSG00000160460,SPTBN4,Unknown
7028,ENSG00000179085,DPM3,Unknown
7029,ENSG00000105821,DNAJC2,Unknown
7030,ENSG00000010256,UQCRC1,Unknown
7031,,FAM84B,Unknown
7032,ENSG00000089225,TBX5,Unknown
7033,ENSG00000100425,BRD1,Non-driver
7034,ENSG00000254986,DPP3,Unknown
7035,ENSG00000130332,LSM7,Unknown
7036,ENSG00000165175,MID1IP1,Unknown
7037,ENSG00000213022,KLK9,Unknown
7038,ENSG00000135338,LCA5,Unknown
7039,ENSG00000005194,CIAPIN1,Unknown
7040,,MMD2,Unknown
7041,ENSG00000272047,GTF2H5,Unknown
7042,ENSG00000112425,EPM2A,Unknown
7043,ENSG00000187566,NHLRC1,Unknown
7044,ENSG00000183145,RIPPLY3,Non-driver
7045,ENSG00000114115,RBP1,Unknown
7046,ENSG00000099992,TBC1D10A,Unknown
7047,ENSG00000005812,FBXL3,Non-driver
7048,ENSG00000057593,F7,Unknown
7049,ENSG00000243135,UGT1A3,Unknown
7050,ENSG00000148158,SNX30,Non-driver
7051,ENSG00000114209,PDCD10,Unknown
7052,ENSG00000122970,IFT81,Unknown
7053,ENSG00000167720,SRR,Unknown
7054,ENSG00000153495,TEX29,Non-driver
7055,ENSG00000168172,HOOK3,Driver
7056,ENSG00000006712,PAF1,Unknown
7057,ENSG00000196376,SLC35F1,Non-driver
7058,ENSG00000183828,NUDT14,Unknown
7059,ENSG00000170873,MTSS1,Unknown
7060,ENSG00000080822,CLDND1,Non-driver
7061,ENSG00000108511,HOXB6,Unknown
7062,ENSG00000140718,FTO,Unknown
7063,ENSG00000137492,THAP12,Unknown
7064,ENSG00000148985,PGAP2,Unknown
7065,ENSG00000196141,SPATS2L,Unknown
7066,ENSG00000038358,EDC4,Unknown
7067,ENSG00000184887,BTBD6,Non-driver
7068,ENSG00000169067,ACTBL2,Unknown
7069,ENSG00000147394,ZNF185,Unknown
7070,ENSG00000170423,KRT78,Unknown
7071,ENSG00000159377,PSMB4,Unknown
7072,ENSG00000134769,DTNA,Unknown
7073,ENSG00000135245,HILPDA,Unknown
7074,ENSG00000091583,APOH,Unknown
7075,ENSG00000090971,NAT14,Non-driver
7076,ENSG00000198768,APCDD1L,Non-driver
7077,ENSG00000184205,TSPYL2,Unknown
7078,ENSG00000223609,HBD,Unknown
7079,ENSG00000183049,CAMK1D,Unknown
7080,ENSG00000198586,TLK1,Non-driver
7081,ENSG00000123064,DDX54,Unknown
7082,ENSG00000170486,KRT72,Unknown
7083,ENSG00000132911,NMUR2,Unknown
7084,ENSG00000168917,SLC35G2,Unknown
7085,ENSG00000182504,CEP97,Unknown
7086,ENSG00000185069,KRT76,Unknown
7087,ENSG00000078596,ITM2A,Unknown
7088,ENSG00000112667,DNPH1,Non-driver
7089,ENSG00000155313,USP25,Unknown
7090,ENSG00000189299,FOXR2,Unknown
7091,ENSG00000163719,MTMR14,Unknown
7092,ENSG00000171564,FGB,Unknown
7093,ENSG00000143224,PPOX,Unknown
7094,ENSG00000126001,CEP250,Non-driver
7095,ENSG00000155265,GOLGA7B,Unknown
7096,ENSG00000113318,MSH3,Unknown
7097,ENSG00000119689,DLST,Unknown
7098,ENSG00000144580,CNOT9,Unknown
7099,ENSG00000151835,SACS,Unknown
7100,ENSG00000130762,ARHGEF16,Non-driver
7101,ENSG00000213023,SYT3,Unknown
7102,ENSG00000213967,ZNF726,Non-driver
7103,ENSG00000068394,GPKOW,Unknown
7104,ENSG00000115183,TANC1,Unknown
7105,ENSG00000134897,BIVM,Non-driver
7106,ENSG00000179922,ZNF784,Non-driver
7107,ENSG00000178021,TSPYL6,Non-driver
7108,ENSG00000116031,CD207,Unknown
7109,ENSG00000132768,DPH2,Unknown
7110,ENSG00000117298,ECE1,Unknown
7111,ENSG00000002919,SNX11,Unknown
7112,ENSG00000143740,SNAP47,Non-driver
7113,ENSG00000089902,RCOR1,Non-driver
7114,ENSG00000167397,VKORC1,Unknown
7115,ENSG00000085644,ZNF213,Unknown
7116,ENSG00000122008,POLK,Unknown
7117,ENSG00000141433,ADCYAP1,Unknown
7118,ENSG00000100095,SEZ6L,Unknown
7119,ENSG00000197008,ZNF138,Unknown
7120,ENSG00000170881,RNF139,Unknown
7121,ENSG00000101294,HM13,Unknown
7122,ENSG00000171236,LRG1,Unknown
7123,ENSG00000143416,SELENBP1,Unknown
7124,ENSG00000035664,DAPK2,Unknown
7125,ENSG00000121851,POLR3GL,Unknown
7126,ENSG00000223572,CKMT1A,Unknown
7127,ENSG00000237289,CKMT1B,Unknown
7128,ENSG00000068885,IFT80,Unknown
7129,ENSG00000218891,ZNF579,Non-driver
7130,ENSG00000168484,SFTPC,Unknown
7131,ENSG00000112494,UNC93A,Unknown
7132,ENSG00000063587,ZNF275,Non-driver
7133,ENSG00000142684,ZNF593,Unknown
7134,ENSG00000132824,SERINC3,Unknown
7135,ENSG00000080298,RFX3,Unknown
7136,ENSG00000214160,ALG3,Unknown
7137,ENSG00000170369,CST2,Unknown
7138,ENSG00000186471,AKAP14,Unknown
7139,ENSG00000173805,HAP1,Unknown
7140,ENSG00000111328,CDK2AP1,Unknown
7141,ENSG00000167767,KRT80,Unknown
7142,ENSG00000229346,TRIM10,Non-driver
7143,ENSG00000169180,XPO6,Unknown
7144,ENSG00000117222,RBBP5,Unknown
7145,ENSG00000108813,DLX4,Unknown
7146,ENSG00000130518,IQCN,Non-driver
7147,ENSG00000239474,KLHL41,Unknown
7148,ENSG00000112118,MCM3,Unknown
7149,ENSG00000135374,ELF5,Unknown
7150,ENSG00000053702,NRIP2,Non-driver
7151,ENSG00000168883,USP39,Unknown
7152,ENSG00000078328,RBFOX1,Unknown
7153,ENSG00000167977,KCTD5,Unknown
7154,ENSG00000106682,EIF4H,Unknown
7155,ENSG00000107731,UNC5B,Unknown
7156,ENSG00000067141,NEO1,Unknown
7157,ENSG00000105427,CNFN,Unknown
7158,ENSG00000072682,P4HA2,Unknown
7159,ENSG00000056277,ZNF280C,Non-driver
7160,ENSG00000282307,SERPINF1,Unknown
7161,ENSG00000147853,AK3,Unknown
7162,ENSG00000165801,ARHGEF40,Non-driver
7163,ENSG00000085998,POMGNT1,Unknown
7164,ENSG00000100036,SLC35E4,Non-driver
7165,ENSG00000196510,ANAPC7,Unknown
7166,ENSG00000168306,ACOX2,Unknown
7167,ENSG00000107736,CDH23,Unknown
7168,ENSG00000107614,TRDMT1,Unknown
7169,ENSG00000144035,NAT8,Unknown
7170,ENSG00000120675,DNAJC15,Unknown
7171,ENSG00000116171,SCP2,Unknown
7172,ENSG00000185231,MC2R,Unknown
7173,ENSG00000140932,CMTM2,Unknown
7174,ENSG00000101464,PIGU,Unknown
7175,ENSG00000163344,PMVK,Unknown
7176,ENSG00000110011,DNAJC4,Non-driver
7177,ENSG00000198471,RTP2,Unknown
7178,ENSG00000106278,PTPRZ1,Unknown
7179,ENSG00000163781,TOPBP1,Unknown
7180,ENSG00000142675,CNKSR1,Unknown
7181,ENSG00000008256,CYTH3,Unknown
7182,ENSG00000139405,RITA1,Non-driver
7183,ENSG00000274126,C14orf180,Non-driver
7184,ENSG00000140374,ETFA,Unknown
7185,ENSG00000167842,MIS12,Unknown
7186,ENSG00000160783,PMF1,Unknown
7187,ENSG00000141448,GATA6,Unknown
7188,ENSG00000169926,KLF13,Unknown
7189,ENSG00000103051,COG4,Unknown
7190,ENSG00000108786,HSD17B1,Unknown
7191,ENSG00000281935,DNAH10,Unknown
7192,ENSG00000183955,KMT5A,Non-driver
7193,ENSG00000137699,TRIM29,Unknown
7194,ENSG00000206283,PFDN6,Non-driver
7195,ENSG00000185869,ZNF829,Non-driver
7196,ENSG00000146243,IRAK1BP1,Unknown
7197,ENSG00000149541,B3GAT3,Unknown
7198,ENSG00000100591,AHSA1,Unknown
7199,ENSG00000253797,UTP14C,Non-driver
7200,ENSG00000182600,SNORC,Non-driver
7201,ENSG00000138622,HCN4,Unknown
7202,ENSG00000169155,ZBTB43,Non-driver
7203,ENSG00000165819,METTL3,Unknown
7204,ENSG00000145388,METTL14,Unknown
7205,ENSG00000186980,KRTAP23-1,Non-driver
7206,ENSG00000179820,MYADM,Unknown
7207,ENSG00000119953,SMNDC1,Non-driver
7208,ENSG00000130479,MAP1S,Unknown
7209,ENSG00000175782,SLC35E3,Non-driver
7210,ENSG00000112739,PRPF4B,Unknown
7211,ENSG00000221926,TRIM16,Unknown
7212,ENSG00000171988,JMJD1C,Unknown
7213,ENSG00000114544,SLC41A3,Unknown
7214,ENSG00000101363,MANBAL,Non-driver
7215,ENSG00000183034,OTOP2,Unknown
7216,ENSG00000107282,APBA1,Unknown
7217,ENSG00000188827,SLX4,Unknown
7218,ENSG00000148948,LRRC4C,Unknown
7219,ENSG00000133048,CHI3L1,Unknown
7220,ENSG00000130038,CRACR2A,Non-driver
7221,ENSG00000159596,TMEM69,Non-driver
7222,ENSG00000121769,FABP3,Unknown
7223,ENSG00000184840,TMED9,Non-driver
7224,ENSG00000151692,RNF144A,Non-driver
7225,,H3F3C,Unknown
7226,ENSG00000174417,TRHR,Unknown
7227,ENSG00000146197,SCUBE3,Unknown
7228,ENSG00000159217,IGF2BP1,Unknown
7229,ENSG00000183255,PTTG1IP,Unknown
7230,ENSG00000178826,TMEM139,Unknown
7231,ENSG00000243364,EFNA4,Unknown
7232,ENSG00000135333,EPHA7,Driver
7233,ENSG00000168995,SIGLEC7,Unknown
7234,ENSG00000141568,FOXK2,Unknown
7235,ENSG00000136152,COG3,Unknown
7236,ENSG00000144560,VGLL4,Non-driver
7237,ENSG00000115977,AAK1,Unknown
7238,ENSG00000197912,SPG7,Non-driver
7239,ENSG00000160202,CRYAA,Unknown
7240,ENSG00000118655,DCLRE1B,Unknown
7241,ENSG00000066135,KDM4A,Unknown
7242,ENSG00000143753,DEGS1,Unknown
7243,ENSG00000162430,SELENON,Unknown
7244,ENSG00000106012,IQCE,Unknown
7245,ENSG00000121864,ZNF639,Non-driver
7246,ENSG00000148290,SURF1,Unknown
7247,ENSG00000183978,COA3,Unknown
7248,ENSG00000148841,ITPRIP,Non-driver
7249,ENSG00000111540,RAB5B,Unknown
7250,ENSG00000104142,VPS18,Unknown
7251,ENSG00000079950,STX7,Unknown
7252,ENSG00000176208,ATAD5,Unknown
7253,ENSG00000125450,NUP85,Unknown
7254,ENSG00000160211,G6PD,Unknown
7255,ENSG00000233927,RPS28,Unknown
7256,ENSG00000095380,NANS,Unknown
7257,ENSG00000151503,NCAPD3,Unknown
7258,ENSG00000275152,CCL16,Unknown
7259,ENSG00000173585,CCR9,Unknown
7260,ENSG00000227500,SCAMP4,Unknown
7261,ENSG00000124783,SSR1,Unknown
7262,ENSG00000171357,LURAP1,Unknown
7263,ENSG00000111052,LIN7A,Unknown
7264,ENSG00000257727,CNPY2,Non-driver
7265,ENSG00000170522,ELOVL6,Unknown
7266,ENSG00000014641,MDH1,Unknown
7267,ENSG00000180957,PITPNB,Unknown
7268,ENSG00000184939,ZFP90,Unknown
7269,ENSG00000070814,TCOF1,Unknown
7270,ENSG00000118007,STAG1,Driver
7271,ENSG00000103876,FAH,Unknown
7272,ENSG00000164442,CITED2,Unknown
7273,ENSG00000166426,CRABP1,Unknown
7274,ENSG00000134020,PEBP4,Non-driver
7275,ENSG00000162595,DIRAS3,Unknown
7276,ENSG00000128617,OPN1SW,Unknown
7277,ENSG00000066027,PPP2R5A,Unknown
7278,ENSG00000168591,TMUB2,Non-driver
7279,ENSG00000242485,MRPL20,Unknown
7280,ENSG00000180644,PRF1,Driver
7281,ENSG00000149809,TM7SF2,Unknown
7282,ENSG00000180720,CHRM4,Unknown
7283,ENSG00000241399,CD302,Unknown
7284,ENSG00000102103,PQBP1,Unknown
7285,ENSG00000126524,SBDS,Driver
7286,ENSG00000087884,AAMDC,Non-driver
7287,ENSG00000284096,PRKAR2B,Unknown
7288,ENSG00000198182,ZNF607,Non-driver
7289,ENSG00000108924,HLF,Driver
7290,ENSG00000167969,ECI1,Unknown
7291,ENSG00000274749,KRTAP7-1,Non-driver
7292,ENSG00000102699,PARP4,Unknown
7293,ENSG00000197646,PDCD1LG2,Driver
7294,,IARS,Unknown
7295,ENSG00000154856,APCDD1,Unknown
7296,ENSG00000188488,SERPINA5,Non-driver
7297,ENSG00000113194,FAF2,Unknown
7298,ENSG00000164325,TMEM174,Unknown
7299,ENSG00000074842,MYDGF,Non-driver
7300,ENSG00000157992,KRTCAP3,Non-driver
7301,ENSG00000137094,DNAJB5,Unknown
7302,ENSG00000007968,E2F2,Unknown
7303,,MAATS1,Unknown
7304,ENSG00000171509,RXFP1,Unknown
7305,ENSG00000106009,BRAT1,Unknown
7306,ENSG00000280501,CEACAM7,Non-driver
7307,ENSG00000101546,RBFA,Non-driver
7308,ENSG00000100319,ZMAT5,Non-driver
7309,ENSG00000197279,ZNF165,Unknown
7310,ENSG00000184517,ZFP1,Unknown
7311,ENSG00000132793,LPIN3,Unknown
7312,ENSG00000160396,HIPK4,Unknown
7313,ENSG00000121903,ZSCAN20,Unknown
7314,ENSG00000256977,LIMS3,Non-driver
7315,ENSG00000131370,SH3BP5,Unknown
7316,ENSG00000089006,SNX5,Unknown
7317,ENSG00000183873,SCN5A,Unknown
7318,ENSG00000184226,PCDH9,Unknown
7319,ENSG00000152779,SLC16A12,Unknown
7320,ENSG00000285069,SESN2,Non-driver
7321,ENSG00000010244,ZNF207,Unknown
7322,ENSG00000154328,NEIL2,Unknown
7323,ENSG00000143499,SMYD2,Unknown
7324,ENSG00000167653,PSCA,Driver
7325,ENSG00000169905,TOR1AIP2,Unknown
7326,ENSG00000162739,SLAMF6,Unknown
7327,ENSG00000122756,CNTFR,Unknown
7328,ENSG00000114978,MOB1A,Non-driver
7329,ENSG00000140521,POLG,Driver
7330,ENSG00000256525,POLG2,Unknown
7331,ENSG00000182919,C11orf54,Unknown
7332,ENSG00000241685,ARPC1A,Unknown
7333,ENSG00000084733,RAB10,Unknown
7334,ENSG00000178695,KCTD12,Unknown
7335,ENSG00000149922,TBX6,Unknown
7336,ENSG00000074855,ANO8,Non-driver
7337,ENSG00000126062,TMEM115,Unknown
7338,ENSG00000152804,HHEX,Unknown
7339,ENSG00000188986,NELFB,Non-driver
7340,ENSG00000155097,ATP6V1C1,Unknown
7341,ENSG00000102984,ZNF821,Non-driver
7342,ENSG00000160145,KALRN,Unknown
7343,ENSG00000112367,FIG4,Unknown
7344,ENSG00000157657,ZNF618,Unknown
7345,ENSG00000187783,TMEM72,Non-driver
7346,ENSG00000134321,RSAD2,Unknown
7347,ENSG00000129071,MBD4,Unknown
7348,ENSG00000169826,CSGALNACT2,Unknown
7349,ENSG00000134595,SOX3,Unknown
7350,ENSG00000159445,THEM4,Non-driver
7351,ENSG00000182885,ADGRG3,Non-driver
7352,ENSG00000183779,ZNF703,Unknown
7353,ENSG00000173611,SCAI,Non-driver
7354,ENSG00000144591,GMPPA,Unknown
7355,ENSG00000104517,UBR5,Driver
7356,ENSG00000187147,RNF220,Unknown
7357,ENSG00000187189,TSPYL4,Non-driver
7358,ENSG00000163913,IFT122,Unknown
7359,ENSG00000082397,EPB41L3,Unknown
7360,ENSG00000099260,PALMD,Unknown
7361,ENSG00000173210,ABLIM3,Unknown
7362,ENSG00000197713,RPE,Unknown
7363,ENSG00000168566,SNRNP48,Non-driver
7364,ENSG00000146733,PSPH,Unknown
7365,ENSG00000011465,DCN,Unknown
7366,ENSG00000134874,DZIP1,Unknown
7367,ENSG00000139370,SLC15A4,Unknown
7368,ENSG00000110446,SLC15A3,Unknown
7369,ENSG00000166188,ZNF319,Non-driver
7370,ENSG00000187258,NPSR1,Unknown
7371,ENSG00000129810,SGO1,Non-driver
7372,ENSG00000277607,VSTM1,Unknown
7373,ENSG00000142599,RERE,Unknown
7374,ENSG00000150316,CWC15,Non-driver
7375,ENSG00000164879,CA3,Unknown
7376,ENSG00000279486,OR2AG1,Non-driver
7377,ENSG00000165507,DEPP1,Non-driver
7378,ENSG00000134504,KCTD1,Unknown
7379,ENSG00000169682,SPNS1,Unknown
7380,ENSG00000125779,PANK2,Unknown
7381,ENSG00000126088,UROD,Unknown
7382,ENSG00000152558,TMEM123,Unknown
7383,ENSG00000171365,CLCN5,Unknown
7384,ENSG00000068615,REEP1,Unknown
7385,ENSG00000089693,MLF2,Unknown
7386,ENSG00000009790,TRAF3IP3,Unknown
7387,ENSG00000095059,DHPS,Unknown
7388,ENSG00000132507,EIF5A,Unknown
7389,ENSG00000186130,ZBTB6,Non-driver
7390,ENSG00000131471,AOC3,Unknown
7391,ENSG00000100321,SYNGR1,Unknown
7392,ENSG00000160113,NR2F6,Unknown
7393,ENSG00000196233,LCOR,Unknown
7394,ENSG00000031823,RANBP3,Unknown
7395,ENSG00000136273,HUS1,Unknown
7396,ENSG00000174607,UGT8,Unknown
7397,ENSG00000284980,AGPAT5,Unknown
7398,ENSG00000127586,CHTF18,Unknown
7399,ENSG00000164330,EBF1,Driver
7400,ENSG00000115687,PASK,Unknown
7401,ENSG00000107130,NCS1,Non-driver
7402,ENSG00000121289,CEP89,Driver
7403,ENSG00000101265,RASSF2,Driver
7404,ENSG00000163806,SPDYA,Unknown
7405,ENSG00000198546,ZNF511,Non-driver
7406,ENSG00000016082,ISL1,Unknown
7407,ENSG00000010270,STARD3NL,Unknown
7408,ENSG00000088876,ZNF343,Non-driver
7409,ENSG00000132517,SLC52A1,Unknown
7410,ENSG00000138030,KHK,Unknown
7411,ENSG00000166619,BLCAP,Unknown
7412,ENSG00000149547,EI24,Unknown
7413,ENSG00000080802,CNOT4,Unknown
7414,ENSG00000162624,LHX8,Unknown
7415,ENSG00000110848,CD69,Unknown
7416,ENSG00000171206,TRIM8,Unknown
7417,ENSG00000120925,RNF170,Unknown
7418,ENSG00000165996,HACD1,Unknown
7419,ENSG00000102466,FGF14,Unknown
7420,ENSG00000137561,TTPA,Unknown
7421,ENSG00000170290,SLN,Unknown
7422,ENSG00000119574,ZBTB45,Non-driver
7423,ENSG00000025156,HSF2,Unknown
7424,ENSG00000163754,GYG1,Unknown
7425,ENSG00000131779,PEX11B,Unknown
7426,ENSG00000146857,STRA8,Unknown
7427,ENSG00000167470,MIDN,Unknown
7428,ENSG00000129226,CD68,Unknown
7429,ENSG00000167105,TMEM92,Non-driver
7430,ENSG00000099958,DERL3,Unknown
7431,ENSG00000242265,PEG10,Unknown
7432,ENSG00000085871,MGST2,Unknown
7433,ENSG00000204316,MRPL38,Unknown
7434,ENSG00000146872,TLK2,Unknown
7435,ENSG00000159263,SIM2,Unknown
7436,ENSG00000187987,ZSCAN23,Non-driver
7437,ENSG00000126749,EMG1,Unknown
7438,ENSG00000213699,SLC35F6,Non-driver
7439,ENSG00000184162,NR2C2AP,Unknown
7440,ENSG00000120333,MRPS14,Unknown
7441,ENSG00000101445,PPP1R16B,Unknown
7442,ENSG00000149596,JPH2,Unknown
7443,ENSG00000182973,CNOT10,Non-driver
7444,ENSG00000134817,APLNR,Unknown
7445,ENSG00000157216,SSBP3,Unknown
7446,ENSG00000111432,FZD10,Unknown
7447,ENSG00000227460,SYNGAP1,Unknown
7448,ENSG00000144711,IQSEC1,Unknown
7449,ENSG00000161243,FBXO27,Unknown
7450,ENSG00000137710,RDX,Unknown
7451,ENSG00000101977,MCF2,Unknown
7452,ENSG00000074054,CLASP1,Unknown
7453,ENSG00000010310,GIPR,Unknown
7454,ENSG00000172159,FRMD3,Unknown
7455,ENSG00000196811,CHRNG,Unknown
7456,ENSG00000158411,MITD1,Non-driver
7457,ENSG00000130724,CHMP2A,Unknown
7458,ENSG00000288505,NANOS3,Unknown
7459,ENSG00000111275,ALDH2,Driver
7460,ENSG00000165092,ALDH1A1,Unknown
7461,ENSG00000133997,MED6,Non-driver
7462,ENSG00000134363,FST,Unknown
7463,ENSG00000164347,GFM2,Non-driver
7464,ENSG00000143771,CNIH4,Unknown
7465,ENSG00000171368,TPPP,Unknown
7466,ENSG00000143184,XCL1,Unknown
7467,ENSG00000274726,ARHGEF10,Driver
7468,ENSG00000171234,UGT2B7,Unknown
7469,ENSG00000011677,GABRA3,Unknown
7470,ENSG00000113269,RNF130,Non-driver
7471,ENSG00000189334,S100A14,Unknown
7472,ENSG00000174327,SLC16A13,Non-driver
7473,ENSG00000061656,SPAG4,Unknown
7474,ENSG00000112378,PERP,Unknown
7475,ENSG00000180053,NKX2-6,Unknown
7476,ENSG00000100926,TM9SF1,Unknown
7477,ENSG00000127527,EPS15L1,Unknown
7478,ENSG00000110786,PTPN5,Unknown
7479,ENSG00000134873,CLDN10,Unknown
7480,ENSG00000164270,HTR4,Unknown
7481,ENSG00000198042,MAK16,Non-driver
7482,ENSG00000116213,WRAP73,Non-driver
7483,ENSG00000172461,FUT9,Unknown
7484,ENSG00000109738,GLRB,Unknown
7485,ENSG00000187954,CYHR1,Unknown
7486,ENSG00000158710,TAGLN2,Unknown
7487,ENSG00000196812,ZSCAN16,Non-driver
7488,ENSG00000173409,ARV1,Unknown
7489,ENSG00000151224,MAT1A,Unknown
7490,ENSG00000078269,SYNJ2,Unknown
7491,ENSG00000104154,SLC30A4,Unknown
7492,ENSG00000163873,GRIK3,Unknown
7493,ENSG00000233276,GPX1,Driver
7494,ENSG00000163792,TCF23,Unknown
7495,ENSG00000170899,GSTA4,Unknown
7496,ENSG00000183463,URAD,Unknown
7497,ENSG00000198807,PAX9,Unknown
7498,ENSG00000121931,LRIF1,Unknown
7499,ENSG00000152270,PDE3B,Unknown
7500,ENSG00000101040,ZMYND8,Unknown
7501,ENSG00000203933,CXorf66,Non-driver
7502,ENSG00000177556,ATOX1,Unknown
7503,ENSG00000086289,EPDR1,Non-driver
7504,ENSG00000165655,ZNF503,Unknown
7505,ENSG00000162571,TTLL10,Non-driver
7506,ENSG00000182463,TSHZ2,Unknown
7507,ENSG00000126264,HCST,Non-driver
7508,ENSG00000128309,MPST,Unknown
7509,ENSG00000167395,ZNF646,Non-driver
7510,ENSG00000088970,KIZ,Unknown
7511,ENSG00000167491,GATAD2A,Unknown
7512,ENSG00000116906,GNPAT,Unknown
7513,ENSG00000172613,RAD9A,Unknown
7514,ENSG00000033178,UBA6,Unknown
7515,ENSG00000104472,CHRAC1,Non-driver
7516,ENSG00000179051,RCC2,Non-driver
7517,ENSG00000136881,BAAT,Unknown
7518,ENSG00000163347,CLDN1,Unknown
7519,ENSG00000081870,HSPB11,Non-driver
7520,ENSG00000198963,RORB,Unknown
7521,ENSG00000147548,NSD3,Driver
7522,ENSG00000120686,UFM1,Unknown
7523,ENSG00000164687,FABP5,Unknown
7524,ENSG00000139445,FOXN4,Unknown
7525,ENSG00000011523,CEP68,Unknown
7526,ENSG00000135775,COG2,Unknown
7527,ENSG00000124209,RAB22A,Unknown
7528,ENSG00000113272,THG1L,Non-driver
7529,ENSG00000165704,HPRT1,Unknown
7530,ENSG00000197901,SLC22A6,Unknown
7531,ENSG00000251380,DCANP1,Non-driver
7532,ENSG00000042429,MED17,Unknown
7533,ENSG00000148297,MED22,Non-driver
7534,ENSG00000170689,HOXB9,Unknown
7535,ENSG00000100284,TOM1,Unknown
7536,ENSG00000039600,SOX30,Unknown
7537,ENSG00000111481,COPZ1,Unknown
7538,ENSG00000243989,ACY1,Unknown
7539,ENSG00000186815,TPCN1,Unknown
7540,ENSG00000162341,TPCN2,Unknown
7541,ENSG00000153896,ZNF599,Non-driver
7542,ENSG00000167528,ZNF641,Unknown
7543,ENSG00000134551,PRH2,Unknown
7544,ENSG00000258429,PDF,Non-driver
7545,ENSG00000170473,PYM1,Non-driver
7546,ENSG00000149798,CDC42EP2,Unknown
7547,ENSG00000165804,ZNF219,Unknown
7548,ENSG00000074416,MGLL,Unknown
7549,ENSG00000135926,TMBIM1,Unknown
7550,ENSG00000162885,B3GALNT2,Unknown
7551,ENSG00000165502,RPL36AL,Unknown
7552,ENSG00000066777,ARFGEF1,Unknown
7553,ENSG00000283868,ZBTB4,Unknown
7554,ENSG00000276600,RAB7B,Non-driver
7555,ENSG00000100360,IFT27,Unknown
7556,ENSG00000204815,TTC25,Unknown
7557,ENSG00000183625,CCR3,Unknown
7558,ENSG00000188730,VWC2,Unknown
7559,ENSG00000168792,ABHD15,Non-driver
7560,ENSG00000171049,FPR2,Unknown
7561,ENSG00000130382,MLLT1,Driver
7562,ENSG00000103966,EHD4,Unknown
7563,ENSG00000039987,BEST2,Unknown
7564,ENSG00000156675,RAB11FIP1,Unknown
7565,ENSG00000137393,RNF144B,Non-driver
7566,ENSG00000153339,TRAPPC8,Unknown
7567,ENSG00000135924,DNAJB2,Unknown
7568,ENSG00000103740,ACSBG1,Unknown
7569,ENSG00000175567,UCP2,Unknown
7570,ENSG00000188038,NRN1L,Non-driver
7571,ENSG00000141956,PRDM15,Unknown
7572,ENSG00000102468,HTR2A,Unknown
7573,ENSG00000110063,DCPS,Unknown
7574,ENSG00000132467,UTP3,Unknown
7575,ENSG00000114268,PFKFB4,Unknown
7576,ENSG00000118985,ELL2,Unknown
7577,ENSG00000147124,ZNF41,Unknown
7578,ENSG00000132837,DMGDH,Unknown
7579,ENSG00000244476,ERVFRD-1,Unknown
7580,ENSG00000124243,BCAS4,Unknown
7581,ENSG00000141971,MVB12A,Non-driver
7582,ENSG00000155629,PIK3AP1,Unknown
7583,ENSG00000143603,KCNN3,Unknown
7584,ENSG00000213397,HAUS7,Unknown
7585,ENSG00000065883,CDK13,Unknown
7586,ENSG00000109618,SEPSECS,Unknown
7587,ENSG00000163406,SLC15A2,Unknown
7588,ENSG00000153234,NR4A2,Unknown
7589,ENSG00000119121,TRPM6,Unknown
7590,ENSG00000115163,CENPA,Unknown
7591,ENSG00000152409,JMY,Unknown
7592,ENSG00000134072,CAMK1,Unknown
7593,ENSG00000109163,GNRHR,Driver
7594,ENSG00000197858,GPAA1,Unknown
7595,ENSG00000135437,RDH5,Unknown
7596,ENSG00000174970,OR10AG1,Unknown
7597,ENSG00000107317,PTGDS,Unknown
7598,ENSG00000121351,IAPP,Unknown
7599,ENSG00000197165,SULT1A2,Unknown
7600,ENSG00000116005,PCYOX1,Unknown
7601,ENSG00000198700,IPO9,Non-driver
7602,ENSG00000160282,FTCD,Unknown
7603,ENSG00000169621,APLF,Non-driver
7604,ENSG00000148344,PTGES,Unknown
7605,ENSG00000156298,TSPAN7,Unknown
7606,ENSG00000164182,NDUFAF2,Unknown
7607,ENSG00000169688,MT1B,Unknown
7608,ENSG00000163683,SMIM14,Non-driver
7609,ENSG00000154099,DNAAF1,Unknown
7610,ENSG00000171962,DRC3,Non-driver
7611,ENSG00000170927,PKHD1,Unknown
7612,ENSG00000109832,DDX25,Unknown
7613,ENSG00000184445,KNTC1,Unknown
7614,ENSG00000174442,ZWILCH,Unknown
7615,ENSG00000115363,EVA1A,Non-driver
7616,ENSG00000070182,SPTB,Unknown
7617,ENSG00000170178,HOXD12,Unknown
7618,ENSG00000176894,PXMP2,Unknown
7619,ENSG00000244045,TMEM199,Unknown
7620,ENSG00000143543,JTB,Unknown
7621,ENSG00000244122,UGT1A7,Unknown
7622,ENSG00000137040,RANBP6,Unknown
7623,ENSG00000171631,P2RY6,Unknown
7624,ENSG00000131386,GALNT15,Unknown
7625,ENSG00000137166,FOXP4,Unknown
7626,ENSG00000136535,TBR1,Unknown
7627,ENSG00000035499,DEPDC1B,Unknown
7628,ENSG00000132872,SYT4,Unknown
7629,ENSG00000165272,AQP3,Unknown
7630,ENSG00000170017,ALCAM,Unknown
7631,ENSG00000013725,CD6,Unknown
7632,ENSG00000072415,MPP5,Unknown
7633,ENSG00000122696,SLC25A51,Non-driver
7634,ENSG00000143167,GPA33,Unknown
7635,ENSG00000151612,ZNF827,Unknown
7636,ENSG00000276537,TTYH1,Unknown
7637,ENSG00000108639,SYNGR2,Unknown
7638,ENSG00000168077,SCARA3,Unknown
7639,ENSG00000180176,TH,Unknown
7640,ENSG00000104870,FCGRT,Unknown
7641,ENSG00000076864,RAP1GAP,Non-driver
7642,ENSG00000164902,PHAX,Non-driver
7643,ENSG00000127578,WFIKKN1,Unknown
7644,ENSG00000126458,RRAS,Unknown
7645,ENSG00000087495,PHACTR3,Unknown
7646,ENSG00000273514,FOXD4L6,Non-driver
7647,ENSG00000160563,MED27,Unknown
7648,ENSG00000101181,MTG2,Non-driver
7649,ENSG00000131914,LIN28A,Non-driver
7650,ENSG00000135269,TES,Unknown
7651,ENSG00000187003,ACTL7A,Unknown
7652,ENSG00000182631,RXFP3,Unknown
7653,ENSG00000164405,UQCRQ,Unknown
7654,ENSG00000167476,JSRP1,Unknown
7655,,HIST1H4L,Unknown
7656,,HIST1H4A,Unknown
7657,,HIST1H4J,Unknown
7658,,HIST4H4,Unknown
7659,,HIST1H4F,Unknown
7660,,HIST1H4C,Unknown
7661,,HIST2H4B,Non-driver
7662,,HIST1H4D,Unknown
7663,,HIST2H4A,Non-driver
7664,,HIST1H4B,Unknown
7665,,HIST1H4H,Unknown
7666,,HIST1H4I,Driver
7667,,HIST1H4K,Unknown
7668,,HIST1H4E,Unknown
7669,ENSG00000176410,DNAJC30,Unknown
7670,ENSG00000107290,SETX,Unknown
7671,ENSG00000062485,CS,Unknown
7672,ENSG00000132670,PTPRA,Unknown
7673,ENSG00000092020,PPP2R3C,Non-driver
7674,ENSG00000100427,MLC1,Unknown
7675,ENSG00000183527,PSMG1,Unknown
7676,ENSG00000128789,PSMG2,Unknown
7677,ENSG00000027075,PRKCH,Unknown
7678,ENSG00000154114,TBCEL,Non-driver
7679,ENSG00000179304,FAM156B,Non-driver
7680,ENSG00000268350,FAM156A,Non-driver
7681,ENSG00000105982,RNF32,Unknown
7682,ENSG00000076554,TPD52,Unknown
7683,ENSG00000140905,GCSH,Unknown
7684,ENSG00000186185,KIF18B,Unknown
7685,ENSG00000008952,SEC62,Unknown
7686,ENSG00000071575,TRIB2,Non-driver
7687,ENSG00000145020,AMT,Unknown
7688,ENSG00000112972,HMGCS1,Unknown
7689,ENSG00000105556,MIER2,Non-driver
7690,ENSG00000222028,PSMB11,Unknown
7691,ENSG00000091651,ORC6,Unknown
7692,ENSG00000162688,AGL,Unknown
7693,ENSG00000163281,GNPDA2,Unknown
7694,ENSG00000105122,RASAL3,Unknown
7695,ENSG00000171777,RASGRP4,Unknown
7696,ENSG00000042088,TDP1,Unknown
7697,ENSG00000172548,NIPAL4,Unknown
7698,ENSG00000104133,SPG11,Unknown
7699,ENSG00000170775,GPR37,Unknown
7700,ENSG00000105373,NOP53,Unknown
7701,ENSG00000120334,CENPL,Unknown
7702,ENSG00000206418,RAB12,Unknown
7703,ENSG00000131375,CAPN7,Unknown
7704,ENSG00000139351,SYCP3,Unknown
7705,ENSG00000165730,STOX1,Unknown
7706,ENSG00000085377,PREP,Unknown
7707,ENSG00000129351,ILF3,Unknown
7708,ENSG00000273993,PTPRK,Driver
7709,ENSG00000187045,TMPRSS6,Unknown
7710,ENSG00000130208,APOC1,Unknown
7711,ENSG00000179580,RNF151,Non-driver
7712,ENSG00000135541,AHI1,Unknown
7713,ENSG00000204920,ZNF155,Unknown
7714,ENSG00000177058,SLC38A9,Unknown
7715,ENSG00000103647,CORO2B,Unknown
7716,ENSG00000161860,SYCE2,Unknown
7717,ENSG00000101745,ANKRD12,Unknown
7718,ENSG00000118181,RPS25,Unknown
7719,ENSG00000136943,CTSV,Non-driver
7720,ENSG00000131015,ULBP2,Unknown
7721,ENSG00000178381,ZFAND2A,Unknown
7722,ENSG00000196569,LAMA2,Unknown
7723,ENSG00000276856,TUBGCP5,Unknown
7724,ENSG00000114735,HEMK1,Non-driver
7725,ENSG00000126467,TSKS,Non-driver
7726,ENSG00000171700,RGS19,Unknown
7727,ENSG00000170385,SLC30A1,Unknown
7728,ENSG00000156313,RPGR,Unknown
7729,ENSG00000099617,EFNA2,Unknown
7730,,HRASLS,Unknown
7731,ENSG00000125812,GZF1,Unknown
7732,ENSG00000106261,ZKSCAN1,Non-driver
7733,ENSG00000084092,NOA1,Unknown
7734,ENSG00000140365,COMMD4,Unknown
7735,ENSG00000167850,CD300C,Non-driver
7736,ENSG00000105186,ANKRD27,Non-driver
7737,ENSG00000172350,ABCG4,Unknown
7738,ENSG00000198398,TMEM207,Unknown
7739,ENSG00000105607,GCDH,Unknown
7740,ENSG00000181552,EDDM3B,Non-driver
7741,ENSG00000113083,LOX,Unknown
7742,ENSG00000102003,SYP,Unknown
7743,ENSG00000163430,FSTL1,Unknown
7744,ENSG00000100429,HDAC10,Non-driver
7745,ENSG00000136231,IGF2BP3,Unknown
7746,ENSG00000278759,TBCD,Unknown
7747,ENSG00000085365,SCAMP1,Unknown
7748,ENSG00000189129,PLAC9,Unknown
7749,ENSG00000165525,NEMF,Unknown
7750,ENSG00000131508,UBE2D2,Unknown
7751,ENSG00000004660,CAMKK1,Non-driver
7752,ENSG00000052850,ALX4,Unknown
7753,ENSG00000101413,RPRD1B,Unknown
7754,ENSG00000288185,IL27RA,Non-driver
7755,ENSG00000169550,MUC15,Non-driver
7756,ENSG00000188822,CNR2,Unknown
7757,ENSG00000133316,WDR74,Unknown
7758,ENSG00000152952,PLOD2,Unknown
7759,ENSG00000013016,EHD3,Unknown
7760,ENSG00000174059,CD34,Unknown
7761,ENSG00000125871,MGME1,Unknown
7762,ENSG00000119866,BCL11A,Driver
7763,ENSG00000120669,SOHLH2,Unknown
7764,ENSG00000189377,CXCL17,Unknown
7765,ENSG00000123219,CENPK,Non-driver
7766,ENSG00000109063,MYH3,Unknown
7767,ENSG00000143147,GPR161,Unknown
7768,ENSG00000225141,PRRT1,Unknown
7769,ENSG00000213927,CCL27,Unknown
7770,ENSG00000105171,POP4,Non-driver
7771,ENSG00000104356,POP1,Unknown
7772,ENSG00000100379,KCTD17,Unknown
7773,ENSG00000180785,OR51E1,Unknown
7774,ENSG00000124787,RPP40,Unknown
7775,ENSG00000138386,NAB1,Unknown
7776,ENSG00000085274,MYNN,Unknown
7777,ENSG00000281178,MLXIP,Unknown
7778,,TMEM206,Non-driver
7779,ENSG00000108405,P2RX1,Unknown
7780,ENSG00000145506,NKD2,Driver
7781,ENSG00000161594,KLHL10,Unknown
7782,ENSG00000181333,HEPHL1,Non-driver
7783,ENSG00000089486,CDIP1,Unknown
7784,ENSG00000176915,ANKLE2,Unknown
7785,ENSG00000167700,MFSD3,Non-driver
7786,ENSG00000240184,PCDHGC3,Unknown
7787,ENSG00000131236,CAP1,Unknown
7788,ENSG00000139055,ERP27,Non-driver
7789,ENSG00000100196,KDELR3,Non-driver
7790,ENSG00000102221,JADE3,Non-driver
7791,ENSG00000120053,GOT1,Unknown
7792,ENSG00000132740,IGHMBP2,Unknown
7793,ENSG00000146909,NOM1,Unknown
7794,ENSG00000186439,TRDN,Unknown
7795,ENSG00000239951,IGKV3-20,Non-driver
7796,ENSG00000108823,SGCA,Unknown
7797,ENSG00000047410,TPR,Driver
7798,ENSG00000140798,ABCC12,Unknown
7799,ENSG00000173575,CHD2,Driver
7800,ENSG00000149932,TMEM219,Non-driver
7801,ENSG00000100300,TSPO,Unknown
7802,ENSG00000112200,ZNF451,Unknown
7803,ENSG00000117280,RAB29,Non-driver
7804,ENSG00000064652,SNX24,Non-driver
7805,,HIST1H4G,Unknown
7806,ENSG00000163467,TSACC,Non-driver
7807,ENSG00000168497,CAVIN2,Unknown
7808,ENSG00000165678,GHITM,Non-driver
7809,ENSG00000174500,GCSAM,Non-driver
7810,ENSG00000100605,ITPK1,Unknown
7811,ENSG00000160972,PPP1R16A,Non-driver
7812,ENSG00000108559,NUP88,Unknown
7813,ENSG00000176658,MYO1D,Unknown
7814,ENSG00000183570,PCBP3,Unknown
7815,ENSG00000106772,PRUNE2,Unknown
7816,ENSG00000165219,GAPVD1,Unknown
7817,ENSG00000177728,TMEM94,Unknown
7818,ENSG00000106399,RPA3,Unknown
7819,ENSG00000114904,NEK4,Unknown
7820,ENSG00000166828,SCNN1G,Unknown
7821,ENSG00000276461,TCF20,Unknown
7822,ENSG00000152503,TRIM36,Unknown
7823,ENSG00000117411,B4GALT2,Unknown
7824,ENSG00000170122,FOXD4,Unknown
7825,ENSG00000197893,NRAP,Unknown
7826,ENSG00000284290,ANKS4B,Unknown
7827,ENSG00000214736,TOMM6,Unknown
7828,ENSG00000153015,CWC27,Unknown
7829,ENSG00000196937,FAM3C,Unknown
7830,ENSG00000068796,KIF2A,Unknown
7831,ENSG00000012660,ELOVL5,Unknown
7832,ENSG00000156234,CXCL13,Unknown
7833,ENSG00000076344,RGS11,Non-driver
7834,ENSG00000130940,CASZ1,Unknown
7835,ENSG00000254521,SIGLEC12,Unknown
7836,ENSG00000174792,ODAPH,Unknown
7837,ENSG00000122133,PAEP,Unknown
7838,ENSG00000154027,AK5,Unknown
7839,ENSG00000109814,UGDH,Unknown
7840,ENSG00000110693,SOX6,Unknown
7841,ENSG00000185960,SHOX,Unknown
7842,ENSG00000167302,TEPSIN,Non-driver
7843,ENSG00000132600,PRMT7,Unknown
7844,ENSG00000108219,TSPAN14,Non-driver
7845,ENSG00000233573,TRIM31,Unknown
7846,ENSG00000196684,HSH2D,Unknown
7847,ENSG00000185761,ADAMTSL5,Non-driver
7848,ENSG00000166147,FBN1,Unknown
7849,ENSG00000118508,RAB32,Unknown
7850,ENSG00000020129,NCDN,Unknown
7851,ENSG00000114491,UMPS,Unknown
7852,ENSG00000092439,TRPM7,Unknown
7853,ENSG00000163283,ALPP,Unknown
7854,ENSG00000186174,BCL9L,Driver
7855,ENSG00000160469,BRSK1,Unknown
7856,ENSG00000110243,APOA5,Unknown
7857,ENSG00000074276,CDHR2,Unknown
7858,ENSG00000177613,CSTF2T,Unknown
7859,ENSG00000185420,SMYD3,Unknown
7860,ENSG00000163518,FCRL4,Driver
7861,ENSG00000163734,CXCL3,Unknown
7862,ENSG00000116209,TMEM59,Unknown
7863,ENSG00000147684,NDUFB9,Unknown
7864,ENSG00000105388,CEACAM5,Unknown
7865,ENSG00000182566,CLEC4G,Unknown
7866,ENSG00000275618,BFAR,Non-driver
7867,ENSG00000197889,MEIG1,Unknown
7868,ENSG00000111269,CREBL2,Unknown
7869,ENSG00000259431,THTPA,Unknown
7870,ENSG00000178913,TAF7,Unknown
7871,ENSG00000171960,PPIH,Unknown
7872,ENSG00000170786,SDR16C5,Non-driver
7873,ENSG00000196187,TMEM63A,Non-driver
7874,ENSG00000167702,KIFC2,Unknown
7875,ENSG00000091140,DLD,Unknown
7876,ENSG00000131187,F12,Unknown
7877,ENSG00000167118,URM1,Unknown
7878,ENSG00000142544,CTU1,Unknown
7879,ENSG00000137440,FGFBP1,Unknown
7880,ENSG00000012171,SEMA3B,Non-driver
7881,ENSG00000138621,PPCDC,Unknown
7882,ENSG00000186007,LEMD1,Unknown
7883,ENSG00000170162,VGLL2,Unknown
7884,ENSG00000165030,NFIL3,Unknown
7885,ENSG00000104872,PIH1D1,Unknown
7886,ENSG00000161920,MED11,Unknown
7887,ENSG00000173166,RAPH1,Non-driver
7888,ENSG00000089063,TMEM230,Unknown
7889,ENSG00000135312,HTR1B,Unknown
7890,ENSG00000006747,SCIN,Unknown
7891,ENSG00000256269,HMBS,Unknown
7892,ENSG00000196693,ZNF33B,Unknown
7893,ENSG00000109101,FOXN1,Unknown
7894,ENSG00000119969,HELLS,Unknown
7895,ENSG00000102172,SMS,Unknown
7896,ENSG00000170631,ZNF16,Unknown
7897,ENSG00000197961,ZNF121,Unknown
7898,ENSG00000136870,ZNF189,Unknown
7899,ENSG00000158874,APOA2,Unknown
7900,ENSG00000115216,NRBP1,Non-driver
7901,ENSG00000183023,SLC8A1,Unknown
7902,ENSG00000130338,TULP4,Non-driver
7903,ENSG00000170370,EMX2,Unknown
7904,ENSG00000196914,ARHGEF12,Driver
7905,ENSG00000212122,TSSK1B,Non-driver
7906,ENSG00000157191,NECAP2,Unknown
7907,ENSG00000169189,NSMCE1,Unknown
7908,ENSG00000138600,SPPL2A,Unknown
7909,ENSG00000197385,ZNF860,Non-driver
7910,ENSG00000132541,RIDA,Non-driver
7911,ENSG00000230124,ACBD6,Unknown
7912,ENSG00000077152,UBE2T,Unknown
7913,ENSG00000187151,ANGPTL5,Unknown
7914,ENSG00000161681,SHANK1,Unknown
7915,ENSG00000110244,APOA4,Unknown
7916,ENSG00000175482,POLD4,Unknown
7917,ENSG00000155096,AZIN1,Unknown
7918,ENSG00000144366,GULP1,Unknown
7919,ENSG00000165476,REEP3,Unknown
7920,ENSG00000104859,CLASRP,Non-driver
7921,ENSG00000181610,MRPS23,Unknown
7922,ENSG00000198824,CHAMP1,Unknown
7923,ENSG00000106484,MEST,Unknown
7924,ENSG00000154813,DPH3,Unknown
7925,ENSG00000166340,TPP1,Unknown
7926,ENSG00000129566,TEP1,Unknown
7927,ENSG00000143748,NVL,Unknown
7928,ENSG00000113649,TCERG1,Unknown
7929,ENSG00000144852,NR1I2,Unknown
7930,ENSG00000110719,TCIRG1,Unknown
7931,ENSG00000170791,CHCHD7,Driver
7932,ENSG00000108797,CNTNAP1,Unknown
7933,,SEPT3,Unknown
7934,ENSG00000074527,NTN4,Unknown
7935,ENSG00000166922,SCG5,Unknown
7936,ENSG00000110435,PDHX,Unknown
7937,ENSG00000126218,F10,Unknown
7938,ENSG00000113456,RAD1,Unknown
7939,ENSG00000046604,DSG2,Unknown
7940,ENSG00000034677,RNF19A,Non-driver
7941,ENSG00000128563,PRKRIP1,Unknown
7942,ENSG00000213983,AP1G2,Unknown
7943,ENSG00000116981,NT5C1A,Unknown
7944,ENSG00000131778,CHD1L,Unknown
7945,ENSG00000171094,ALK,Driver
7946,ENSG00000106852,LHX6,Unknown
7947,ENSG00000099331,MYO9B,Unknown
7948,ENSG00000106665,CLIP2,Unknown
7949,ENSG00000155890,TRIM42,Non-driver
7950,ENSG00000123989,CHPF,Unknown
7951,ENSG00000178394,HTR1A,Unknown
7952,ENSG00000144712,CAND2,Unknown
7953,ENSG00000110108,TMEM109,Non-driver
7954,ENSG00000111554,MDM1,Unknown
7955,ENSG00000177084,POLE,Driver
7956,ENSG00000079112,CDH17,Driver
7957,ENSG00000163510,CWC22,Non-driver
7958,ENSG00000173597,SULT1B1,Unknown
7959,ENSG00000105610,KLF1,Unknown
7960,ENSG00000107807,TLX1,Driver
7961,ENSG00000283009,ZNF436,Unknown
7962,ENSG00000143995,MEIS1,Unknown
7963,ENSG00000146755,TRIM50,Unknown
7964,ENSG00000100417,PMM1,Unknown
7965,ENSG00000174950,CD164L2,Non-driver
7966,ENSG00000181444,ZNF467,Unknown
7967,ENSG00000132323,ILKAP,Non-driver
7968,ENSG00000175879,HOXD8,Unknown
7969,ENSG00000243003,LY6G6F,Non-driver
7970,ENSG00000123933,MXD4,Non-driver
7971,ENSG00000139675,HNRNPA1L2,Non-driver
7972,ENSG00000168447,SCNN1B,Unknown
7973,ENSG00000174799,CEP135,Unknown
7974,ENSG00000136758,YME1L1,Unknown
7975,ENSG00000168118,RAB4A,Unknown
7976,ENSG00000103994,ZNF106,Unknown
7977,ENSG00000163820,FYCO1,Unknown
7978,ENSG00000119688,ABCD4,Unknown
7979,ENSG00000174007,CEP19,Unknown
7980,ENSG00000051620,HEBP2,Non-driver
7981,ENSG00000175229,GAL3ST3,Unknown
7982,ENSG00000116198,CEP104,Unknown
7983,ENSG00000188171,ZNF626,Non-driver
7984,ENSG00000100380,ST13,Unknown
7985,ENSG00000172296,SPTLC3,Unknown
7986,ENSG00000007047,MARK4,Unknown
7987,ENSG00000260027,HOXB7,Unknown
7988,ENSG00000065485,PDIA5,Unknown
7989,ENSG00000198464,ZNF480,Unknown
7990,,VARS,Unknown
7991,ENSG00000172497,ACOT12,Unknown
7992,ENSG00000156269,NAA11,Non-driver
7993,ENSG00000152904,GGPS1,Unknown
7994,ENSG00000157429,ZNF19,Unknown
7995,ENSG00000100911,PSME2,Unknown
7996,ENSG00000008838,MED24,Unknown
7997,ENSG00000175221,MED16,Unknown
7998,ENSG00000106266,SNX8,Unknown
7999,ENSG00000171557,FGG,Unknown
8000,ENSG00000072163,LIMS2,Unknown
8001,ENSG00000137547,MRPL15,Unknown
8002,ENSG00000158571,PFKFB1,Unknown
8003,ENSG00000104863,LIN7B,Unknown
8004,ENSG00000118564,FBXL5,Unknown
8005,ENSG00000143340,FAM163A,Non-driver
8006,ENSG00000104218,CSPP1,Unknown
8007,ENSG00000087085,ACHE,Unknown
8008,ENSG00000206561,COLQ,Unknown
8009,ENSG00000167815,PRDX2,Unknown
8010,ENSG00000083097,DOP1A,Non-driver
8011,ENSG00000183161,FANCF,Driver
8012,ENSG00000166260,COX11,Unknown
8013,ENSG00000126432,PRDX5,Unknown
8014,ENSG00000123739,PLA2G12A,Unknown
8015,ENSG00000130717,UCK1,Unknown
8016,ENSG00000139496,NUP58,Unknown
8017,ENSG00000158417,EIF5B,Non-driver
8018,ENSG00000066933,MYO9A,Unknown
8019,ENSG00000095777,MYO3A,Unknown
8020,ENSG00000186867,QRFPR,Unknown
8021,ENSG00000047617,ANO2,Unknown
8022,ENSG00000008853,RHOBTB2,Unknown
8023,ENSG00000166263,STXBP4,Unknown
8024,ENSG00000105835,NAMPT,Unknown
8025,ENSG00000125648,SLC25A23,Non-driver
8026,ENSG00000154978,VOPP1,Unknown
8027,ENSG00000288485,ELP5,Unknown
8028,ENSG00000187736,NHEJ1,Unknown
8029,ENSG00000198353,HOXC4,Unknown
8030,ENSG00000161649,CD300LG,Unknown
8031,ENSG00000138061,CYP1B1,Driver
8032,ENSG00000166181,API5,Unknown
8033,ENSG00000133639,BTG1,Driver
8034,ENSG00000167685,ZNF444,Unknown
8035,ENSG00000124802,EEF1E1,Unknown
8036,ENSG00000011590,ZBTB32,Unknown
8037,ENSG00000137656,BUD13,Non-driver
8038,ENSG00000119541,VPS4B,Unknown
8039,ENSG00000158315,RHBDL2,Non-driver
8040,ENSG00000144810,COL8A1,Unknown
8041,ENSG00000168795,ZBTB5,Unknown
8042,ENSG00000074621,SLC24A1,Unknown
8043,ENSG00000134780,DAGLA,Unknown
8044,ENSG00000211584,SLC48A1,Non-driver
8045,ENSG00000011638,TMEM159,Unknown
8046,ENSG00000166928,MS4A14,Non-driver
8047,ENSG00000186272,ZNF17,Non-driver
8048,ENSG00000144771,LRTM1,Non-driver
8049,ENSG00000197705,KLHL14,Unknown
8050,ENSG00000174021,GNG5,Unknown
8051,ENSG00000135750,KCNK1,Unknown
8052,ENSG00000136731,UGGT1,Unknown
8053,ENSG00000073792,IGF2BP2,Driver
8054,ENSG00000106648,GALNTL5,Unknown
8055,ENSG00000187595,ZNF385C,Non-driver
8056,ENSG00000159592,GPBP1L1,Non-driver
8057,ENSG00000042753,AP2S1,Unknown
8058,ENSG00000163950,SLBP,Unknown
8059,ENSG00000042493,CAPG,Unknown
8060,ENSG00000145014,TMEM44,Non-driver
8061,,HIST1H2BN,Unknown
8062,ENSG00000007923,DNAJC11,Unknown
8063,ENSG00000110911,SLC11A2,Unknown
8064,ENSG00000176293,ZNF135,Unknown
8065,ENSG00000136933,RABEPK,Non-driver
8066,ENSG00000183580,FBXL7,Unknown
8067,ENSG00000172673,THEMIS,Unknown
8068,ENSG00000038210,PI4K2B,Unknown
8069,ENSG00000198408,OGA,Non-driver
8070,ENSG00000162639,HENMT1,Unknown
8071,ENSG00000113838,TBCCD1,Non-driver
8072,ENSG00000137261,KIAA0319,Unknown
8073,ENSG00000196968,FUT11,Unknown
8074,ENSG00000137204,SLC22A7,Unknown
8075,ENSG00000215251,FASTKD5,Unknown
8076,ENSG00000196935,SRGAP1,Unknown
8077,ENSG00000143149,ALDH9A1,Unknown
8078,ENSG00000140459,CYP11A1,Unknown
8079,ENSG00000083307,GRHL2,Unknown
8080,ENSG00000126787,DLGAP5,Unknown
8081,ENSG00000115271,GCA,Unknown
8082,ENSG00000197956,S100A6,Unknown
8083,ENSG00000105298,CACTIN,Non-driver
8084,ENSG00000278210,KRTAP5-1,Unknown
8085,ENSG00000136813,ECPAS,Non-driver
8086,ENSG00000104044,OCA2,Unknown
8087,,ADPRHL2,Unknown
8088,ENSG00000196576,PLXNB2,Unknown
8089,ENSG00000151465,CDC123,Unknown
8090,ENSG00000170915,PAQR8,Unknown
8091,ENSG00000000419,DPM1,Unknown
8092,ENSG00000228987,HLA-DRA,Unknown
8093,ENSG00000168621,GDNF,Unknown
8094,ENSG00000115504,EHBP1,Unknown
8095,ENSG00000113621,TXNDC15,Unknown
8096,ENSG00000108592,FTSJ3,Non-driver
8097,ENSG00000221859,KRTAP10-10,Non-driver
8098,ENSG00000151475,SLC25A31,Unknown
8099,ENSG00000149262,INTS4,Unknown
8100,ENSG00000081019,RSBN1,Unknown
8101,ENSG00000203859,HSD3B2,Unknown
8102,ENSG00000006059,KRT33A,Unknown
8103,,HRASLS2,Unknown
8104,ENSG00000177853,ZNF518A,Unknown
8105,ENSG00000186300,ZNF555,Non-driver
8106,ENSG00000163098,BIRC8,Non-driver
8107,ENSG00000139209,SLC38A4,Unknown
8108,ENSG00000106330,MOSPD3,Non-driver
8109,ENSG00000107959,PITRM1,Unknown
8110,ENSG00000139163,ETNK1,Driver
8111,ENSG00000175893,ZDHHC21,Unknown
8112,ENSG00000124370,MCEE,Unknown
8113,ENSG00000123338,NCKAP1L,Non-driver
8114,ENSG00000162676,GFI1,Unknown
8115,ENSG00000153179,RASSF3,Unknown
8116,ENSG00000121749,TBC1D15,Unknown
8117,ENSG00000116141,MARK1,Unknown
8118,ENSG00000265817,FSBP,Unknown
8119,ENSG00000143774,GUK1,Unknown
8120,ENSG00000174992,ZG16,Unknown
8121,ENSG00000104833,TUBB4A,Unknown
8122,ENSG00000165782,PIP4P1,Non-driver
8123,ENSG00000188026,RILPL1,Unknown
8124,ENSG00000185246,PRPF39,Unknown
8125,ENSG00000127481,UBR4,Unknown
8126,ENSG00000102967,DHODH,Unknown
8127,ENSG00000123179,EBPL,Unknown
8128,ENSG00000166317,SYNPO2L,Non-driver
8129,ENSG00000189433,GJB4,Unknown
8130,ENSG00000116783,TNNI3K,Unknown
8131,ENSG00000129991,TNNI3,Unknown
8132,ENSG00000143882,ATP6V1C2,Unknown
8133,ENSG00000117133,RPF1,Non-driver
8134,ENSG00000275416,KIR3DL2,Unknown
8135,ENSG00000186862,PDZD7,Unknown
8136,ENSG00000123329,ARHGAP9,Unknown
8137,ENSG00000122644,ARL4A,Non-driver
8138,ENSG00000177683,THAP5,Unknown
8139,ENSG00000114346,ECT2,Unknown
8140,ENSG00000159459,UBR1,Unknown
8141,ENSG00000180304,OAZ2,Unknown
8142,ENSG00000274145,RILP,Unknown
8143,ENSG00000168014,C2CD3,Unknown
8144,ENSG00000105655,ISYNA1,Unknown
8145,ENSG00000213347,MXD3,Unknown
8146,ENSG00000163219,ARHGAP25,Unknown
8147,ENSG00000152601,MBNL1,Unknown
8148,ENSG00000116237,ICMT,Unknown
8149,ENSG00000267855,NDUFA7,Unknown
8150,ENSG00000184661,CDCA2,Non-driver
8151,ENSG00000135241,PNPLA8,Unknown
8152,ENSG00000144230,GPR17,Unknown
8153,ENSG00000065911,MTHFD2,Non-driver
8154,ENSG00000170779,CDCA4,Unknown
8155,ENSG00000167037,SGSM1,Non-driver
8156,ENSG00000162413,KLHL21,Unknown
8157,ENSG00000186462,NAP1L2,Unknown
8158,ENSG00000101752,MIB1,Unknown
8159,ENSG00000103343,ZNF174,Unknown
8160,ENSG00000167244,IGF2,Unknown
8161,ENSG00000176788,BASP1,Unknown
8162,ENSG00000171163,ZNF692,Unknown
8163,ENSG00000163312,HELQ,Unknown
8164,ENSG00000255302,EID1,Unknown
8165,ENSG00000128654,MTX2,Unknown
8166,ENSG00000105707,HPN,Unknown
8167,ENSG00000151632,AKR1C2,Unknown
8168,ENSG00000163686,ABHD6,Non-driver
8169,ENSG00000168259,DNAJC7,Non-driver
8170,ENSG00000164309,CMYA5,Unknown
8171,ENSG00000251247,ZNF345,Non-driver
8172,ENSG00000078098,FAP,Unknown
8173,ENSG00000120937,NPPB,Unknown
8174,ENSG00000116898,MRPS15,Unknown
8175,ENSG00000171914,TLN2,Unknown
8176,ENSG00000102575,ACP5,Unknown
8177,ENSG00000131069,ACSS2,Unknown
8178,ENSG00000120329,SLC25A2,Unknown
8179,ENSG00000079308,TNS1,Unknown
8180,ENSG00000185504,FAAP100,Non-driver
8181,ENSG00000272835,SMDT1,Unknown
8182,ENSG00000096654,ZNF184,Unknown
8183,ENSG00000153560,UBP1,Unknown
8184,ENSG00000185088,RPS27L,Unknown
8185,ENSG00000121039,RDH10,Unknown
8186,ENSG00000138182,KIF20B,Non-driver
8187,ENSG00000021300,PLEKHB1,Unknown
8188,,NUPL2,Non-driver
8189,ENSG00000241973,PI4KA,Unknown
8190,ENSG00000046647,GEMIN8,Unknown
8191,ENSG00000100191,SLC5A4,Non-driver
8192,ENSG00000198961,PJA2,Non-driver
8193,ENSG00000138135,CH25H,Unknown
8194,ENSG00000205899,BHLHA9,Unknown
8195,ENSG00000171016,PYGO1,Unknown
8196,,CASC4,Non-driver
8197,ENSG00000124571,XPO5,Unknown
8198,ENSG00000197497,ZNF665,Non-driver
8199,ENSG00000129221,AIPL1,Unknown
8200,ENSG00000064999,ANKS1A,Non-driver
8201,ENSG00000197756,RPL37A,Unknown
8202,ENSG00000145592,RPL37,Unknown
8203,ENSG00000160883,HK3,Unknown
8204,ENSG00000112210,RAB23,Unknown
8205,ENSG00000107672,NSMCE4A,Unknown
8206,ENSG00000165061,ZMAT4,Non-driver
8207,ENSG00000100426,ZBED4,Unknown
8208,ENSG00000167194,C16orf92,Non-driver
8209,ENSG00000137996,RTCA,Non-driver
8210,ENSG00000167258,CDK12,Driver
8211,ENSG00000166569,CPLX4,Non-driver
8212,ENSG00000101577,LPIN2,Unknown
8213,ENSG00000102471,NDFIP2,Unknown
8214,ENSG00000167548,KMT2D,Driver
8215,ENSG00000104885,DOT1L,Unknown
8216,ENSG00000005108,THSD7A,Unknown
8217,ENSG00000113657,DPYSL3,Unknown
8218,ENSG00000198844,ARHGEF15,Non-driver
8219,ENSG00000007545,CRAMP1,Non-driver
8220,ENSG00000154917,RAB6B,Unknown
8221,ENSG00000099940,SNAP29,Unknown
8222,ENSG00000173011,TADA2B,Unknown
8223,ENSG00000102901,CENPT,Unknown
8224,ENSG00000203760,CENPW,Non-driver
8225,ENSG00000166866,MYO1A,Unknown
8226,ENSG00000134262,AP4B1,Unknown
8227,ENSG00000181045,SLC26A11,Unknown
8228,ENSG00000170561,IRX2,Unknown
8229,ENSG00000222011,FAM185A,Non-driver
8230,ENSG00000256771,ZNF253,Unknown
8231,ENSG00000164087,POC1A,Unknown
8232,ENSG00000137962,ARHGAP29,Unknown
8233,ENSG00000107447,DNTT,Unknown
8234,ENSG00000205339,IPO7,Unknown
8235,ENSG00000158104,HPD,Unknown
8236,ENSG00000113460,BRIX1,Non-driver
8237,ENSG00000079215,SLC1A3,Unknown
8238,ENSG00000166025,AMOTL1,Unknown
8239,ENSG00000100523,DDHD1,Unknown
8240,ENSG00000090581,GNPTG,Non-driver
8241,ENSG00000133302,SLF1,Non-driver
8242,ENSG00000161082,CELF5,Unknown
8243,ENSG00000155961,RAB39B,Unknown
8244,ENSG00000184984,CHRM5,Unknown
8245,ENSG00000122882,ECD,Unknown
8246,ENSG00000162614,NEXN,Unknown
8247,ENSG00000172403,SYNPO2,Non-driver
8248,ENSG00000198301,SDAD1,Non-driver
8249,ENSG00000189308,LIN54,Unknown
8250,ENSG00000110925,CSRNP2,Non-driver
8251,ENSG00000044446,PHKA2,Unknown
8252,ENSG00000154803,FLCN,Driver
8253,ENSG00000104055,TGM5,Unknown
8254,ENSG00000130150,MOSPD2,Non-driver
8255,ENSG00000138738,PRDM5,Unknown
8256,ENSG00000107897,ACBD5,Unknown
8257,ENSG00000198815,FOXJ3,Unknown
8258,ENSG00000168280,KIF5C,Unknown
8259,ENSG00000168309,FAM107A,Unknown
8260,ENSG00000197857,ZNF44,Unknown
8261,ENSG00000143185,XCL2,Unknown
8262,ENSG00000156345,CDK20,Unknown
8263,ENSG00000179796,LRRC3B,Non-driver
8264,ENSG00000058804,NDC1,Non-driver
8265,ENSG00000173258,ZNF483,Unknown
8266,ENSG00000177272,KCNA3,Unknown
8267,ENSG00000169903,TM4SF4,Unknown
8268,ENSG00000160055,TMEM234,Non-driver
8269,ENSG00000165675,ENOX2,Unknown
8270,ENSG00000120658,ENOX1,Unknown
8271,ENSG00000164283,ESM1,Unknown
8272,ENSG00000119707,RBM25,Unknown
8273,ENSG00000181544,FANCB,Unknown
8274,ENSG00000014138,POLA2,Non-driver
8275,ENSG00000088756,ARHGAP28,Unknown
8276,ENSG00000119231,SENP5,Unknown
8277,ENSG00000122643,NT5C3A,Unknown
8278,ENSG00000178386,ZNF223,Non-driver
8279,ENSG00000143158,MPC2,Non-driver
8280,ENSG00000156170,NDUFAF6,Unknown
8281,ENSG00000188818,ZDHHC11,Non-driver
8282,ENSG00000285262,MCPH1,Unknown
8283,ENSG00000041880,PARP3,Unknown
8284,ENSG00000127526,SLC35E1,Non-driver
8285,ENSG00000136383,ALPK3,Unknown
8286,ENSG00000176014,TUBB6,Unknown
8287,ENSG00000113615,SEC24A,Unknown
8288,ENSG00000064313,TAF2,Unknown
8289,ENSG00000120802,TMPO,Unknown
8290,ENSG00000101850,GPR143,Unknown
8291,ENSG00000185818,NAT8L,Unknown
8292,ENSG00000091164,TXNL1,Unknown
8293,ENSG00000142449,FBN3,Non-driver
8294,ENSG00000171316,CHD7,Unknown
8295,ENSG00000227804,PPP1R10,Unknown
8296,ENSG00000005513,SOX8,Unknown
8297,ENSG00000136859,ANGPTL2,Unknown
8298,ENSG00000085840,ORC1,Unknown
8299,ENSG00000127528,KLF2,Unknown
8300,ENSG00000083535,PIBF1,Unknown
8301,ENSG00000083168,KAT6A,Driver
8302,ENSG00000175155,YPEL2,Unknown
8303,ENSG00000011028,MRC2,Unknown
8304,ENSG00000204176,SYT15,Unknown
8305,ENSG00000188257,PLA2G2A,Unknown
8306,ENSG00000203877,RIPPLY2,Unknown
8307,ENSG00000172780,RAB43,Non-driver
8308,ENSG00000154451,GBP5,Unknown
8309,ENSG00000064419,TNPO3,Unknown
8310,ENSG00000168079,SCARA5,Unknown
8311,ENSG00000198015,MRPL42,Unknown
8312,ENSG00000158195,WASF2,Unknown
8313,ENSG00000100302,RASD2,Unknown
8314,ENSG00000153885,KCTD15,Unknown
8315,ENSG00000196406,SPANXD,Unknown
8316,ENSG00000118096,IFT46,Non-driver
8317,ENSG00000165646,SLC18A2,Unknown
8318,ENSG00000162992,NEUROD1,Unknown
8319,ENSG00000121621,KIF18A,Unknown
8320,ENSG00000196091,MYBPC1,Unknown
8321,ENSG00000109787,KLF3,Unknown
8322,ENSG00000176058,TPRN,Unknown
8323,ENSG00000129455,KLK8,Unknown
8324,ENSG00000196220,SRGAP3,Driver
8325,ENSG00000025796,SEC63,Unknown
8326,ENSG00000183837,PNMA3,Unknown
8327,ENSG00000169933,FRMPD4,Unknown
8328,ENSG00000140829,DHX38,Unknown
8329,ENSG00000140092,FBLN5,Unknown
8330,,CD3EAP,Unknown
8331,ENSG00000119431,HDHD3,Non-driver
8332,ENSG00000072310,SREBF1,Unknown
8333,,FAM173A,Non-driver
8334,ENSG00000124217,MOCS3,Non-driver
8335,ENSG00000149927,DOC2A,Unknown
8336,ENSG00000101162,TUBB1,Unknown
8337,ENSG00000123307,NEUROD4,Unknown
8338,ENSG00000153786,ZDHHC7,Unknown
8339,ENSG00000008086,CDKL5,Unknown
8340,ENSG00000172139,SLC9C1,Non-driver
8341,ENSG00000226650,KIF4B,Unknown
8342,ENSG00000177143,CETN1,Unknown
8343,ENSG00000108591,DRG2,Unknown
8344,ENSG00000185962,LCE3A,Unknown
8345,ENSG00000007908,SELE,Unknown
8346,ENSG00000138162,TACC2,Unknown
8347,ENSG00000120656,TAF12,Unknown
8348,ENSG00000285007,REC8,Non-driver
8349,ENSG00000128641,MYO1B,Unknown
8350,ENSG00000106689,LHX2,Unknown
8351,ENSG00000152822,GRM1,Unknown
8352,ENSG00000048828,FAM120A,Unknown
8353,ENSG00000087589,CASS4,Non-driver
8354,ENSG00000011260,UTP18,Unknown
8355,ENSG00000089876,DHX32,Unknown
8356,ENSG00000179111,HES7,Unknown
8357,ENSG00000177096,PHETA2,Non-driver
8358,ENSG00000182372,CLN8,Unknown
8359,ENSG00000160294,MCM3AP,Unknown
8360,ENSG00000138115,CYP2C8,Driver
8361,ENSG00000171169,NAIF1,Non-driver
8362,ENSG00000123104,ITPR2,Unknown
8363,ENSG00000133107,TRPC4,Unknown
8364,ENSG00000109775,UFSP2,Unknown
8365,ENSG00000082641,NFE2L1,Unknown
8366,ENSG00000165480,SKA3,Non-driver
8367,ENSG00000163701,IL17RE,Unknown
8368,ENSG00000149573,MPZL2,Unknown
8369,ENSG00000160588,MPZL3,Unknown
8370,ENSG00000214511,HIGD1C,Non-driver
8371,ENSG00000092051,JPH4,Non-driver
8372,ENSG00000197557,TTC30A,Non-driver
8373,ENSG00000141524,TMC6,Unknown
8374,ENSG00000064102,INTS13,Non-driver
8375,ENSG00000197296,FITM2,Non-driver
8376,ENSG00000049883,PTCD2,Unknown
8377,ENSG00000090889,KIF4A,Unknown
8378,ENSG00000272325,NUDT3,Non-driver
8379,ENSG00000092295,TGM1,Unknown
8380,ENSG00000106367,AP1S1,Unknown
8381,ENSG00000168255,POLR2J3,Non-driver
8382,ENSG00000175756,AURKAIP1,Unknown
8383,ENSG00000132972,RNF17,Unknown
8384,ENSG00000100056,ESS2,Unknown
8385,ENSG00000183019,MCEMP1,Unknown
8386,ENSG00000157131,C8A,Unknown
8387,ENSG00000140650,PMM2,Unknown
8388,ENSG00000146414,SHPRH,Unknown
8389,ENSG00000100796,PPP4R3A,Unknown
8390,ENSG00000118160,SLC8A2,Unknown
8391,ENSG00000163935,SFMBT1,Unknown
8392,ENSG00000133874,RNF122,Non-driver
8393,ENSG00000068971,PPP2R5B,Unknown
8394,ENSG00000115919,KYNU,Unknown
8395,ENSG00000129235,TXNDC17,Unknown
8396,ENSG00000188738,FSIP2,Unknown
8397,ENSG00000131730,CKMT2,Unknown
8398,ENSG00000112164,GLP1R,Unknown
8399,ENSG00000168959,GRM5,Unknown
8400,ENSG00000177599,ZNF491,Non-driver
8401,ENSG00000185101,ANO9,Non-driver
8402,ENSG00000163412,EIF4E3,Unknown
8403,ENSG00000175220,ARHGAP1,Unknown
8404,ENSG00000101842,VSIG1,Unknown
8405,ENSG00000169021,UQCRFS1,Unknown
8406,ENSG00000105967,TFEC,Unknown
8407,ENSG00000156136,DCK,Unknown
8408,ENSG00000132518,GUCY2D,Unknown
8409,ENSG00000198185,ZNF334,Non-driver
8410,ENSG00000104938,CLEC4M,Unknown
8411,ENSG00000067992,PDK3,Unknown
8412,ENSG00000214274,ANG,Unknown
8413,ENSG00000175215,CTDSP2,Unknown
8414,ENSG00000172260,NEGR1,Unknown
8415,ENSG00000167881,SRP68,Unknown
8416,ENSG00000150361,KLHL1,Unknown
8417,ENSG00000198455,ZXDB,Unknown
8418,ENSG00000131941,RHPN2,Unknown
8419,ENSG00000131669,NINJ1,Unknown
8420,ENSG00000108641,B9D1,Unknown
8421,ENSG00000118194,TNNT2,Unknown
8422,ENSG00000155846,PPARGC1B,Unknown
8423,ENSG00000069764,PLA2G10,Unknown
8424,ENSG00000166582,CENPV,Unknown
8425,ENSG00000136449,MYCBPAP,Unknown
8426,ENSG00000125912,NCLN,Non-driver
8427,ENSG00000168955,TM4SF20,Unknown
8428,ENSG00000105711,SCN1B,Unknown
8429,ENSG00000122481,RWDD3,Unknown
8430,ENSG00000146263,MMS22L,Unknown
8431,ENSG00000166170,BAG5,Unknown
8432,ENSG00000119787,ATL2,Non-driver
8433,ENSG00000111305,GSG1,Non-driver
8434,ENSG00000100034,PPM1F,Non-driver
8435,ENSG00000181035,SLC25A42,Unknown
8436,ENSG00000273572,CDHR5,Unknown
8437,ENSG00000139679,LPAR6,Unknown
8438,ENSG00000167080,B4GALNT2,Non-driver
8439,ENSG00000173137,ADCK5,Non-driver
8440,ENSG00000186088,GSAP,Unknown
8441,ENSG00000241878,PISD,Unknown
8442,ENSG00000068079,IFI35,Unknown
8443,ENSG00000164749,HNF4G,Unknown
8444,ENSG00000143257,NR1I3,Unknown
8445,ENSG00000159335,PTMS,Unknown
8446,ENSG00000132423,COQ3,Non-driver
8447,ENSG00000163611,SPICE1,Unknown
8448,ENSG00000140519,RHCG,Unknown
8449,ENSG00000197977,ELOVL2,Unknown
8450,ENSG00000198040,ZNF84,Non-driver
8451,ENSG00000112303,VNN2,Unknown
8452,ENSG00000159261,CLDN14,Unknown
8453,ENSG00000137500,CCDC90B,Non-driver
8454,ENSG00000118507,AKAP7,Non-driver
8455,ENSG00000166963,MAP1A,Unknown
8456,ENSG00000187607,ZNF286A,Non-driver
8457,ENSG00000242550,SERPINB10,Unknown
8458,ENSG00000124641,MED20,Unknown
8459,ENSG00000156475,PPP2R2B,Unknown
8460,ENSG00000197915,HRNR,Unknown
8461,ENSG00000140451,PIF1,Unknown
8462,ENSG00000037241,RPL26L1,Non-driver
8463,ENSG00000101892,ATP1B4,Non-driver
8464,ENSG00000205922,ONECUT3,Unknown
8465,ENSG00000116039,ATP6V1B1,Non-driver
8466,ENSG00000137106,GRHPR,Unknown
8467,ENSG00000157303,SUSD3,Unknown
8468,ENSG00000111845,PAK1IP1,Unknown
8469,ENSG00000187735,TCEA1,Driver
8470,ENSG00000154645,CHODL,Unknown
8471,ENSG00000129353,SLC44A2,Unknown
8472,ENSG00000173714,WFIKKN2,Unknown
8473,ENSG00000134812,CBLIF,Non-driver
8474,ENSG00000178921,PFAS,Unknown
8475,ENSG00000163520,FBLN2,Driver
8476,ENSG00000164758,MED30,Unknown
8477,ENSG00000065970,FOXJ2,Non-driver
8478,ENSG00000166987,MBD6,Non-driver
8479,ENSG00000165521,EML5,Unknown
8480,ENSG00000135837,CEP350,Unknown
8481,ENSG00000185177,ZNF479,Driver
8482,ENSG00000144746,ARL6IP5,Unknown
8483,ENSG00000006607,FARP2,Unknown
8484,ENSG00000095209,TMEM38B,Unknown
8485,ENSG00000164600,NEUROD6,Unknown
8486,ENSG00000114650,SCAP,Unknown
8487,ENSG00000167780,SOAT2,Unknown
8488,ENSG00000169641,LUZP1,Unknown
8489,ENSG00000144559,TAMM41,Unknown
8490,ENSG00000115657,ABCB6,Unknown
8491,ENSG00000136770,DNAJC1,Unknown
8492,ENSG00000170242,USP47,Unknown
8493,ENSG00000136875,PRPF4,Unknown
8494,ENSG00000241468,ATP5MF,Non-driver
8495,ENSG00000176692,FOXC2,Unknown
8496,ENSG00000196407,THEM5,Unknown
8497,ENSG00000108826,MRPL27,Unknown
8498,ENSG00000197362,ZNF786,Non-driver
8499,ENSG00000125846,ZNF133,Unknown
8500,ENSG00000085185,BCORL1,Driver
8501,ENSG00000188833,ENTPD8,Unknown
8502,ENSG00000213015,ZNF580,Unknown
8503,ENSG00000184497,TMEM255B,Non-driver
8504,ENSG00000037757,MRI1,Unknown
8505,ENSG00000141485,SLC13A5,Unknown
8506,ENSG00000126461,SCAF1,Unknown
8507,ENSG00000154370,TRIM11,Unknown
8508,ENSG00000198246,SLC29A3,Unknown
8509,ENSG00000119471,HSDL2,Non-driver
8510,ENSG00000129158,SERGEF,Unknown
8511,ENSG00000150048,CLEC1A,Unknown
8512,ENSG00000198231,DDX42,Unknown
8513,ENSG00000082212,ME2,Unknown
8514,ENSG00000180767,CHST13,Unknown
8515,ENSG00000139718,SETD1B,Driver
8516,ENSG00000130414,NDUFA10,Unknown
8517,ENSG00000110048,OSBP,Unknown
8518,ENSG00000172954,LCLAT1,Unknown
8519,ENSG00000179361,ARID3B,Unknown
8520,ENSG00000114988,LMAN2L,Unknown
8521,ENSG00000185176,AQP12B,Non-driver
8522,ENSG00000103342,GSPT1,Unknown
8523,ENSG00000013374,NUB1,Unknown
8524,ENSG00000159433,STARD9,Unknown
8525,ENSG00000187513,GJA4,Unknown
8526,ENSG00000186480,INSIG1,Unknown
8527,ENSG00000185896,LAMP1,Unknown
8528,ENSG00000092108,SCFD1,Unknown
8529,ENSG00000242173,ARHGDIG,Non-driver
8530,ENSG00000155980,KIF5A,Unknown
8531,ENSG00000146802,TMEM168,Non-driver
8532,ENSG00000162852,CNST,Unknown
8533,ENSG00000282725,CORO7,Unknown
8534,ENSG00000131242,RAB11FIP4,Unknown
8535,ENSG00000108469,RECQL5,Unknown
8536,ENSG00000049769,PPP1R3F,Non-driver
8537,ENSG00000282752,CTDP1,Unknown
8538,ENSG00000187091,PLCD1,Unknown
8539,ENSG00000071794,HLTF,Non-driver
8540,ENSG00000100100,PIK3IP1,Unknown
8541,ENSG00000196365,LONP1,Unknown
8542,ENSG00000166926,MS4A6E,Unknown
8543,ENSG00000176402,GJC3,Unknown
8544,ENSG00000115844,DLX2,Unknown
8545,ENSG00000139515,PDX1,Unknown
8546,ENSG00000100330,MTMR3,Unknown
8547,ENSG00000119718,EIF2B2,Unknown
8548,ENSG00000115211,EIF2B4,Unknown
8549,ENSG00000183729,NPBWR1,Unknown
8550,ENSG00000154783,FGD5,Unknown
8551,ENSG00000120915,EPHX2,Unknown
8552,ENSG00000163909,HEYL,Unknown
8553,ENSG00000197457,STMN3,Unknown
8554,ENSG00000205944,DAZ2,Unknown
8555,ENSG00000103671,TRIP4,Unknown
8556,ENSG00000163291,PAQR3,Unknown
8557,ENSG00000135723,FHOD1,Unknown
8558,ENSG00000125375,DMAC2L,Non-driver
8559,ENSG00000174279,EVX2,Unknown
8560,ENSG00000277893,SRD5A2,Driver
8561,ENSG00000196743,GM2A,Unknown
8562,ENSG00000203857,HSD3B1,Unknown
8563,ENSG00000116199,FAM20B,Unknown
8564,ENSG00000104140,RHOV,Non-driver
8565,ENSG00000170903,MSANTD4,Non-driver
8566,ENSG00000119729,RHOQ,Unknown
8567,ENSG00000115486,GGCX,Unknown
8568,ENSG00000198597,ZNF536,Unknown
8569,,MARS,Unknown
8570,ENSG00000197712,FAM114A1,Non-driver
8571,ENSG00000167632,TRAPPC9,Unknown
8572,ENSG00000130772,MED18,Unknown
8573,ENSG00000133250,ZNF414,Non-driver
8574,ENSG00000158486,DNAH3,Unknown
8575,ENSG00000076770,MBNL3,Unknown
8576,ENSG00000183520,UTP11,Non-driver
8577,ENSG00000164329,TENT2,Unknown
8578,ENSG00000128567,PODXL,Unknown
8579,ENSG00000106927,AMBP,Unknown
8580,,C5orf30,Unknown
8581,ENSG00000171443,ZNF524,Non-driver
8582,ENSG00000049323,LTBP1,Unknown
8583,ENSG00000204531,POU5F1,Driver
8584,ENSG00000130598,TNNI2,Unknown
8585,ENSG00000116586,LAMTOR2,Unknown
8586,ENSG00000107862,GBF1,Unknown
8587,ENSG00000119673,ACOT2,Unknown
8588,ENSG00000161558,TMEM143,Non-driver
8589,ENSG00000143028,SYPL2,Non-driver
8590,ENSG00000118193,KIF14,Unknown
8591,ENSG00000123096,SSPN,Unknown
8592,ENSG00000123171,CCDC70,Non-driver
8593,ENSG00000141759,TXNL4A,Unknown
8594,ENSG00000129484,PARP2,Unknown
8595,ENSG00000231924,PSG1,Unknown
8596,ENSG00000183454,GRIN2A,Driver
8597,ENSG00000257949,TEN1,Unknown
8598,ENSG00000125378,BMP4,Unknown
8599,ENSG00000164647,STEAP1,Non-driver
8600,ENSG00000144736,SHQ1,Unknown
8601,ENSG00000079313,REXO1,Unknown
8602,ENSG00000168872,DDX19A,Non-driver
8603,ENSG00000138379,MSTN,Non-driver
8604,ENSG00000111707,SUDS3,Non-driver
8605,ENSG00000174371,EXO1,Unknown
8606,ENSG00000166479,TMX3,Unknown
8607,ENSG00000123388,HOXC11,Driver
8608,ENSG00000152332,UHMK1,Non-driver
8609,ENSG00000166337,TAF10,Unknown
8610,ENSG00000009307,CSDE1,Unknown
8611,ENSG00000010404,IDS,Unknown
8612,ENSG00000053371,AKR7A2,Unknown
8613,ENSG00000162482,AKR7A3,Unknown
8614,ENSG00000275066,SYNRG,Non-driver
8615,ENSG00000129170,CSRP3,Unknown
8616,ENSG00000136950,ARPC5L,Non-driver
8617,ENSG00000155868,MED7,Unknown
8618,ENSG00000128595,CALU,Unknown
8619,ENSG00000135824,RGS8,Non-driver
8620,ENSG00000005893,LAMP2,Unknown
8621,ENSG00000053900,ANAPC4,Unknown
8622,ENSG00000123191,ATP7B,Unknown
8623,ENSG00000128805,ARHGAP22,Unknown
8624,ENSG00000110881,ASIC1,Non-driver
8625,ENSG00000060971,ACAA1,Unknown
8626,ENSG00000130540,SULT4A1,Unknown
8627,ENSG00000155066,PROM2,Unknown
8628,,ACPP,Driver
8629,ENSG00000157765,SLC34A2,Driver
8630,ENSG00000145321,GC,Unknown
8631,ENSG00000168481,LGI3,Unknown
8632,ENSG00000154252,GAL3ST2,Unknown
8633,ENSG00000118418,HMGN3,Unknown
8634,ENSG00000181790,ADGRB1,Unknown
8635,ENSG00000152990,ADGRA3,Unknown
8636,ENSG00000139352,ASCL1,Unknown
8637,ENSG00000116685,KIAA2013,Non-driver
8638,ENSG00000182393,IFNL1,Unknown
8639,ENSG00000156049,GNA14,Unknown
8640,ENSG00000129422,MTUS1,Non-driver
8641,ENSG00000138675,FGF5,Unknown
8642,ENSG00000159387,IRX6,Unknown
8643,ENSG00000174564,IL20RB,Non-driver
8644,ENSG00000168924,LETM1,Unknown
8645,ENSG00000177182,CLVS1,Unknown
8646,ENSG00000138119,MYOF,Unknown
8647,ENSG00000018189,RUFY3,Unknown
8648,ENSG00000113812,ACTR8,Non-driver
8649,ENSG00000174151,CYB561D1,Non-driver
8650,ENSG00000160087,UBE2J2,Non-driver
8651,ENSG00000005469,CROT,Unknown
8652,ENSG00000168575,SLC20A2,Unknown
8653,ENSG00000120662,MTRF1,Unknown
8654,ENSG00000149418,ST14,Unknown
8655,ENSG00000166762,CATSPER2,Unknown
8656,ENSG00000186496,ZNF396,Unknown
8657,ENSG00000006740,ARHGAP44,Unknown
8658,ENSG00000163288,GABRB1,Unknown
8659,ENSG00000164051,CCDC51,Non-driver
8660,ENSG00000166405,RIC3,Unknown
8661,ENSG00000169604,ANTXR1,Unknown
8662,ENSG00000143420,ENSA,Unknown
8663,ENSG00000059122,FLYWCH1,Unknown
8664,ENSG00000197372,ZNF675,Non-driver
8665,ENSG00000166526,ZNF3,Unknown
8666,ENSG00000187650,VMAC,Unknown
8667,ENSG00000140264,SERF2,Unknown
8668,ENSG00000067798,NAV3,Unknown
8669,ENSG00000204822,MRPL53,Unknown
8670,ENSG00000065923,SLC9A7,Unknown
8671,ENSG00000205857,NANOGNB,Non-driver
8672,ENSG00000124140,SLC12A5,Unknown
8673,ENSG00000197780,TAF13,Unknown
8674,ENSG00000160994,CCDC105,Non-driver
8675,ENSG00000188120,DAZ1,Non-driver
8676,ENSG00000068354,TBC1D25,Unknown
8677,ENSG00000145241,CENPC,Non-driver
8678,ENSG00000182263,FIGN,Unknown
8679,ENSG00000165349,SLC7A3,Unknown
8680,ENSG00000165887,ANKRD2,Unknown
8681,ENSG00000167550,RHEBL1,Non-driver
8682,ENSG00000167874,TMEM88,Unknown
8683,ENSG00000242366,UGT1A8,Unknown
8684,ENSG00000196860,TOMM20L,Non-driver
8685,ENSG00000124177,CHD6,Unknown
8686,ENSG00000062822,POLD1,Driver
8687,ENSG00000216490,IFI30,Unknown
8688,ENSG00000128886,ELL3,Unknown
8689,ENSG00000112183,RBM24,Unknown
8690,ENSG00000147813,NAPRT,Non-driver
8691,ENSG00000162972,MAIP1,Unknown
8692,ENSG00000146021,KLHL3,Unknown
8693,ENSG00000140199,SLC12A6,Unknown
8694,ENSG00000143479,DYRK3,Unknown
8695,ENSG00000089048,ESF1,Non-driver
8696,ENSG00000168275,COA6,Unknown
8697,ENSG00000180357,ZNF609,Unknown
8698,ENSG00000285243,SLC39A4,Unknown
8699,ENSG00000169764,UGP2,Unknown
8700,ENSG00000007541,PIGQ,Unknown
8701,ENSG00000108702,CCL1,Unknown
8702,ENSG00000187730,GABRD,Unknown
8703,ENSG00000171320,ESCO2,Unknown
8704,ENSG00000117148,ACTL8,Non-driver
8705,ENSG00000223852,ZFP57,Unknown
8706,ENSG00000241635,UGT1A1,Unknown
8707,ENSG00000171298,GAA,Unknown
8708,ENSG00000164576,SAP30L,Unknown
8709,ENSG00000186352,ANKRD37,Non-driver
8710,ENSG00000164530,PI16,Non-driver
8711,ENSG00000274972,FRG2,Unknown
8712,ENSG00000127863,TNFRSF19,Non-driver
8713,ENSG00000066583,ISOC1,Non-driver
8714,ENSG00000133872,SARAF,Non-driver
8715,ENSG00000277800,TBX22,Unknown
8716,ENSG00000110328,GALNT18,Unknown
8717,ENSG00000147202,DIAPH2,Unknown
8718,ENSG00000111962,UST,Unknown
8719,ENSG00000180509,KCNE1,Unknown
8720,ENSG00000073756,PTGS2,Driver
8721,ENSG00000171067,C11orf24,Unknown
8722,ENSG00000182253,SYNM,Unknown
8723,ENSG00000131503,ANKHD1,Unknown
8724,ENSG00000116761,CTH,Unknown
8725,ENSG00000099282,TSPAN15,Unknown
8726,ENSG00000174939,ASPHD1,Non-driver
8727,ENSG00000118939,UCHL3,Unknown
8728,ENSG00000043039,BARX2,Unknown
8729,ENSG00000196502,SULT1A1,Unknown
8730,ENSG00000147576,ADHFE1,Unknown
8731,ENSG00000067248,DHX29,Unknown
8732,ENSG00000283018,MRPS12,Unknown
8733,ENSG00000151292,CSNK1G3,Unknown
8734,ENSG00000118640,VAMP8,Unknown
8735,ENSG00000169919,GUSB,Unknown
8736,ENSG00000197223,C1D,Unknown
8737,ENSG00000104435,STMN2,Unknown
8738,ENSG00000106477,CEP41,Unknown
8739,ENSG00000182389,CACNB4,Unknown
8740,ENSG00000139793,MBNL2,Non-driver
8741,ENSG00000285250,MSRA,Unknown
8742,ENSG00000059573,ALDH18A1,Unknown
8743,ENSG00000004799,PDK4,Unknown
8744,ENSG00000134594,RAB33A,Unknown
8745,ENSG00000196814,MVB12B,Non-driver
8746,ENSG00000124496,TRERF1,Unknown
8747,ENSG00000285493,NRL,Unknown
8748,ENSG00000155761,SPAG17,Unknown
8749,ENSG00000141458,NPC1,Unknown
8750,ENSG00000113161,HMGCR,Unknown
8751,ENSG00000156006,NAT2,Unknown
8752,ENSG00000067334,DNTTIP2,Unknown
8753,ENSG00000004534,RBM6,Unknown
8754,ENSG00000119421,NDUFA8,Unknown
8755,ENSG00000180481,GLIPR1L2,Unknown
8756,ENSG00000197776,KLHDC1,Unknown
8757,ENSG00000011143,MKS1,Unknown
8758,ENSG00000152669,CCNO,Unknown
8759,ENSG00000187531,SIRT7,Unknown
8760,ENSG00000125522,NPBWR2,Non-driver
8761,ENSG00000107819,SFXN3,Unknown
8762,ENSG00000106631,MYL7,Unknown
8763,ENSG00000027847,B4GALT7,Unknown
8764,ENSG00000121318,TAS2R10,Non-driver
8765,ENSG00000112984,KIF20A,Unknown
8766,ENSG00000204406,MBD5,Unknown
8767,ENSG00000110723,EXPH5,Unknown
8768,ENSG00000169228,RAB24,Unknown
8769,ENSG00000254999,BRK1,Unknown
8770,ENSG00000140577,CRTC3,Driver
8771,ENSG00000152413,HOMER1,Unknown
8772,ENSG00000184697,CLDN6,Unknown
8773,ENSG00000165905,LARGE2,Non-driver
8774,ENSG00000174684,B4GAT1,Unknown
8775,ENSG00000198846,TOX,Unknown
8776,ENSG00000101439,CST3,Unknown
8777,ENSG00000198208,RPS6KL1,Non-driver
8778,ENSG00000151893,CACUL1,Non-driver
8779,ENSG00000118729,CASQ2,Unknown
8780,ENSG00000188321,ZNF559,Non-driver
8781,ENSG00000141424,SLC39A6,Non-driver
8782,ENSG00000089335,ZNF302,Non-driver
8783,ENSG00000087253,LPCAT2,Non-driver
8784,ENSG00000109466,KLHL2,Unknown
8785,ENSG00000161640,SIGLEC11,Unknown
8786,ENSG00000144820,ADGRG7,Unknown
8787,ENSG00000128849,CGNL1,Unknown
8788,ENSG00000198794,SCAMP5,Unknown
8789,ENSG00000165071,TMEM71,Non-driver
8790,ENSG00000172046,USP19,Unknown
8791,ENSG00000100075,SLC25A1,Unknown
8792,ENSG00000002746,HECW1,Unknown
8793,ENSG00000007933,FMO3,Unknown
8794,ENSG00000138136,LBX1,Unknown
8795,ENSG00000176925,OR51F2,Non-driver
8796,ENSG00000140943,MBTPS1,Unknown
8797,ENSG00000198892,SHISA4,Unknown
8798,ENSG00000124523,SIRT5,Unknown
8799,ENSG00000171848,RRM2,Unknown
8800,ENSG00000213937,CLDN9,Unknown
8801,,SEPT8,Unknown
8802,ENSG00000257473,HLA-DQA2,Unknown
8803,ENSG00000158055,GRHL3,Unknown
8804,ENSG00000120705,ETF1,Unknown
8805,ENSG00000130592,LSP1,Unknown
8806,ENSG00000144792,ZNF660,Non-driver
8807,ENSG00000280618,CYFIP1,Unknown
8808,ENSG00000143294,PRCC,Driver
8809,ENSG00000181195,PENK,Unknown
8810,ENSG00000178096,BOLA1,Unknown
8811,ENSG00000165775,FUNDC2,Non-driver
8812,ENSG00000182768,NGRN,Unknown
8813,ENSG00000213931,HBE1,Unknown
8814,ENSG00000116871,MAP7D1,Non-driver
8815,ENSG00000080823,MOK,Non-driver
8816,ENSG00000142065,ZFP14,Non-driver
8817,ENSG00000006715,VPS41,Unknown
8818,ENSG00000105514,RAB3D,Non-driver
8819,ENSG00000163202,LCE3D,Unknown
8820,ENSG00000177710,SLC35G5,Unknown
8821,ENSG00000173486,FKBP2,Unknown
8822,ENSG00000184292,TACSTD2,Unknown
8823,ENSG00000169946,ZFPM2,Unknown
8824,ENSG00000175938,ORAI3,Unknown
8825,ENSG00000095539,SEMA4G,Non-driver
8826,ENSG00000160190,SLC37A1,Unknown
8827,ENSG00000137819,PAQR5,Unknown
8828,ENSG00000003509,NDUFAF7,Unknown
8829,ENSG00000101292,PROKR2,Unknown
8830,ENSG00000196199,MPHOSPH8,Unknown
8831,ENSG00000273607,CHCHD10,Unknown
8832,ENSG00000115207,GTF3C2,Non-driver
8833,ENSG00000132466,ANKRD17,Unknown
8834,ENSG00000116132,PRRX1,Driver
8835,ENSG00000288435,GJA10,Unknown
8836,ENSG00000158555,GDPD5,Unknown
8837,ENSG00000178860,MSC,Unknown
8838,ENSG00000160408,ST6GALNAC6,Unknown
8839,,HIST1H2BL,Unknown
8840,ENSG00000108509,CAMTA2,Unknown
8841,ENSG00000067064,IDI1,Unknown
8842,ENSG00000164332,UBLCP1,Unknown
8843,ENSG00000153250,RBMS1,Unknown
8844,ENSG00000101335,MYL9,Unknown
8845,ENSG00000106404,CLDN15,Unknown
8846,ENSG00000204965,PCDHA5,Unknown
8847,ENSG00000077380,DYNC1I2,Unknown
8848,ENSG00000187097,ENTPD5,Unknown
8849,ENSG00000074370,ATP2A3,Unknown
8850,ENSG00000111711,GOLT1B,Unknown
8851,ENSG00000173467,AGR3,Unknown
8852,ENSG00000179213,SIGLECL1,Non-driver
8853,ENSG00000183317,EPHA10,Unknown
8854,ENSG00000166189,HPS6,Unknown
8855,ENSG00000213523,SRA1,Unknown
8856,ENSG00000112149,CD83,Unknown
8857,ENSG00000162444,RBP7,Non-driver
8858,ENSG00000100722,ZC3H14,Unknown
8859,ENSG00000132698,RAB25,Unknown
8860,ENSG00000163530,DPPA2,Unknown
8861,ENSG00000273274,ZBTB8B,Non-driver
8862,ENSG00000181404,WASHC1,Unknown
8863,ENSG00000143924,EML4,Driver
8864,ENSG00000167721,TSR1,Unknown
8865,ENSG00000129682,FGF13,Unknown
8866,ENSG00000088826,SMOX,Unknown
8867,ENSG00000185236,RAB11B,Unknown
8868,ENSG00000031691,CENPQ,Unknown
8869,ENSG00000077942,FBLN1,Unknown
8870,ENSG00000175264,CHST1,Unknown
8871,ENSG00000205143,ARID3C,Non-driver
8872,ENSG00000169994,MYO7B,Unknown
8873,ENSG00000135049,AGTPBP1,Unknown
8874,ENSG00000112186,CAP2,Unknown
8875,ENSG00000154096,THY1,Unknown
8876,ENSG00000130433,CACNG6,Unknown
8877,ENSG00000172716,SLFN11,Unknown
8878,ENSG00000288121,MDN1,Unknown
8879,ENSG00000198513,ATL1,Unknown
8880,ENSG00000184979,USP18,Unknown
8881,ENSG00000153132,CLGN,Unknown
8882,ENSG00000117090,SLAMF1,Unknown
8883,ENSG00000095321,CRAT,Unknown
8884,ENSG00000112651,MRPL2,Unknown
8885,ENSG00000165526,RPUSD4,Unknown
8886,ENSG00000196670,ZFP62,Unknown
8887,ENSG00000167645,YIF1B,Non-driver
8888,ENSG00000102780,DGKH,Unknown
8889,ENSG00000140543,DET1,Unknown
8890,ENSG00000083099,LYRM2,Non-driver
8891,ENSG00000090339,ICAM1,Unknown
8892,ENSG00000123810,B9D2,Unknown
8893,ENSG00000106268,NUDT1,Unknown
8894,ENSG00000285482,DGAT1,Unknown
8895,ENSG00000164086,DUSP7,Unknown
8896,ENSG00000128594,LRRC4,Unknown
8897,ENSG00000162631,NTNG1,Unknown
8898,ENSG00000130748,TMEM160,Non-driver
8899,ENSG00000213398,LCAT,Unknown
8900,ENSG00000138315,OIT3,Unknown
8901,ENSG00000242247,ARFGAP3,Unknown
8902,ENSG00000164326,CARTPT,Unknown
8903,ENSG00000176401,EID2B,Non-driver
8904,ENSG00000101052,IFT52,Unknown
8905,ENSG00000125780,TGM3,Unknown
8906,ENSG00000168434,COG7,Unknown
8907,ENSG00000071537,SEL1L,Unknown
8908,ENSG00000171617,ENC1,Unknown
8909,ENSG00000164849,GPR146,Non-driver
8910,ENSG00000171853,TRAPPC12,Unknown
8911,ENSG00000134294,SLC38A2,Unknown
8912,ENSG00000170745,KCNS3,Unknown
8913,ENSG00000166148,AVPR1A,Unknown
8914,ENSG00000183579,ZNRF3,Driver
8915,ENSG00000133687,TMTC1,Unknown
8916,ENSG00000198183,BPIFA1,Unknown
8917,ENSG00000182557,SPNS3,Unknown
8918,ENSG00000108370,RGS9,Unknown
8919,ENSG00000117500,TMED5,Unknown
8920,ENSG00000197429,IPP,Unknown
8921,ENSG00000135720,DYNC1LI2,Non-driver
8922,ENSG00000123836,PFKFB2,Unknown
8923,ENSG00000137177,KIF13A,Unknown
8924,ENSG00000224654,UBD,Unknown
8925,ENSG00000197037,ZSCAN25,Non-driver
8926,ENSG00000070366,SMG6,Unknown
8927,ENSG00000172725,CORO1B,Unknown
8928,ENSG00000135821,GLUL,Unknown
8929,ENSG00000144452,ABCA12,Unknown
8930,ENSG00000187824,TMEM220,Unknown
8931,ENSG00000118804,STBD1,Non-driver
8932,ENSG00000184110,EIF3C,Unknown
8933,ENSG00000189190,ZNF600,Non-driver
8934,ENSG00000119321,FKBP15,Unknown
8935,ENSG00000102178,UBL4A,Unknown
8936,ENSG00000019991,HGF,Driver
8937,ENSG00000102359,SRPX2,Unknown
8938,ENSG00000188064,WNT7B,Unknown
8939,ENSG00000164841,TMEM74,Unknown
8940,ENSG00000100478,AP4S1,Unknown
8941,ENSG00000103510,KAT8,Unknown
8942,ENSG00000010361,FUZ,Unknown
8943,ENSG00000111912,NCOA7,Unknown
8944,ENSG00000275544,BDH1,Unknown
8945,ENSG00000121716,PILRB,Unknown
8946,ENSG00000185344,ATP6V0A2,Unknown
8947,ENSG00000183542,KLRC4,Unknown
8948,ENSG00000101447,FAM83D,Non-driver
8949,ENSG00000171951,SCG2,Unknown
8950,ENSG00000064199,SPA17,Non-driver
8951,ENSG00000106823,ECM2,Unknown
8952,,IGHD,Unknown
8953,ENSG00000135378,PRRG4,Unknown
8954,ENSG00000140259,MFAP1,Unknown
8955,ENSG00000067113,PLPP1,Unknown
8956,ENSG00000100170,SLC5A1,Unknown
8957,ENSG00000125149,C16orf70,Non-driver
8958,ENSG00000103168,TAF1C,Unknown
8959,ENSG00000154222,CC2D1B,Non-driver
8960,ENSG00000135596,MICAL1,Unknown
8961,,H2AFV,Unknown
8962,ENSG00000162695,SLC30A7,Unknown
8963,ENSG00000213759,UGT2B11,Unknown
8964,ENSG00000172292,CERS6,Unknown
8965,ENSG00000111846,GCNT2,Unknown
8966,ENSG00000090013,BLVRB,Unknown
8967,ENSG00000118363,SPCS2,Non-driver
8968,ENSG00000113722,CDX1,Unknown
8969,ENSG00000084073,ZMPSTE24,Unknown
8970,ENSG00000165995,CACNB2,Unknown
8971,ENSG00000151067,CACNA1C,Unknown
8972,ENSG00000102409,BEX4,Unknown
8973,ENSG00000164303,ENPP6,Unknown
8974,ENSG00000008405,CRY1,Unknown
8975,ENSG00000138347,MYPN,Unknown
8976,ENSG00000064651,SLC12A2,Unknown
8977,ENSG00000056050,HPF1,Unknown
8978,ENSG00000011332,DPF1,Unknown
8979,ENSG00000110195,FOLR1,Unknown
8980,ENSG00000162174,ASRGL1,Non-driver
8981,ENSG00000197121,PGAP1,Unknown
8982,ENSG00000138231,DBR1,Unknown
8983,ENSG00000154438,ASZ1,Unknown
8984,ENSG00000111727,HCFC2,Unknown
8985,ENSG00000196139,AKR1C3,Unknown
8986,ENSG00000164897,TMUB1,Unknown
8987,ENSG00000143436,MRPL9,Unknown
8988,ENSG00000107951,MTPAP,Unknown
8989,ENSG00000162923,WDR26,Unknown
8990,ENSG00000167600,CYP2S1,Unknown
8991,ENSG00000138207,RBP4,Unknown
8992,ENSG00000153815,CMIP,Unknown
8993,ENSG00000040275,SPDL1,Unknown
8994,,FAM129A,Non-driver
8995,ENSG00000151500,THYN1,Unknown
8996,ENSG00000086619,ERO1B,Non-driver
8997,ENSG00000198838,RYR3,Unknown
8998,ENSG00000086300,SNX10,Unknown
8999,ENSG00000121797,CCRL2,Unknown
9000,ENSG00000285426,RNF187,Non-driver
9001,ENSG00000168491,CCDC110,Non-driver
9002,ENSG00000166411,IDH3A,Unknown
9003,ENSG00000108602,ALDH3A1,Unknown
9004,ENSG00000197971,MBP,Unknown
9005,ENSG00000141741,MIEN1,Unknown
9006,ENSG00000213020,ZNF611,Non-driver
9007,ENSG00000186472,PCLO,Unknown
9008,ENSG00000140612,SEC11A,Unknown
9009,ENSG00000155659,VSIG4,Non-driver
9010,ENSG00000102962,CCL22,Unknown
9011,ENSG00000102805,CLN5,Unknown
9012,ENSG00000198734,F5,Unknown
9013,ENSG00000136100,VPS36,Unknown
9014,ENSG00000135334,AKIRIN2,Unknown
9015,ENSG00000085514,PILRA,Unknown
9016,ENSG00000179163,FUCA1,Unknown
9017,ENSG00000145832,SLC25A48,Unknown
9018,ENSG00000143578,CREB3L4,Unknown
9019,ENSG00000141026,MED9,Unknown
9020,ENSG00000119596,YLPM1,Non-driver
9021,ENSG00000078177,N4BP2,Driver
9022,ENSG00000181458,TMEM45A,Unknown
9023,ENSG00000105953,OGDH,Unknown
9024,ENSG00000142669,SH3BGRL3,Unknown
9025,ENSG00000090470,PDCD7,Unknown
9026,ENSG00000125869,LAMP5,Unknown
9027,ENSG00000112039,FANCE,Driver
9028,ENSG00000251192,ZNF674,Unknown
9029,ENSG00000110717,NDUFS8,Unknown
9030,ENSG00000120253,NUP43,Unknown
9031,ENSG00000104626,ERI1,Non-driver
9032,ENSG00000177548,RABEP2,Unknown
9033,ENSG00000152464,RPP38,Unknown
9034,ENSG00000089163,SIRT4,Unknown
9035,ENSG00000077044,DGKD,Unknown
9036,ENSG00000174871,CNIH2,Unknown
9037,ENSG00000203880,PCMTD2,Non-driver
9038,ENSG00000165879,FRAT1,Unknown
9039,ENSG00000188283,ZNF383,Non-driver
9040,ENSG00000135373,EHF,Unknown
9041,ENSG00000104835,SARS2,Unknown
9042,ENSG00000157911,PEX10,Unknown
9043,ENSG00000105464,GRIN2D,Unknown
9044,ENSG00000255072,PIGY,Unknown
9045,ENSG00000164023,SGMS2,Unknown
9046,ENSG00000249158,PCDHA11,Unknown
9047,ENSG00000116748,AMPD1,Unknown
9048,ENSG00000133805,AMPD3,Unknown
9049,ENSG00000240344,PPIL3,Unknown
9050,ENSG00000124839,RAB17,Unknown
9051,,KIAA1324,Unknown
9052,ENSG00000197763,TXNRD3,Unknown
9053,ENSG00000157103,SLC6A1,Unknown
9054,ENSG00000156467,UQCRB,Unknown
9055,ENSG00000148123,PLPPR1,Non-driver
9056,ENSG00000257017,HP,Unknown
9057,ENSG00000072571,HMMR,Unknown
9058,ENSG00000275499,ZNF280A,Non-driver
9059,ENSG00000132481,TRIM47,Unknown
9060,ENSG00000105664,COMP,Unknown
9061,ENSG00000151388,ADAMTS12,Unknown
9062,ENSG00000263247,PRR4,Non-driver
9063,ENSG00000196535,MYO18A,Unknown
9064,ENSG00000103375,AQP8,Unknown
9065,ENSG00000183914,DNAH2,Unknown
9066,ENSG00000267534,S1PR2,Unknown
9067,ENSG00000164120,HPGD,Unknown
9068,ENSG00000011258,MBTD1,Non-driver
9069,ENSG00000130827,PLXNA3,Unknown
9070,ENSG00000189079,ARID2,Driver
9071,ENSG00000274429,DLG5,Unknown
9072,ENSG00000109689,STIM2,Unknown
9073,ENSG00000100350,FOXRED2,Unknown
9074,ENSG00000103199,ZNF500,Non-driver
9075,ENSG00000074410,CA12,Unknown
9076,,YARS,Unknown
9077,ENSG00000175003,SLC22A1,Unknown
9078,ENSG00000163586,FABP1,Unknown
9079,ENSG00000278195,SSTR3,Unknown
9080,ENSG00000111666,CHPT1,Unknown
9081,ENSG00000062650,WAPL,Unknown
9082,ENSG00000114670,NEK11,Unknown
9083,ENSG00000125482,TTF1,Unknown
9084,ENSG00000176422,SPRYD4,Non-driver
9085,ENSG00000117594,HSD11B1,Unknown
9086,ENSG00000214367,HAUS3,Unknown
9087,ENSG00000111335,OAS2,Unknown
9088,ENSG00000197472,ZNF695,Unknown
9089,ENSG00000102893,PHKB,Unknown
9090,ENSG00000149499,EML3,Unknown
9091,ENSG00000134013,LOXL2,Unknown
9092,ENSG00000175130,MARCKSL1,Unknown
9093,ENSG00000188295,ZNF669,Non-driver
9094,ENSG00000054219,LY75,Non-driver
9095,ENSG00000135899,SP110,Unknown
9096,ENSG00000076043,REXO2,Unknown
9097,ENSG00000170166,HOXD4,Unknown
9098,ENSG00000084070,SMAP2,Unknown
9099,ENSG00000129911,KLF16,Unknown
9100,ENSG00000157827,FMNL2,Unknown
9101,ENSG00000130055,GDPD2,Unknown
9102,ENSG00000131368,MRPS25,Unknown
9103,ENSG00000173786,CNP,Unknown
9104,ENSG00000179958,DCTPP1,Unknown
9105,ENSG00000172426,RSPH9,Unknown
9106,ENSG00000085491,SLC25A24,Unknown
9107,ENSG00000115526,CHST10,Unknown
9108,ENSG00000197863,ZNF790,Non-driver
9109,ENSG00000136842,TMOD1,Non-driver
9110,ENSG00000174373,RALGAPA1,Unknown
9111,ENSG00000108001,EBF3,Unknown
9112,ENSG00000119927,GPAM,Unknown
9113,ENSG00000188215,DCUN1D3,Unknown
9114,ENSG00000163666,HESX1,Unknown
9115,ENSG00000137574,TGS1,Unknown
9116,ENSG00000115419,GLS,Unknown
9117,ENSG00000115461,IGFBP5,Unknown
9118,ENSG00000166863,TAC3,Unknown
9119,ENSG00000171603,CLSTN1,Unknown
9120,ENSG00000123364,HOXC13,Driver
9121,ENSG00000137845,ADAM10,Unknown
9122,ENSG00000170043,TRAPPC1,Unknown
9123,ENSG00000165322,ARHGAP12,Unknown
9124,ENSG00000132825,PPP1R3D,Unknown
9125,ENSG00000184117,NIPSNAP1,Unknown
9126,ENSG00000179934,CCR8,Unknown
9127,ENSG00000133055,MYBPH,Unknown
9128,ENSG00000073060,SCARB1,Unknown
9129,ENSG00000172322,CLEC12A,Unknown
9130,ENSG00000108506,INTS2,Unknown
9131,ENSG00000132326,PER2,Unknown
9132,ENSG00000152527,PLEKHH2,Unknown
9133,ENSG00000157796,WDR19,Unknown
9134,ENSG00000125841,NRSN2,Unknown
9135,ENSG00000150471,ADGRL3,Unknown
9136,ENSG00000204323,SMIM5,Non-driver
9137,ENSG00000170293,CMTM8,Unknown
9138,ENSG00000079689,SCGN,Non-driver
9139,ENSG00000068878,PSME4,Unknown
9140,ENSG00000137273,FOXF2,Unknown
9141,ENSG00000215790,SLC35E2A,Non-driver
9142,ENSG00000085063,CD59,Unknown
9143,ENSG00000160808,MYL3,Unknown
9144,ENSG00000131668,BARX1,Unknown
9145,ENSG00000128709,HOXD9,Unknown
9146,ENSG00000186642,PDE2A,Unknown
9147,ENSG00000135624,CCT7,Unknown
9148,ENSG00000138613,APH1B,Unknown
9149,ENSG00000051009,FAM160A2,Non-driver
9150,ENSG00000283068,IBTK,Unknown
9151,ENSG00000111817,DSE,Unknown
9152,ENSG00000170006,TMEM154,Non-driver
9153,ENSG00000091542,ALKBH5,Unknown
9154,ENSG00000035681,NSMAF,Unknown
9155,ENSG00000122824,NUDT10,Unknown
9156,ENSG00000172171,TEFM,Unknown
9157,ENSG00000130699,TAF4,Unknown
9158,ENSG00000135336,ORC3,Unknown
9159,ENSG00000128536,CDHR3,Unknown
9160,ENSG00000122783,CYREN,Unknown
9161,ENSG00000177380,PPFIA3,Unknown
9162,ENSG00000184014,DENND5A,Unknown
9163,ENSG00000108375,RNF43,Driver
9164,ENSG00000120324,PCDHB10,Non-driver
9165,ENSG00000158786,PLA2G2F,Unknown
9166,ENSG00000158747,NBL1,Unknown
9167,ENSG00000169181,GSG1L,Unknown
9168,ENSG00000123095,BHLHE41,Unknown
9169,ENSG00000151229,SLC2A13,Unknown
9170,ENSG00000123352,SPATS2,Unknown
9171,ENSG00000189298,ZKSCAN3,Unknown
9172,ENSG00000111300,NAA25,Non-driver
9173,ENSG00000172554,SNTG2,Unknown
9174,ENSG00000151364,KCTD14,Non-driver
9175,ENSG00000020577,SAMD4A,Unknown
9176,ENSG00000135968,GCC2,Unknown
9177,ENSG00000106565,TMEM176B,Non-driver
9178,ENSG00000128268,MGAT3,Unknown
9179,ENSG00000138092,CENPO,Unknown
9180,ENSG00000137266,SLC22A23,Unknown
9181,ENSG00000101198,NKAIN4,Unknown
9182,ENSG00000105699,LSR,Unknown
9183,ENSG00000165416,SUGT1,Unknown
9184,ENSG00000157782,CABP1,Non-driver
9185,ENSG00000100442,FKBP3,Unknown
9186,ENSG00000152785,BMP3,Unknown
9187,ENSG00000145248,SLC10A4,Non-driver
9188,ENSG00000144354,CDCA7,Unknown
9189,ENSG00000282854,ASAP3,Unknown
9190,ENSG00000221838,AP4M1,Unknown
9191,ENSG00000012983,MAP4K5,Unknown
9192,ENSG00000023572,GLRX2,Unknown
9193,ENSG00000074071,MRPS34,Unknown
9194,ENSG00000143093,STRIP1,Unknown
9195,ENSG00000173517,PEAK1,Unknown
9196,ENSG00000278284,RDH13,Non-driver
9197,ENSG00000181991,MRPS11,Unknown
9198,ENSG00000078814,MYH7B,Unknown
9199,ENSG00000175309,PHYKPL,Unknown
9200,ENSG00000198556,ZNF789,Non-driver
9201,ENSG00000134253,TRIM45,Unknown
9202,ENSG00000163528,CHCHD4,Non-driver
9203,ENSG00000187733,AMY1C,Unknown
9204,ENSG00000237763,AMY1A,Unknown
9205,ENSG00000174876,AMY1B,Unknown
9206,ENSG00000198774,RASSF9,Unknown
9207,ENSG00000278091,ZNF85,Unknown
9208,ENSG00000187957,DNER,Unknown
9209,ENSG00000143458,GABPB2,Non-driver
9210,ENSG00000175416,CLTB,Unknown
9211,ENSG00000168807,SNTB2,Unknown
9212,ENSG00000142687,KIAA0319L,Unknown
9213,ENSG00000101019,UQCC1,Non-driver
9214,ENSG00000177551,NHLH2,Unknown
9215,ENSG00000175548,ALG10B,Non-driver
9216,ENSG00000112319,EYA4,Unknown
9217,ENSG00000142330,CAPN10,Unknown
9218,ENSG00000265354,TIMM23,Unknown
9219,ENSG00000165238,WNK2,Driver
9220,ENSG00000183715,OPCML,Unknown
9221,ENSG00000243156,MICAL3,Unknown
9222,ENSG00000050393,MCUR1,Unknown
9223,ENSG00000076356,PLXNA2,Unknown
9224,ENSG00000179604,CDC42EP4,Unknown
9225,ENSG00000275003,DDT,Unknown
9226,ENSG00000118526,TCF21,Unknown
9227,ENSG00000136718,IMP4,Unknown
9228,ENSG00000122741,DCAF10,Non-driver
9229,ENSG00000184992,BRI3BP,Unknown
9230,ENSG00000171227,TMEM37,Non-driver
9231,ENSG00000243056,EIF4EBP3,Unknown
9232,ENSG00000288324,ADGRL1,Unknown
9233,ENSG00000115361,ACADL,Unknown
9234,ENSG00000141577,CEP131,Non-driver
9235,ENSG00000021574,SPAST,Unknown
9236,ENSG00000233801,NELFE,Non-driver
9237,ENSG00000116791,CRYZ,Unknown
9238,ENSG00000076067,RBMS2,Unknown
9239,ENSG00000116990,MYCL,Driver
9240,ENSG00000171747,LGALS4,Unknown
9241,ENSG00000118972,FGF23,Unknown
9242,ENSG00000169860,P2RY1,Unknown
9243,ENSG00000181830,SLC35C1,Unknown
9244,ENSG00000103642,LACTB,Unknown
9245,ENSG00000182916,TCEAL7,Unknown
9246,ENSG00000135222,CSN2,Unknown
9247,ENSG00000185697,MYBL1,Unknown
9248,ENSG00000152592,DMP1,Unknown
9249,ENSG00000196110,ZNF699,Unknown
9250,ENSG00000174938,SEZ6L2,Unknown
9251,ENSG00000135114,OASL,Unknown
9252,ENSG00000135298,ADGRB3,Unknown
9253,ENSG00000262473,GART,Unknown
9254,ENSG00000258992,TSPY1,Unknown
9255,ENSG00000108523,RNF167,Unknown
9256,ENSG00000188910,GJB3,Unknown
9257,ENSG00000284501,MGAT4B,Unknown
9258,ENSG00000119977,TCTN3,Unknown
9259,ENSG00000164258,NDUFS4,Unknown
9260,ENSG00000153904,DDAH1,Unknown
9261,,LRMP,Unknown
9262,ENSG00000174013,FBXO45,Unknown
9263,ENSG00000159346,ADIPOR1,Unknown
9264,ENSG00000138430,OLA1,Unknown
9265,ENSG00000134375,TIMM17A,Unknown
9266,ENSG00000151498,ACAD8,Unknown
9267,ENSG00000183691,NOG,Unknown
9268,ENSG00000168454,TXNDC2,Unknown
9269,ENSG00000186318,BACE1,Unknown
9270,ENSG00000204967,PCDHA4,Unknown
9271,ENSG00000105428,ZNRF4,Unknown
9272,ENSG00000188393,CLEC2A,Unknown
9273,ENSG00000130385,BMP15,Unknown
9274,ENSG00000162599,NFIA,Unknown
9275,ENSG00000165269,AQP7,Unknown
9276,ENSG00000262217,SLC5A8,Unknown
9277,ENSG00000198822,GRM3,Driver
9278,ENSG00000135116,HRK,Unknown
9279,ENSG00000142552,RCN3,Non-driver
9280,ENSG00000278728,CNTNAP2,Driver
9281,ENSG00000176230,OR4K17,Non-driver
9282,ENSG00000197415,VEPH1,Unknown
9283,ENSG00000108599,AKAP10,Unknown
9284,ENSG00000125510,OPRL1,Unknown
9285,ENSG00000100014,SPECC1L,Unknown
9286,ENSG00000161914,ZNF653,Unknown
9287,ENSG00000112759,SLC29A1,Unknown
9288,ENSG00000151617,EDNRA,Unknown
9289,ENSG00000141179,PCTP,Unknown
9290,ENSG00000072195,SPEG,Unknown
9291,ENSG00000099994,SUSD2,Unknown
9292,ENSG00000130829,DUSP9,Unknown
9293,ENSG00000123472,ATPAF1,Non-driver
9294,ENSG00000198093,ZNF649,Unknown
9295,ENSG00000145687,SSBP2,Unknown
9296,ENSG00000167851,CD300A,Non-driver
9297,ENSG00000148604,RGR,Unknown
9298,ENSG00000125384,PTGER2,Unknown
9299,ENSG00000224051,CPTP,Non-driver
9300,ENSG00000111674,ENO2,Unknown
9301,ENSG00000163795,ZNF513,Unknown
9302,ENSG00000137345,MOG,Unknown
9303,ENSG00000223802,CERS1,Unknown
9304,ENSG00000169062,UPF3A,Unknown
9305,ENSG00000124155,PIGT,Unknown
9306,ENSG00000171530,TBCA,Unknown
9307,ENSG00000135677,GNS,Unknown
9308,ENSG00000117614,SYF2,Unknown
9309,ENSG00000163106,HPGDS,Unknown
9310,ENSG00000085719,CPNE3,Unknown
9311,ENSG00000081248,CACNA1S,Unknown
9312,ENSG00000176463,SLCO3A1,Unknown
9313,ENSG00000119203,CPSF3,Non-driver
9314,ENSG00000183166,CALN1,Non-driver
9315,ENSG00000133020,MYH8,Unknown
9316,ENSG00000165060,FXN,Unknown
9317,ENSG00000180543,TSPYL5,Unknown
9318,ENSG00000154144,TBRG1,Unknown
9319,ENSG00000138083,SIX3,Unknown
9320,ENSG00000075151,EIF4G3,Unknown
9321,ENSG00000135537,AFG1L,Unknown
9322,ENSG00000152578,GRIA4,Unknown
9323,ENSG00000047230,CTPS2,Unknown
9324,ENSG00000104613,INTS10,Unknown
9325,ENSG00000198203,SULT1C2,Unknown
9326,ENSG00000181192,DHTKD1,Unknown
9327,ENSG00000141519,CCDC40,Unknown
9328,ENSG00000173068,BNC2,Unknown
9329,ENSG00000169976,SF3B5,Unknown
9330,ENSG00000166295,ANAPC16,Unknown
9331,ENSG00000137760,ALKBH8,Unknown
9332,,ARSE,Unknown
9333,ENSG00000132286,TIMM10B,Non-driver
9334,ENSG00000244187,TMEM141,Non-driver
9335,ENSG00000117228,GBP1,Unknown
9336,ENSG00000079931,MOXD1,Unknown
9337,ENSG00000161791,FMNL3,Unknown
9338,ENSG00000143258,USP21,Unknown
9339,ENSG00000171723,GPHN,Driver
9340,ENSG00000007062,PROM1,Unknown
9341,ENSG00000005436,GCFC2,Non-driver
9342,ENSG00000175591,P2RY2,Unknown
9343,ENSG00000099822,HCN2,Unknown
9344,ENSG00000146678,IGFBP1,Driver
9345,ENSG00000107159,CA9,Unknown
9346,ENSG00000167216,KATNAL2,Unknown
9347,ENSG00000164919,COX6C,Driver
9348,ENSG00000137868,STRA6,Unknown
9349,ENSG00000176136,MC5R,Unknown
9350,ENSG00000122863,CHST3,Unknown
9351,ENSG00000103121,CMC2,Non-driver
9352,ENSG00000188620,HMX3,Unknown
9353,ENSG00000168653,NDUFS5,Unknown
9354,ENSG00000130595,TNNT3,Unknown
9355,ENSG00000174917,MICOS13,Non-driver
9356,ENSG00000205683,DPF3,Unknown
9357,ENSG00000175606,TMEM70,Unknown
9358,ENSG00000205981,DNAJC19,Unknown
9359,ENSG00000087157,PGS1,Unknown
9360,ENSG00000163191,S100A11,Unknown
9361,ENSG00000145022,TCTA,Unknown
9362,ENSG00000137842,TMEM62,Non-driver
9363,ENSG00000150540,HNMT,Unknown
9364,ENSG00000011405,PIK3C2A,Unknown
9365,ENSG00000198692,EIF1AY,Unknown
9366,ENSG00000170412,GPRC5C,Unknown
9367,ENSG00000179195,ZNF664,Unknown
9368,ENSG00000166211,SPIC,Unknown
9369,ENSG00000166902,MRPL16,Unknown
9370,ENSG00000092345,DAZL,Unknown
9371,ENSG00000153707,PTPRD,Driver
9372,ENSG00000086200,IPO11,Unknown
9373,ENSG00000115556,PLCD4,Non-driver
9374,ENSG00000100228,RAB36,Unknown
9375,ENSG00000134278,SPIRE1,Non-driver
9376,ENSG00000127870,RNF6,Unknown
9377,ENSG00000166482,MFAP4,Unknown
9378,ENSG00000140945,CDH13,Driver
9379,ENSG00000074211,PPP2R2C,Unknown
9380,,MARC1,Non-driver
9381,ENSG00000129993,CBFA2T3,Driver
9382,ENSG00000138459,SLC35A5,Non-driver
9383,ENSG00000106524,ANKMY2,Non-driver
9384,ENSG00000151577,DRD3,Unknown
9385,ENSG00000047634,SCML1,Unknown
9386,ENSG00000126653,NSRP1,Unknown
9387,ENSG00000075826,SEC31B,Unknown
9388,ENSG00000198604,BAZ1A,Driver
9389,ENSG00000187689,AMTN,Unknown
9390,ENSG00000129757,CDKN1C,Unknown
9391,ENSG00000135801,TAF5L,Non-driver
9392,ENSG00000169684,CHRNA5,Driver
9393,ENSG00000101846,STS,Unknown
9394,ENSG00000166803,PCLAF,Non-driver
9395,ENSG00000152377,SPOCK1,Non-driver
9396,ENSG00000125810,CD93,Non-driver
9397,ENSG00000021826,CPS1,Unknown
9398,ENSG00000070404,FSTL3,Driver
9399,ENSG00000198756,COLGALT2,Unknown
9400,ENSG00000131899,LLGL1,Unknown
9401,ENSG00000221944,TIGD1,Unknown
9402,ENSG00000071246,VASH1,Non-driver
9403,ENSG00000198934,MAGEE1,Unknown
9404,ENSG00000173040,EVC2,Unknown
9405,ENSG00000188643,S100A16,Unknown
9406,ENSG00000137713,PPP2R1B,Unknown
9407,ENSG00000146426,TIAM2,Unknown
9408,ENSG00000112701,SENP6,Unknown
9409,ENSG00000196323,ZBTB44,Non-driver
9410,ENSG00000197965,MPZL1,Unknown
9411,ENSG00000132359,RAP1GAP2,Non-driver
9412,ENSG00000112238,PRDM13,Unknown
9413,ENSG00000104915,STX10,Unknown
9414,ENSG00000179761,PIPOX,Unknown
9415,ENSG00000132704,FCRL2,Non-driver
9416,ENSG00000111875,ASF1A,Unknown
9417,ENSG00000095564,BTAF1,Unknown
9418,ENSG00000213079,SCAF8,Unknown
9419,ENSG00000010539,ZNF200,Unknown
9420,ENSG00000182749,PAQR7,Unknown
9421,ENSG00000055163,CYFIP2,Unknown
9422,ENSG00000095319,NUP188,Unknown
9423,ENSG00000234370,GTF2H4,Unknown
9424,ENSG00000260325,HSPB9,Unknown
9425,ENSG00000140157,NIPA2,Unknown
9426,ENSG00000122729,ACO1,Unknown
9427,ENSG00000107954,NEURL1,Unknown
9428,ENSG00000076650,GPATCH1,Non-driver
9429,ENSG00000072042,RDH11,Unknown
9430,ENSG00000163655,GMPS,Driver
9431,ENSG00000023516,AKAP11,Unknown
9432,ENSG00000063015,SEZ6,Unknown
9433,ENSG00000124466,LYPD3,Unknown
9434,ENSG00000121775,TMEM39B,Non-driver
9435,ENSG00000070444,MNT,Unknown
9436,ENSG00000163803,PLB1,Unknown
9437,ENSG00000101365,IDH3B,Unknown
9438,ENSG00000164124,TMEM144,Non-driver
9439,ENSG00000169118,CSNK1G1,Unknown
9440,ENSG00000205362,MT1A,Unknown
9441,ENSG00000182450,KCNK4,Unknown
9442,ENSG00000274221,CCL3,Unknown
9443,ENSG00000135069,PSAT1,Unknown
9444,ENSG00000185730,ZNF696,Non-driver
9445,ENSG00000198795,ZNF521,Driver
9446,ENSG00000205923,CEMP1,Unknown
9447,ENSG00000125746,EML2,Unknown
9448,ENSG00000198522,GPN1,Non-driver
9449,ENSG00000164828,SUN1,Non-driver
9450,ENSG00000198914,POU3F3,Unknown
9451,,NARS,Unknown
9452,ENSG00000141744,PNMT,Unknown
9453,ENSG00000133028,SCO1,Unknown
9454,ENSG00000162419,GMEB1,Unknown
9455,ENSG00000008282,SYPL1,Unknown
9456,ENSG00000182158,CREB3L2,Driver
9457,ENSG00000288369,RBP5,Unknown
9458,ENSG00000138823,MTTP,Non-driver
9459,ENSG00000080546,SESN1,Unknown
9460,ENSG00000112855,HARS2,Unknown
9461,ENSG00000069849,ATP1B3,Unknown
9462,ENSG00000143515,ATP8B2,Unknown
9463,ENSG00000136695,IL36RN,Unknown
9464,ENSG00000198399,ITSN2,Unknown
9465,ENSG00000149133,OR5F1,Unknown
9466,ENSG00000198198,SZT2,Unknown
9467,ENSG00000188706,ZDHHC9,Unknown
9468,ENSG00000162733,DDR2,Driver
9469,ENSG00000117305,HMGCL,Unknown
9470,ENSG00000106113,CRHR2,Unknown
9471,ENSG00000004776,HSPB6,Unknown
9472,ENSG00000163798,SLC4A1AP,Unknown
9473,ENSG00000131143,COX4I1,Unknown
9474,ENSG00000153253,SCN3A,Unknown
9475,ENSG00000148120,AOPEP,Non-driver
9476,ENSG00000164631,ZNF12,Unknown
9477,ENSG00000184857,TMEM186,Non-driver
9478,ENSG00000187193,MT1X,Unknown
9479,ENSG00000196683,TOMM7,Unknown
9480,ENSG00000100216,TOMM22,Unknown
9481,ENSG00000122484,RPAP2,Unknown
9482,ENSG00000170954,ZNF415,Non-driver
9483,ENSG00000228090,MPIG6B,Non-driver
9484,ENSG00000185551,NR2F2,Unknown
9485,ENSG00000198553,KCNRG,Unknown
9486,ENSG00000121579,NAA50,Non-driver
9487,ENSG00000182459,TEX19,Unknown
9488,ENSG00000167703,SLC43A2,Unknown
9489,ENSG00000117593,DARS2,Unknown
9490,ENSG00000120727,PAIP2,Unknown
9491,ENSG00000174740,PABPC5,Unknown
9492,ENSG00000110042,DTX4,Unknown
9493,ENSG00000076826,CAMSAP3,Unknown
9494,ENSG00000109113,RAB34,Unknown
9495,ENSG00000150051,MKX,Unknown
9496,ENSG00000197217,ENTPD4,Unknown
9497,ENSG00000100258,LMF2,Non-driver
9498,ENSG00000136699,SMPD4,Unknown
9499,ENSG00000151304,SRFBP1,Unknown
9500,ENSG00000259571,BLID,Unknown
9501,ENSG00000170265,ZNF282,Unknown
9502,ENSG00000198848,CES1,Unknown
9503,ENSG00000008513,ST3GAL1,Non-driver
9504,ENSG00000146072,TNFRSF21,Non-driver
9505,ENSG00000213977,TAX1BP3,Unknown
9506,ENSG00000166589,CDH16,Unknown
9507,ENSG00000131482,G6PC,Unknown
9508,ENSG00000196289,BECN2,Unknown
9509,ENSG00000184524,CEND1,Unknown
9510,ENSG00000171115,GIMAP8,Unknown
9511,ENSG00000178685,PARP10,Non-driver
9512,ENSG00000126733,DACH2,Unknown
9513,ENSG00000071189,SNX13,Unknown
9514,ENSG00000157823,AP3S2,Unknown
9515,ENSG00000122034,GTF3A,Unknown
9516,ENSG00000115761,NOL10,Unknown
9517,ENSG00000162616,DNAJB4,Unknown
9518,ENSG00000145817,YIPF5,Unknown
9519,ENSG00000115365,LANCL1,Unknown
9520,ENSG00000158008,EXTL1,Unknown
9521,ENSG00000122304,PRM2,Unknown
9522,ENSG00000130702,LAMA5,Unknown
9523,ENSG00000154518,ATP5MC3,Non-driver
9524,ENSG00000181965,NEUROG1,Unknown
9525,ENSG00000147081,AKAP4,Unknown
9526,ENSG00000049283,EPN3,Unknown
9527,ENSG00000197555,SIPA1L1,Unknown
9528,ENSG00000274488,LY6H,Unknown
9529,ENSG00000273397,NDUFA6,Unknown
9530,ENSG00000179041,RRS1,Unknown
9531,ENSG00000196542,SPTSSB,Unknown
9532,ENSG00000134698,AGO4,Unknown
9533,ENSG00000119509,INVS,Unknown
9534,ENSG00000042813,ZPBP,Unknown
9535,ENSG00000188092,GPR89B,Unknown
9536,ENSG00000103546,SLC6A2,Unknown
9537,ENSG00000178764,ZHX2,Unknown
9538,ENSG00000154309,DISP1,Non-driver
9539,ENSG00000157064,NMNAT2,Unknown
9540,ENSG00000163157,TMOD4,Unknown
9541,ENSG00000115128,SF3B6,Non-driver
9542,ENSG00000205301,MGAT4D,Non-driver
9543,ENSG00000165917,RAPSN,Unknown
9544,ENSG00000162368,CMPK1,Unknown
9545,ENSG00000090238,YPEL3,Unknown
9546,ENSG00000125734,GPR108,Non-driver
9547,ENSG00000231852,CYP21A2,Unknown
9548,ENSG00000159871,LYPD5,Non-driver
9549,ENSG00000139977,NAA30,Unknown
9550,ENSG00000135040,NAA35,Non-driver
9551,ENSG00000174705,SH3PXD2B,Unknown
9552,ENSG00000092871,RFFL,Unknown
9553,ENSG00000142025,DMRTC2,Unknown
9554,ENSG00000129194,SOX15,Unknown
9555,ENSG00000158987,RAPGEF6,Unknown
9556,ENSG00000150054,MPP7,Unknown
9557,ENSG00000164404,GDF9,Unknown
9558,ENSG00000153037,SRP19,Unknown
9559,ENSG00000167468,GPX4,Unknown
9560,ENSG00000141965,FEM1A,Unknown
9561,ENSG00000075407,ZNF37A,Unknown
9562,ENSG00000141905,NFIC,Unknown
9563,ENSG00000158805,ZNF276,Non-driver
9564,ENSG00000090402,SI,Unknown
9565,,HIST3H2A,Unknown
9566,ENSG00000139219,COL2A1,Driver
9567,ENSG00000114378,HYAL1,Unknown
9568,ENSG00000089057,SLC23A2,Unknown
9569,ENSG00000005882,PDK2,Unknown
9570,ENSG00000196358,NTNG2,Non-driver
9571,ENSG00000262655,SPON1,Unknown
9572,ENSG00000102547,CAB39L,Unknown
9573,ENSG00000115257,PCSK4,Unknown
9574,ENSG00000157219,HTR5A,Unknown
9575,ENSG00000130413,STK33,Unknown
9576,ENSG00000132196,HSD17B7,Unknown
9577,ENSG00000133742,CA1,Unknown
9578,ENSG00000006788,MYH13,Unknown
9579,ENSG00000113946,CLDN16,Unknown
9580,ENSG00000162512,SDC3,Unknown
9581,ENSG00000196296,ATP2A1,Unknown
9582,ENSG00000034971,MYOC,Unknown
9583,ENSG00000115457,IGFBP2,Unknown
9584,ENSG00000184709,LRRC26,Unknown
9585,ENSG00000198732,SMOC1,Unknown
9586,ENSG00000138760,SCARB2,Unknown
9587,ENSG00000087842,PIR,Unknown
9588,ENSG00000163563,MNDA,Unknown
9589,ENSG00000169740,ZNF32,Unknown
9590,ENSG00000076248,UNG,Unknown
9591,ENSG00000137225,CAPN11,Unknown
9592,ENSG00000227345,PARG,Unknown
9593,ENSG00000172273,HINFP,Unknown
9594,ENSG00000187021,PNLIPRP1,Unknown
9595,ENSG00000189159,JPT1,Non-driver
9596,ENSG00000135744,AGT,Unknown
9597,ENSG00000171310,CHST11,Driver
9598,ENSG00000132749,TESMIN,Non-driver
9599,ENSG00000109572,CLCN3,Unknown
9600,ENSG00000174292,TNK1,Unknown
9601,ENSG00000106290,TAF6,Unknown
9602,ENSG00000130783,CCDC62,Unknown
9603,ENSG00000109472,CPE,Unknown
9604,ENSG00000174165,ZDHHC24,Non-driver
9605,ENSG00000149308,NPAT,Unknown
9606,ENSG00000135643,KCNMB4,Unknown
9607,ENSG00000145936,KCNMB1,Unknown
9608,ENSG00000179915,NRXN1,Unknown
9609,ENSG00000145555,MYO10,Unknown
9610,ENSG00000197530,MIB2,Unknown
9611,ENSG00000244005,NFS1,Unknown
9612,ENSG00000163746,PLSCR2,Unknown
9613,ENSG00000150551,LYPD1,Unknown
9614,ENSG00000180992,MRPL14,Unknown
9615,ENSG00000197134,ZNF257,Unknown
9616,ENSG00000128652,HOXD3,Unknown
9617,ENSG00000182132,KCNIP1,Non-driver
9618,ENSG00000029639,TFB1M,Unknown
9619,ENSG00000197213,ZSCAN5B,Non-driver
9620,ENSG00000110888,CAPRIN2,Unknown
9621,ENSG00000133030,MPRIP,Unknown
9622,ENSG00000104953,TLE6,Unknown
9623,ENSG00000198740,ZNF652,Unknown
9624,ENSG00000241343,RPL36A,Unknown
9625,ENSG00000205138,SDHAF1,Unknown
9626,ENSG00000278695,GSTT2B,Non-driver
9627,ENSG00000110436,SLC1A2,Unknown
9628,ENSG00000139910,NOVA1,Unknown
9629,ENSG00000102001,CACNA1F,Unknown
9630,ENSG00000138829,FBN2,Unknown
9631,ENSG00000011347,SYT7,Unknown
9632,ENSG00000010327,STAB1,Non-driver
9633,ENSG00000149782,PLCB3,Unknown
9634,ENSG00000129968,ABHD17A,Unknown
9635,ENSG00000076716,GPC4,Unknown
9636,ENSG00000148824,MTG1,Non-driver
9637,ENSG00000130024,PHF10,Unknown
9638,ENSG00000100983,GSS,Unknown
9639,ENSG00000118246,FASTKD2,Unknown
9640,ENSG00000164398,ACSL6,Driver
9641,ENSG00000230763,HLA-DPB1,Unknown
9642,ENSG00000144339,TMEFF2,Unknown
9643,ENSG00000162813,BPNT1,Unknown
9644,ENSG00000106723,SPIN1,Non-driver
9645,ENSG00000142515,KLK3,Driver
9646,ENSG00000114026,OGG1,Driver
9647,ENSG00000144369,FAM171B,Unknown
9648,ENSG00000135097,MSI1,Unknown
9649,ENSG00000090539,CHRD,Unknown
9650,ENSG00000105409,ATP1A3,Unknown
9651,ENSG00000130477,UNC13A,Unknown
9652,ENSG00000107331,ABCA2,Unknown
9653,ENSG00000115155,OTOF,Unknown
9654,ENSG00000170989,S1PR1,Unknown
9655,ENSG00000156876,SASS6,Unknown
9656,ENSG00000167114,SLC27A4,Unknown
9657,ENSG00000011021,CLCN6,Unknown
9658,ENSG00000205744,DENND1C,Unknown
9659,ENSG00000135525,MAP7,Unknown
9660,ENSG00000093183,SEC22C,Unknown
9661,ENSG00000067177,PHKA1,Unknown
9662,ENSG00000108389,MTMR4,Unknown
9663,ENSG00000089639,GMIP,Unknown
9664,ENSG00000168216,LMBRD1,Unknown
9665,ENSG00000162407,PLPP3,Unknown
9666,ENSG00000170458,CD14,Unknown
9667,ENSG00000100373,UPK3A,Unknown
9668,ENSG00000110077,MS4A6A,Unknown
9669,ENSG00000213380,COG8,Unknown
9670,ENSG00000137413,TAF8,Non-driver
9671,ENSG00000116852,KIF21B,Unknown
9672,ENSG00000148200,NR6A1,Non-driver
9673,ENSG00000152670,DDX4,Unknown
9674,ENSG00000115592,PRKAG3,Unknown
9675,ENSG00000166454,ATMIN,Unknown
9676,ENSG00000136514,RTP4,Unknown
9677,ENSG00000130649,CYP2E1,Unknown
9678,ENSG00000125652,ALKBH7,Unknown
9679,ENSG00000184007,PTP4A2,Unknown
9680,ENSG00000105289,TJP3,Unknown
9681,ENSG00000274334,VASN,Unknown
9682,ENSG00000022567,SLC45A4,Non-driver
9683,ENSG00000120328,PCDHB12,Unknown
9684,ENSG00000139684,ESD,Unknown
9685,ENSG00000151881,TMEM267,Non-driver
9686,ENSG00000182150,ERCC6L2,Unknown
9687,ENSG00000162390,ACOT11,Unknown
9688,ENSG00000102910,LONP2,Unknown
9689,ENSG00000080709,KCNN2,Unknown
9690,ENSG00000182512,GLRX5,Unknown
9691,ENSG00000119514,GALNT12,Unknown
9692,ENSG00000011454,RABGAP1,Unknown
9693,ENSG00000161798,AQP5,Unknown
9694,ENSG00000171786,NHLH1,Unknown
9695,ENSG00000101457,DNTTIP1,Unknown
9696,ENSG00000109956,B3GAT1,Unknown
9697,ENSG00000182154,MRPL41,Unknown
9698,ENSG00000154133,ROBO4,Unknown
9699,ENSG00000158714,SLAMF8,Unknown
9700,ENSG00000243910,TUBA4B,Non-driver
9701,ENSG00000129518,EAPP,Non-driver
9702,ENSG00000131126,TEX101,Unknown
9703,ENSG00000181418,DDN,Unknown
9704,ENSG00000121101,TEX14,Unknown
9705,ENSG00000065057,NTHL1,Driver
9706,ENSG00000169347,GP2,Unknown
9707,ENSG00000124172,ATP5F1E,Non-driver
9708,ENSG00000148795,CYP17A1,Driver
9709,ENSG00000139620,KANSL2,Unknown
9710,ENSG00000100982,PCIF1,Non-driver
9711,ENSG00000090263,MRPS33,Unknown
9712,ENSG00000164054,SHISA5,Unknown
9713,ENSG00000126952,NXF5,Unknown
9714,ENSG00000204577,LILRB3,Unknown
9715,ENSG00000065609,SNAP91,Unknown
9716,ENSG00000145217,SLC26A1,Unknown
9717,ENSG00000127366,TAS2R5,Unknown
9718,ENSG00000186049,KRT73,Unknown
9719,ENSG00000205364,MT1M,Non-driver
9720,ENSG00000186967,KRTAP19-4,Non-driver
9721,ENSG00000164751,PEX2,Unknown
9722,ENSG00000136521,NDUFB5,Unknown
9723,ENSG00000111897,SERINC1,Unknown
9724,ENSG00000116985,BMP8B,Unknown
9725,ENSG00000115020,PIKFYVE,Unknown
9726,ENSG00000278165,DUSP8,Unknown
9727,ENSG00000130176,CNN1,Unknown
9728,ENSG00000185565,LSAMP,Unknown
9729,ENSG00000183840,GPR39,Unknown
9730,ENSG00000163738,MTHFD2L,Unknown
9731,ENSG00000204237,OXLD1,Non-driver
9732,ENSG00000223547,ZNF844,Unknown
9733,ENSG00000105085,MED26,Unknown
9734,ENSG00000189221,MAOA,Unknown
9735,ENSG00000132688,NES,Unknown
9736,ENSG00000180660,MAB21L1,Unknown
9737,ENSG00000276615,KEL,Unknown
9738,ENSG00000177125,ZBTB34,Unknown
9739,ENSG00000126091,ST3GAL3,Unknown
9740,ENSG00000111331,OAS3,Unknown
9741,ENSG00000166455,C16orf46,Non-driver
9742,ENSG00000109758,HGFAC,Unknown
9743,ENSG00000176920,FUT2,Unknown
9744,ENSG00000142512,SIGLEC10,Unknown
9745,ENSG00000091640,SPAG7,Unknown
9746,ENSG00000077684,JADE1,Non-driver
9747,ENSG00000119915,ELOVL3,Unknown
9748,ENSG00000184185,KCNJ12,Unknown
9749,ENSG00000284039,KIR2DS3,Unknown
9750,ENSG00000128512,DOCK4,Unknown
9751,ENSG00000166862,CACNG2,Unknown
9752,ENSG00000166136,NDUFB8,Unknown
9753,ENSG00000175787,ZNF169,Unknown
9754,ENSG00000079691,CARMIL1,Unknown
9755,ENSG00000175348,TMEM9B,Non-driver
9756,ENSG00000181690,PLAG1,Driver
9757,ENSG00000102384,CENPI,Non-driver
9758,ENSG00000125637,PSD4,Unknown
9759,ENSG00000027001,MIPEP,Unknown
9760,ENSG00000176715,ACSF3,Unknown
9761,ENSG00000001036,FUCA2,Unknown
9762,ENSG00000183077,AFMID,Unknown
9763,ENSG00000189046,ALKBH2,Unknown
9764,ENSG00000171989,LDHAL6B,Non-driver
9765,ENSG00000140488,CELF6,Unknown
9766,ENSG00000148834,GSTO1,Unknown
9767,ENSG00000142207,URB1,Unknown
9768,ENSG00000111863,ADTRP,Non-driver
9769,ENSG00000131400,NAPSA,Non-driver
9770,ENSG00000121406,ZNF549,Non-driver
9771,ENSG00000064601,CTSA,Unknown
9772,ENSG00000051825,MPHOSPH9,Unknown
9773,ENSG00000100271,TTLL1,Unknown
9774,ENSG00000174579,MSL2,Unknown
9775,ENSG00000158545,ZC3H18,Non-driver
9776,ENSG00000148672,GLUD1,Unknown
9777,ENSG00000232616,SKIV2L,Unknown
9778,ENSG00000100285,NEFH,Driver
9779,ENSG00000178234,GALNT11,Unknown
9780,ENSG00000127419,TMEM175,Unknown
9781,ENSG00000110066,KMT5B,Unknown
9782,ENSG00000185053,SGCZ,Unknown
9783,ENSG00000176024,ZNF613,Non-driver
9784,ENSG00000125304,TM9SF2,Unknown
9785,ENSG00000198569,SLC34A3,Unknown
9786,ENSG00000147799,ARHGAP39,Unknown
9787,ENSG00000273706,LHX1,Unknown
9788,ENSG00000143457,GOLPH3L,Unknown
9789,ENSG00000159884,CCDC107,Non-driver
9790,ENSG00000196368,NUDT11,Unknown
9791,ENSG00000156076,WIF1,Driver
9792,ENSG00000029993,HMGB3,Unknown
9793,ENSG00000131495,NDUFA2,Unknown
9794,ENSG00000132591,ERAL1,Unknown
9795,ENSG00000163634,THOC7,Unknown
9796,ENSG00000276880,IFI27L1,Non-driver
9797,ENSG00000178252,WDR6,Unknown
9798,ENSG00000107669,ATE1,Non-driver
9799,ENSG00000171819,ANGPTL7,Non-driver
9800,ENSG00000172380,GNG12,Unknown
9801,ENSG00000102100,SLC35A2,Unknown
9802,ENSG00000117620,SLC35A3,Unknown
9803,ENSG00000072422,RHOBTB1,Unknown
9804,ENSG00000130158,DOCK6,Unknown
9805,ENSG00000175087,PDIK1L,Unknown
9806,ENSG00000136144,RCBTB1,Unknown
9807,ENSG00000072657,TRHDE,Unknown
9808,ENSG00000131174,COX7B,Unknown
9809,ENSG00000137714,FDX1,Unknown
9810,ENSG00000131055,COX4I2,Unknown
9811,ENSG00000182732,RGS6,Unknown
9812,ENSG00000155545,MIER3,Unknown
9813,ENSG00000151445,VIPAS39,Unknown
9814,ENSG00000105642,KCNN1,Non-driver
9815,ENSG00000102109,PCSK1N,Unknown
9816,ENSG00000109610,SOD3,Unknown
9817,ENSG00000135315,CEP162,Unknown
9818,ENSG00000105997,HOXA3,Unknown
9819,ENSG00000141639,MAPK4,Unknown
9820,ENSG00000135597,REPS1,Unknown
9821,ENSG00000138468,SENP7,Unknown
9822,ENSG00000182175,RGMA,Unknown
9823,ENSG00000162654,GBP4,Unknown
9824,ENSG00000136286,MYO1G,Unknown
9825,ENSG00000042980,ADAM28,Unknown
9826,ENSG00000105926,MPP6,Unknown
9827,ENSG00000077232,DNAJC10,Unknown
9828,ENSG00000164011,ZNF691,Non-driver
9829,ENSG00000138107,ACTR1A,Unknown
9830,ENSG00000101470,TNNC2,Unknown
9831,ENSG00000113971,NPHP3,Unknown
9832,ENSG00000182963,GJC1,Unknown
9833,ENSG00000101187,SLCO4A1,Unknown
9834,ENSG00000126353,CCR7,Driver
9835,ENSG00000106436,MYL10,Unknown
9836,ENSG00000141349,G6PC3,Unknown
9837,ENSG00000155906,RMND1,Unknown
9838,ENSG00000177045,SIX5,Unknown
9839,ENSG00000281818,MANSC1,Non-driver
9840,ENSG00000182533,CAV3,Unknown
9841,,IMPAD1,Unknown
9842,ENSG00000206487,C6orf136,Unknown
9843,ENSG00000106333,PCOLCE,Unknown
9844,ENSG00000109674,NEIL3,Non-driver
9845,ENSG00000124067,SLC12A4,Unknown
9846,ENSG00000171680,PLEKHG5,Unknown
9847,ENSG00000077157,PPP1R12B,Unknown
9848,ENSG00000154655,L3MBTL4,Unknown
9849,ENSG00000276747,PADI6,Unknown
9850,ENSG00000105549,THEG,Unknown
9851,ENSG00000277443,MARCKS,Non-driver
9852,,MARCH9,Unknown
9853,ENSG00000092377,TBL1Y,Unknown
9854,ENSG00000169594,BNC1,Unknown
9855,ENSG00000185133,INPP5J,Unknown
9856,ENSG00000123360,PDE1B,Non-driver
9857,ENSG00000241863,RPP21,Unknown
9858,ENSG00000100473,COCH,Unknown
9859,ENSG00000285501,AGBL2,Unknown
9860,ENSG00000196652,ZKSCAN5,Unknown
9861,ENSG00000109180,OCIAD1,Non-driver
9862,ENSG00000172262,ZNF131,Unknown
9863,ENSG00000086102,NFX1,Unknown
9864,ENSG00000124357,NAGK,Unknown
9865,ENSG00000184659,FOXD4L4,Unknown
9866,ENSG00000196911,KPNA5,Unknown
9867,ENSG00000103174,NAGPA,Unknown
9868,ENSG00000142677,IL22RA1,Non-driver
9869,ENSG00000197894,ADH5,Unknown
9870,ENSG00000221818,EBF2,Unknown
9871,ENSG00000172818,OVOL1,Unknown
9872,ENSG00000256683,ZNF350,Unknown
9873,ENSG00000176294,OR4N2,Non-driver
9874,ENSG00000198765,SYCP1,Unknown
9875,ENSG00000165233,CARD19,Unknown
9876,ENSG00000130204,TOMM40,Unknown
9877,ENSG00000283201,ZNF724,Non-driver
9878,ENSG00000114859,CLCN2,Unknown
9879,ENSG00000172113,NME6,Unknown
9880,ENSG00000059915,PSD,Unknown
9881,ENSG00000213901,SLC23A3,Non-driver
9882,ENSG00000176340,COX8A,Driver
9883,ENSG00000111144,LTA4H,Unknown
9884,ENSG00000069188,SDK2,Unknown
9885,ENSG00000182208,MOB2,Non-driver
9886,ENSG00000204710,SPDYC,Unknown
9887,ENSG00000136944,LMX1B,Unknown
9888,ENSG00000173080,RXFP4,Unknown
9889,ENSG00000129197,RPAIN,Unknown
9890,ENSG00000170325,PRDM10,Unknown
9891,ENSG00000156510,HKDC1,Unknown
9892,ENSG00000011376,LARS2,Unknown
9893,ENSG00000167074,TEF,Unknown
9894,ENSG00000135452,TSPAN31,Unknown
9895,ENSG00000277725,KIR2DL2,Unknown
9896,ENSG00000146409,SLC18B1,Non-driver
9897,ENSG00000107593,PKD2L1,Unknown
9898,ENSG00000271303,SRXN1,Unknown
9899,ENSG00000163867,ZMYM6,Unknown
9900,ENSG00000204548,DEFB121,Unknown
9901,ENSG00000015133,CCDC88C,Unknown
9902,ENSG00000104112,SCG3,Unknown
9903,ENSG00000124107,SLPI,Unknown
9904,ENSG00000119946,CNNM1,Unknown
9905,ENSG00000176635,HORMAD2,Non-driver
9906,ENSG00000140807,NKD1,Unknown
9907,ENSG00000261787,TCF24,Non-driver
9908,ENSG00000160949,TONSL,Non-driver
9909,ENSG00000164691,TAGAP,Unknown
9910,ENSG00000125850,OVOL2,Unknown
9911,ENSG00000170476,MZB1,Unknown
9912,ENSG00000149451,ADAM33,Unknown
9913,ENSG00000108799,EZH1,Unknown
9914,ENSG00000187546,AGMO,Unknown
9915,ENSG00000172992,DCAKD,Non-driver
9916,ENSG00000085788,DDHD2,Unknown
9917,ENSG00000184634,MED12,Driver
9918,ENSG00000177200,CHD9,Unknown
9919,ENSG00000136235,GPNMB,Unknown
9920,ENSG00000282813,ARMC10,Unknown
9921,ENSG00000076555,ACACB,Unknown
9922,ENSG00000114757,PEX5L,Unknown
9923,ENSG00000112769,LAMA4,Unknown
9924,ENSG00000250361,GYPB,Unknown
9925,ENSG00000167771,RCOR2,Unknown
9926,ENSG00000172915,NBEA,Driver
9927,ENSG00000122386,ZNF205,Unknown
9928,ENSG00000256797,KLRF2,Non-driver
9929,ENSG00000134287,ARF3,Unknown
9930,ENSG00000095383,TBC1D2,Unknown
9931,ENSG00000099326,MZF1,Non-driver
9932,ENSG00000205213,LGR4,Unknown
9933,ENSG00000105612,DNASE2,Unknown
9934,ENSG00000101180,HRH3,Unknown
9935,ENSG00000172239,PAIP1,Unknown
9936,ENSG00000204962,PCDHA8,Unknown
9937,ENSG00000133636,NTS,Unknown
9938,ENSG00000101188,NTSR1,Unknown
9939,ENSG00000063241,ISOC2,Unknown
9940,ENSG00000131480,AOC2,Unknown
9941,ENSG00000198689,SLC9A6,Unknown
9942,ENSG00000164794,KCNV1,Unknown
9943,ENSG00000148840,PPRC1,Unknown
9944,ENSG00000130638,ATXN10,Unknown
9945,ENSG00000155966,AFF2,Unknown
9946,ENSG00000167769,ACER1,Unknown
9947,ENSG00000134324,LPIN1,Unknown
9948,ENSG00000149182,ARFGAP2,Unknown
9949,ENSG00000116539,ASH1L,Unknown
9950,ENSG00000124615,MOCS1,Unknown
9951,ENSG00000059588,TARBP1,Unknown
9952,ENSG00000188778,ADRB3,Unknown
9953,ENSG00000143314,MRPL24,Unknown
9954,ENSG00000087008,ACOX3,Unknown
9955,ENSG00000175063,UBE2C,Unknown
9956,ENSG00000070731,ST6GALNAC2,Unknown
9957,ENSG00000204624,DISP3,Non-driver
9958,ENSG00000203907,OOEP,Unknown
9959,ENSG00000060982,BCAT1,Unknown
9960,ENSG00000169255,B3GALNT1,Non-driver
9961,ENSG00000100403,ZC3H7B,Unknown
9962,ENSG00000162761,LMX1A,Unknown
9963,ENSG00000122694,GLIPR2,Unknown
9964,ENSG00000196228,SULT1C3,Unknown
9965,ENSG00000163348,PYGO2,Unknown
9966,ENSG00000141446,ESCO1,Unknown
9967,ENSG00000182400,TRAPPC6B,Unknown
9968,ENSG00000169635,HIC2,Unknown
9969,ENSG00000100629,CEP128,Non-driver
9970,ENSG00000116096,SPR,Unknown
9971,ENSG00000134109,EDEM1,Driver
9972,ENSG00000163017,ACTG2,Unknown
9973,ENSG00000164344,KLKB1,Unknown
9974,ENSG00000244057,LCE3C,Unknown
9975,ENSG00000100994,PYGB,Unknown
9976,ENSG00000164597,COG5,Unknown
9977,ENSG00000136240,KDELR2,Non-driver
9978,ENSG00000166451,CENPN,Unknown
9979,ENSG00000186198,SLC51B,Non-driver
9980,ENSG00000140326,CDAN1,Unknown
9981,ENSG00000089820,ARHGAP4,Unknown
9982,ENSG00000165434,PGM2L1,Unknown
9983,ENSG00000183723,CMTM4,Unknown
9984,ENSG00000134755,DSC2,Unknown
9985,ENSG00000075884,ARHGAP15,Unknown
9986,ENSG00000114923,SLC4A3,Non-driver
9987,ENSG00000187140,FOXD3,Unknown
9988,ENSG00000168303,MPLKIP,Unknown
9989,ENSG00000165506,DNAAF2,Non-driver
9990,ENSG00000117154,IGSF21,Non-driver
9991,ENSG00000070540,WIPI1,Non-driver
9992,ENSG00000149256,TENM4,Unknown
9993,ENSG00000162692,VCAM1,Unknown
9994,ENSG00000175093,SPSB4,Unknown
9995,ENSG00000156427,FGF18,Unknown
9996,ENSG00000123243,ITIH5,Unknown
9997,ENSG00000154227,CERS3,Unknown
9998,ENSG00000127463,EMC1,Unknown
9999,ENSG00000129636,ITFG1,Unknown
10000,ENSG00000183963,SMTN,Unknown
10001,ENSG00000117000,RLF,Unknown
10002,ENSG00000030419,IKZF2,Unknown
10003,ENSG00000205649,HTN3,Unknown
10004,ENSG00000136110,CNMD,Non-driver
10005,ENSG00000164944,VIRMA,Non-driver
10006,ENSG00000163673,DCLK3,Unknown
10007,ENSG00000148143,ZNF462,Unknown
10008,ENSG00000089053,ANAPC5,Unknown
10009,ENSG00000145423,SFRP2,Unknown
10010,ENSG00000179528,LBX2,Unknown
10011,ENSG00000187134,AKR1C1,Unknown
10012,ENSG00000288118,GLUD2,Unknown
10013,ENSG00000054148,PHPT1,Unknown
10014,ENSG00000234514,LST1,Unknown
10015,ENSG00000186280,KDM4D,Unknown
10016,ENSG00000275052,PPP4R3B,Unknown
10017,ENSG00000166473,PKD1L2,Unknown
10018,ENSG00000160124,CCDC58,Non-driver
10019,ENSG00000005483,KMT2E,Unknown
10020,ENSG00000183309,ZNF623,Non-driver
10021,ENSG00000092421,SEMA6A,Unknown
10022,ENSG00000196387,ZNF140,Unknown
10023,ENSG00000167508,MVD,Unknown
10024,ENSG00000024422,EHD2,Unknown
10025,ENSG00000197584,KCNMB2,Unknown
10026,,HARS,Unknown
10027,ENSG00000104450,SPAG1,Unknown
10028,ENSG00000205277,MUC12,Unknown
10029,,GPR21,Unknown
10030,ENSG00000144962,SPATA16,Unknown
10031,ENSG00000277481,PKD1L3,Unknown
10032,ENSG00000158296,SLC13A3,Unknown
10033,ENSG00000182795,C1orf116,Non-driver
10034,ENSG00000146729,NIPSNAP2,Non-driver
10035,ENSG00000153820,SPHKAP,Unknown
10036,ENSG00000142484,TM4SF5,Unknown
10037,ENSG00000148408,CACNA1B,Unknown
10038,ENSG00000135297,MTO1,Unknown
10039,ENSG00000275482,EPHB6,Unknown
10040,ENSG00000276582,ABCB11,Unknown
10041,ENSG00000119922,IFIT2,Unknown
10042,ENSG00000159256,MORC3,Unknown
10043,ENSG00000182687,GALR2,Unknown
10044,ENSG00000164128,NPY1R,Unknown
10045,ENSG00000275717,KIR3DL1,Unknown
10046,ENSG00000185739,SRL,Unknown
10047,ENSG00000169031,COL4A3,Unknown
10048,ENSG00000102385,DRP2,Unknown
10049,ENSG00000181631,P2RY13,Non-driver
10050,ENSG00000141469,SLC14A1,Unknown
10051,ENSG00000100625,SIX4,Unknown
10052,ENSG00000109911,ELP4,Unknown
10053,ENSG00000088367,EPB41L1,Unknown
10054,ENSG00000180185,FAHD1,Unknown
10055,,HIST1H1T,Unknown
10056,ENSG00000100596,SPTLC2,Unknown
10057,ENSG00000114374,USP9Y,Unknown
10058,ENSG00000170608,FOXA3,Unknown
10059,ENSG00000117643,MAN1C1,Unknown
10060,ENSG00000145868,FBXO38,Unknown
10061,ENSG00000153303,FRMD1,Non-driver
10062,ENSG00000176978,DPP7,Unknown
10063,ENSG00000151640,DPYSL4,Unknown
10064,ENSG00000159374,M1AP,Non-driver
10065,ENSG00000144320,LNPK,Unknown
10066,ENSG00000171051,FPR1,Unknown
10067,ENSG00000049656,CLPTM1L,Unknown
10068,ENSG00000180245,RRH,Unknown
10069,ENSG00000171302,CANT1,Driver
10070,ENSG00000163975,MELTF,Non-driver
10071,ENSG00000274205,MAPK15,Non-driver
10072,ENSG00000174236,REP15,Unknown
10073,ENSG00000156218,ADAMTSL3,Unknown
10074,ENSG00000134389,CFHR5,Unknown
10075,ENSG00000166596,CFAP52,Non-driver
10076,ENSG00000122592,HOXA7,Unknown
10077,ENSG00000125772,GPCPD1,Unknown
10078,ENSG00000119616,FCF1,Non-driver
10079,ENSG00000274803,BDP1,Unknown
10080,ENSG00000168461,RAB31,Unknown
10081,ENSG00000178038,ALS2CL,Unknown
10082,ENSG00000160183,TMPRSS3,Unknown
10083,ENSG00000205758,CRYZL1,Unknown
10084,ENSG00000073737,DHRS9,Unknown
10085,ENSG00000103021,CCDC113,Unknown
10086,ENSG00000175318,GRAMD2A,Non-driver
10087,ENSG00000167699,GLOD4,Non-driver
10088,ENSG00000152082,MZT2B,Non-driver
10089,ENSG00000124104,SNX21,Non-driver
10090,ENSG00000165684,SNAPC4,Unknown
10091,ENSG00000126768,TIMM17B,Unknown
10092,ENSG00000061987,MON2,Unknown
10093,ENSG00000197140,ADAM32,Non-driver
10094,ENSG00000143498,TAF1A,Unknown
10095,ENSG00000163900,TMEM41A,Non-driver
10096,ENSG00000266338,NBPF15,Unknown
10097,ENSG00000179364,PACS2,Unknown
10098,ENSG00000141161,UNC45B,Unknown
10099,ENSG00000007001,UPP2,Unknown
10100,ENSG00000122707,RECK,Unknown
10101,ENSG00000170703,TTLL6,Unknown
10102,ENSG00000164674,SYTL3,Non-driver
10103,ENSG00000241697,TMEFF1,Unknown
10104,ENSG00000114767,RRP9,Non-driver
10105,ENSG00000006695,COX10,Unknown
10106,ENSG00000170113,NIPA1,Unknown
10107,ENSG00000171954,CYP4F22,Unknown
10108,ENSG00000066056,TIE1,Non-driver
10109,ENSG00000128342,LIF,Unknown
10110,ENSG00000178343,SHISA3,Unknown
10111,ENSG00000148935,GAS2,Unknown
10112,ENSG00000137801,THBS1,Driver
10113,ENSG00000074582,BCS1L,Unknown
10114,ENSG00000178177,LCORL,Unknown
10115,ENSG00000274780,PHRF1,Unknown
10116,ENSG00000284228,TMEM102,Unknown
10117,ENSG00000185022,MAFF,Unknown
10118,ENSG00000134490,TMEM241,Unknown
10119,ENSG00000094914,AAAS,Unknown
10120,ENSG00000106415,GLCCI1,Unknown
10121,ENSG00000069345,DNAJA2,Unknown
10122,ENSG00000140403,DNAJA4,Non-driver
10123,ENSG00000213626,LBH,Unknown
10124,ENSG00000158042,MRPL17,Unknown
10125,ENSG00000123500,COL10A1,Unknown
10126,ENSG00000184792,OSBP2,Unknown
10127,ENSG00000158050,DUSP2,Unknown
10128,ENSG00000129596,CDO1,Unknown
10129,ENSG00000197594,ENPP1,Unknown
10130,ENSG00000130962,PRRG1,Unknown
10131,ENSG00000115339,GALNT3,Unknown
10132,ENSG00000176222,ZNF404,Non-driver
10133,ENSG00000174576,NPAS4,Unknown
10134,ENSG00000175073,VCPIP1,Non-driver
10135,ENSG00000013588,GPRC5A,Unknown
10136,ENSG00000138166,DUSP5,Unknown
10137,ENSG00000134996,OSTF1,Unknown
10138,ENSG00000185670,ZBTB3,Non-driver
10139,ENSG00000116260,QSOX1,Unknown
10140,ENSG00000187257,RSBN1L,Unknown
10141,ENSG00000196876,SCN8A,Unknown
10142,ENSG00000169218,RSPO1,Unknown
10143,ENSG00000187801,ZFP69B,Non-driver
10144,ENSG00000132677,RHBG,Unknown
10145,ENSG00000133401,PDZD2,Unknown
10146,ENSG00000006453,BAIAP2L1,Unknown
10147,ENSG00000180739,S1PR5,Unknown
10148,ENSG00000170624,SGCD,Unknown
10149,ENSG00000168757,TSPY2,Non-driver
10150,ENSG00000005302,MSL3,Non-driver
10151,ENSG00000273859,RASSF7,Unknown
10152,ENSG00000138303,ASCC1,Unknown
10153,ENSG00000180902,D2HGDH,Unknown
10154,ENSG00000134186,PRPF38B,Non-driver
10155,ENSG00000183648,NDUFB1,Unknown
10156,ENSG00000187672,ERC2,Unknown
10157,ENSG00000135409,AMHR2,Unknown
10158,ENSG00000280094,OR1B1,Non-driver
10159,ENSG00000107651,SEC23IP,Unknown
10160,ENSG00000124225,PMEPA1,Unknown
10161,ENSG00000172031,EPHX4,Unknown
10162,ENSG00000253831,ETV3L,Non-driver
10163,ENSG00000153779,TGIF2LX,Unknown
10164,ENSG00000232258,TMEM114,Unknown
10165,ENSG00000196867,ZFP28,Unknown
10166,ENSG00000163814,CDCP1,Unknown
10167,ENSG00000138411,HECW2,Unknown
10168,ENSG00000091010,POU4F3,Unknown
10169,ENSG00000008300,CELSR3,Unknown
10170,ENSG00000156471,PTDSS1,Unknown
10171,ENSG00000164068,RNF123,Unknown
10172,ENSG00000059378,PARP12,Unknown
10173,ENSG00000183513,COA5,Unknown
10174,ENSG00000099864,PALM,Unknown
10175,ENSG00000221995,TIAF1,Unknown
10176,ENSG00000161533,ACOX1,Unknown
10177,ENSG00000163833,FBXO40,Unknown
10178,ENSG00000182508,LHFPL1,Unknown
10179,ENSG00000198885,ITPRIPL1,Non-driver
10180,ENSG00000129625,REEP5,Unknown
10181,ENSG00000120318,ARAP3,Unknown
10182,ENSG00000188037,CLCN1,Unknown
10183,ENSG00000067704,IARS2,Unknown
10184,ENSG00000203485,INF2,Unknown
10185,ENSG00000181061,HIGD1A,Non-driver
10186,ENSG00000148019,CEP78,Unknown
10187,ENSG00000206237,HLA-DQB1,Unknown
10188,ENSG00000116176,TPSG1,Unknown
10189,ENSG00000175470,PPP2R2D,Unknown
10190,ENSG00000152700,SAR1B,Unknown
10191,ENSG00000135392,DNAJC14,Non-driver
10192,ENSG00000197119,SLC25A29,Unknown
10193,ENSG00000073067,CYP2W1,Unknown
10194,ENSG00000133111,RFXAP,Unknown
10195,ENSG00000116205,TCEANC2,Non-driver
10196,ENSG00000144161,ZC3H8,Non-driver
10197,ENSG00000144681,STAC,Unknown
10198,ENSG00000141447,OSBPL1A,Unknown
10199,ENSG00000138660,AP1AR,Non-driver
10200,ENSG00000149124,GLYAT,Unknown
10201,ENSG00000103067,ESRP2,Unknown
10202,ENSG00000140395,WDR61,Non-driver
10203,ENSG00000128590,DNAJB9,Unknown
10204,ENSG00000104904,OAZ1,Unknown
10205,ENSG00000139629,GALNT6,Unknown
10206,ENSG00000070214,SLC44A1,Unknown
10207,ENSG00000175538,KCNE3,Unknown
10208,ENSG00000153291,SLC25A27,Unknown
10209,ENSG00000166503,HDGFL3,Non-driver
10210,ENSG00000147588,PMP2,Unknown
10211,ENSG00000179520,SLC17A8,Unknown
10212,ENSG00000010438,PRSS3,Unknown
10213,ENSG00000137124,ALDH1B1,Unknown
10214,ENSG00000082996,RNF13,Non-driver
10215,ENSG00000135124,P2RX4,Unknown
10216,ENSG00000086232,EIF2AK1,Unknown
10217,ENSG00000158089,GALNT14,Unknown
10218,ENSG00000163788,SNRK,Unknown
10219,ENSG00000115380,EFEMP1,Unknown
10220,ENSG00000105879,CBLL1,Unknown
10221,ENSG00000075336,TIMM21,Unknown
10222,ENSG00000162729,IGSF8,Unknown
10223,ENSG00000116698,SMG7,Unknown
10224,ENSG00000156486,KCNS2,Unknown
10225,ENSG00000070785,EIF2B3,Unknown
10226,ENSG00000125363,AMELX,Unknown
10227,ENSG00000140795,MYLK3,Unknown
10228,ENSG00000032219,ARID4A,Unknown
10229,ENSG00000164663,USP49,Non-driver
10230,ENSG00000143390,RFX5,Unknown
10231,ENSG00000109790,KLHL5,Unknown
10232,ENSG00000122122,SASH3,Unknown
10233,ENSG00000137857,DUOX1,Unknown
10234,ENSG00000137474,MYO7A,Unknown
10235,ENSG00000116745,RPE65,Unknown
10236,ENSG00000158793,NIT1,Unknown
10237,ENSG00000147687,TATDN1,Non-driver
10238,ENSG00000125459,MSTO1,Unknown
10239,ENSG00000066279,ASPM,Unknown
10240,ENSG00000156831,NSMCE2,Unknown
10241,ENSG00000131050,BPIFA2,Non-driver
10242,ENSG00000168389,MFSD2A,Unknown
10243,ENSG00000196705,ZNF431,Non-driver
10244,ENSG00000127081,ZNF484,Non-driver
10245,ENSG00000110880,CORO1C,Unknown
10246,ENSG00000130270,ATP8B3,Unknown
10247,ENSG00000144476,ACKR3,Driver
10248,ENSG00000197360,ZNF98,Unknown
10249,ENSG00000284068,KPNA7,Unknown
10250,ENSG00000250510,GPR162,Non-driver
10251,ENSG00000205336,ADGRG1,Unknown
10252,ENSG00000182674,KCNB2,Unknown
10253,ENSG00000248487,ABHD14A,Non-driver
10254,ENSG00000183549,ACSM5,Unknown
10255,ENSG00000136634,IL10,Driver
10256,ENSG00000104093,DMXL2,Unknown
10257,ENSG00000108582,CPD,Unknown
10258,ENSG00000152229,PSTPIP2,Unknown
10259,ENSG00000198839,ZNF277,Unknown
10260,ENSG00000172889,EGFL7,Unknown
10261,ENSG00000198417,MT1F,Unknown
10262,ENSG00000136274,NACAD,Non-driver
10263,ENSG00000039523,RIPOR1,Non-driver
10264,ENSG00000154620,TMSB4Y,Unknown
10265,ENSG00000141316,SPACA3,Unknown
10266,ENSG00000188372,ZP3,Unknown
10267,ENSG00000077935,SMC1B,Unknown
10268,ENSG00000157350,ST3GAL2,Non-driver
10269,ENSG00000213424,KRT222,Unknown
10270,ENSG00000108828,VAT1,Unknown
10271,ENSG00000172661,WASHC2C,Unknown
10272,ENSG00000106178,CCL24,Unknown
10273,ENSG00000161544,CYGB,Unknown
10274,ENSG00000125965,GDF5,Unknown
10275,ENSG00000213445,SIPA1,Unknown
10276,ENSG00000185885,IFITM1,Unknown
10277,ENSG00000277494,GPIHBP1,Unknown
10278,ENSG00000164961,WASHC5,Non-driver
10279,ENSG00000143126,CELSR2,Driver
10280,ENSG00000110931,CAMKK2,Unknown
10281,ENSG00000135973,GPR45,Unknown
10282,ENSG00000274348,TRPV5,Unknown
10283,ENSG00000101443,WFDC2,Unknown
10284,ENSG00000066855,MTFR1,Non-driver
10285,ENSG00000140386,SCAPER,Unknown
10286,ENSG00000101417,PXMP4,Unknown
10287,ENSG00000196184,OR10J1,Non-driver
10288,ENSG00000118432,CNR1,Unknown
10289,ENSG00000165188,RNF183,Non-driver
10290,ENSG00000169026,SLC49A3,Non-driver
10291,ENSG00000105583,WDR83OS,Non-driver
10292,ENSG00000124212,PTGIS,Unknown
10293,ENSG00000186470,BTN3A2,Unknown
10294,ENSG00000004059,ARF5,Unknown
10295,ENSG00000178372,CALML5,Non-driver
10296,ENSG00000166685,COG1,Unknown
10297,,LOR,Unknown
10298,ENSG00000213930,GALT,Unknown
10299,ENSG00000135749,PCNX2,Unknown
10300,ENSG00000087250,MT3,Unknown
10301,ENSG00000100884,CPNE6,Unknown
10302,ENSG00000108510,MED13,Unknown
10303,ENSG00000283706,PRSS50,Unknown
10304,ENSG00000075188,NUP37,Unknown
10305,ENSG00000168386,FILIP1L,Unknown
10306,ENSG00000140285,FGF7,Unknown
10307,ENSG00000269405,NXF2,Unknown
10308,ENSG00000269437,NXF2B,Non-driver
10309,ENSG00000182902,SLC25A18,Unknown
10310,ENSG00000133488,SEC14L4,Unknown
10311,ENSG00000156219,ART3,Unknown
10312,ENSG00000166938,DIS3L,Unknown
10313,ENSG00000154719,MRPL39,Unknown
10314,ENSG00000225830,ERCC6,Unknown
10315,ENSG00000124233,SEMG1,Unknown
10316,ENSG00000182050,MGAT4C,Non-driver
10317,ENSG00000285112,SLC52A2,Unknown
10318,ENSG00000115286,NDUFS7,Unknown
10319,ENSG00000070193,FGF10,Unknown
10320,ENSG00000082126,MPP4,Unknown
10321,ENSG00000173145,NOC3L,Unknown
10322,ENSG00000239305,RNF103,Unknown
10323,ENSG00000136531,SCN2A,Unknown
10324,ENSG00000172379,ARNT2,Unknown
10325,ENSG00000104805,NUCB1,Unknown
10326,ENSG00000124587,PEX6,Unknown
10327,ENSG00000159199,ATP5MC1,Non-driver
10328,ENSG00000187416,LHFPL3,Unknown
10329,ENSG00000163637,PRICKLE2,Unknown
10330,ENSG00000010295,IFFO1,Unknown
10331,ENSG00000152642,GPD1L,Unknown
10332,ENSG00000160209,PDXK,Unknown
10333,ENSG00000182793,GSTA5,Unknown
10334,ENSG00000170049,KCNAB3,Unknown
10335,ENSG00000166532,RIMKLB,Unknown
10336,ENSG00000180535,BHLHA15,Unknown
10337,ENSG00000164038,SLC9B2,Non-driver
10338,ENSG00000117400,MPL,Driver
10339,ENSG00000248483,POU5F2,Non-driver
10340,ENSG00000180964,TCEAL8,Non-driver
10341,ENSG00000123983,ACSL3,Driver
10342,ENSG00000183092,BEGAIN,Non-driver
10343,ENSG00000143994,ABHD1,Unknown
10344,ENSG00000156110,ADK,Unknown
10345,ENSG00000128039,SRD5A3,Unknown
10346,ENSG00000142347,MYO1F,Unknown
10347,ENSG00000140548,ZNF710,Non-driver
10348,ENSG00000103888,CEMIP,Non-driver
10349,ENSG00000174574,AKIRIN1,Unknown
10350,ENSG00000118702,GHRH,Unknown
10351,ENSG00000177646,ACAD9,Unknown
10352,ENSG00000182348,ZNF804B,Unknown
10353,ENSG00000173825,TIGD3,Non-driver
10354,ENSG00000182541,LIMK2,Unknown
10355,ENSG00000081052,COL4A4,Unknown
10356,ENSG00000105679,GAPDHS,Unknown
10357,ENSG00000198205,ZXDA,Unknown
10358,ENSG00000139287,TPH2,Unknown
10359,ENSG00000196850,PPTC7,Unknown
10360,ENSG00000147457,CHMP7,Unknown
10361,ENSG00000242802,AP5Z1,Unknown
10362,ENSG00000131148,EMC8,Unknown
10363,ENSG00000159788,RGS12,Unknown
10364,ENSG00000108688,CCL7,Unknown
10365,ENSG00000137502,RAB30,Unknown
10366,ENSG00000140398,NEIL1,Unknown
10367,ENSG00000188425,NANOS2,Unknown
10368,ENSG00000179593,ALOX15B,Unknown
10369,ENSG00000174844,DNAH12,Unknown
10370,ENSG00000278322,MBOAT7,Unknown
10371,ENSG00000099954,CECR2,Unknown
10372,ENSG00000198160,MIER1,Non-driver
10373,ENSG00000141431,ASXL3,Unknown
10374,ENSG00000136108,CKAP2,Unknown
10375,ENSG00000113430,IRX4,Unknown
10376,ENSG00000152467,ZSCAN1,Non-driver
10377,ENSG00000198758,EPS8L3,Unknown
10378,,MARCH8,Unknown
10379,ENSG00000281500,SLC37A4,Unknown
10380,ENSG00000163812,ZDHHC3,Unknown
10381,ENSG00000164219,PGGT1B,Unknown
10382,ENSG00000006007,GDE1,Unknown
10383,ENSG00000151655,ITIH2,Unknown
10384,ENSG00000171649,ZIK1,Non-driver
10385,ENSG00000162704,ARPC5,Unknown
10386,ENSG00000160539,PLPP7,Non-driver
10387,ENSG00000143768,LEFTY2,Unknown
10388,ENSG00000111058,ACSS3,Unknown
10389,ENSG00000281216,KIF26B,Unknown
10390,ENSG00000014919,COX15,Unknown
10391,ENSG00000198380,GFPT1,Unknown
10392,ENSG00000162706,CADM3,Unknown
10393,ENSG00000114857,NKTR,Unknown
10394,ENSG00000186918,ZNF395,Unknown
10395,ENSG00000179603,GRM8,Unknown
10396,ENSG00000282185,PTPRN2,Unknown
10397,ENSG00000180537,RNF182,Non-driver
10398,ENSG00000185527,PDE6G,Unknown
10399,ENSG00000108947,EFNB3,Unknown
10400,ENSG00000178522,AMBN,Unknown
10401,ENSG00000198670,LPA,Unknown
10402,ENSG00000138031,ADCY3,Unknown
10403,ENSG00000147488,ST18,Unknown
10404,ENSG00000204604,ZNF468,Unknown
10405,ENSG00000171540,OTP,Unknown
10406,ENSG00000101474,APMAP,Unknown
10407,ENSG00000102904,TSNAXIP1,Unknown
10408,ENSG00000185070,FLRT2,Unknown
10409,ENSG00000204130,RUFY2,Unknown
10410,ENSG00000173976,RAX2,Unknown
10411,ENSG00000172006,ZNF554,Non-driver
10412,ENSG00000215454,KRTAP10-4,Non-driver
10413,ENSG00000144671,SLC22A14,Unknown
10414,ENSG00000171532,NEUROD2,Unknown
10415,ENSG00000101868,POLA1,Unknown
10416,ENSG00000213366,GSTM2,Unknown
10417,ENSG00000178662,CSRNP3,Non-driver
10418,ENSG00000162188,GNG3,Non-driver
10419,ENSG00000255150,EID3,Unknown
10420,ENSG00000118162,KPTN,Unknown
10421,ENSG00000172782,FADS6,Non-driver
10422,ENSG00000134317,GRHL1,Unknown
10423,ENSG00000173992,CCS,Unknown
10424,ENSG00000204060,FOXO6,Unknown
10425,ENSG00000068912,ERLEC1,Unknown
10426,ENSG00000197622,CDC42SE1,Non-driver
10427,ENSG00000185269,NOTUM,Unknown
10428,ENSG00000196660,SLC30A10,Unknown
10429,ENSG00000131725,WDR44,Non-driver
10430,ENSG00000046653,GPM6B,Unknown
10431,ENSG00000136867,SLC31A2,Non-driver
10432,ENSG00000280549,PADI3,Unknown
10433,ENSG00000226430,USP17L7,Non-driver
10434,ENSG00000156925,ZIC3,Unknown
10435,ENSG00000169918,OTUD7A,Unknown
10436,ENSG00000116497,S100PBP,Unknown
10437,ENSG00000151532,VTI1A,Driver
10438,ENSG00000183655,KLHL25,Non-driver
10439,ENSG00000066813,ACSM2B,Unknown
10440,ENSG00000168779,SHOX2,Unknown
10441,ENSG00000104951,IL4I1,Unknown
10442,ENSG00000112218,GPR63,Unknown
10443,ENSG00000196511,TPK1,Unknown
10444,ENSG00000178814,OPLAH,Unknown
10445,ENSG00000171408,PDE7B,Unknown
10446,ENSG00000276231,PIK3R6,Unknown
10447,ENSG00000198753,PLXNB3,Unknown
10448,ENSG00000119723,COQ6,Unknown
10449,ENSG00000168675,LDLRAD4,Non-driver
10450,ENSG00000135919,SERPINE2,Non-driver
10451,ENSG00000143847,PPFIA4,Unknown
10452,ENSG00000159409,CELF3,Unknown
10453,ENSG00000100342,APOL1,Unknown
10454,ENSG00000147955,SIGMAR1,Unknown
10455,ENSG00000144821,MYH15,Unknown
10456,ENSG00000104723,TUSC3,Unknown
10457,ENSG00000164252,AGGF1,Unknown
10458,ENSG00000100078,PLA2G3,Unknown
10459,ENSG00000144182,LIPT1,Unknown
10460,ENSG00000120832,MTERF2,Unknown
10461,ENSG00000002586,CD99,Unknown
10462,ENSG00000137871,ZNF280D,Non-driver
10463,ENSG00000178537,SLC25A20,Unknown
10464,ENSG00000153936,HS2ST1,Unknown
10465,ENSG00000166869,CHP2,Non-driver
10466,ENSG00000164300,SERINC5,Unknown
10467,ENSG00000249115,HAUS5,Unknown
10468,ENSG00000275824,CCL4,Unknown
10469,ENSG00000173175,ADCY5,Unknown
10470,ENSG00000198121,LPAR1,Unknown
10471,ENSG00000116793,PHTF1,Unknown
10472,ENSG00000253958,CLDN23,Unknown
10473,ENSG00000140043,PTGR2,Non-driver
10474,ENSG00000120533,ENY2,Non-driver
10475,ENSG00000152683,SLC30A6,Unknown
10476,ENSG00000145740,SLC30A5,Unknown
10477,ENSG00000147789,ZNF7,Unknown
10478,ENSG00000100106,TRIOBP,Unknown
10479,ENSG00000164172,MOCS2,Unknown
10480,ENSG00000163297,ANTXR2,Unknown
10481,ENSG00000236637,IFNA4,Unknown
10482,ENSG00000135916,ITM2C,Unknown
10483,ENSG00000175766,EIF4E1B,Non-driver
10484,ENSG00000197044,ZNF441,Non-driver
10485,ENSG00000072182,ASIC4,Non-driver
10486,ENSG00000147117,ZNF157,Unknown
10487,ENSG00000116133,DHCR24,Unknown
10488,ENSG00000130787,HIP1R,Unknown
10489,ENSG00000118473,SGIP1,Unknown
10490,ENSG00000164010,ERMAP,Unknown
10491,ENSG00000183035,CYLC1,Unknown
10492,ENSG00000106636,YKT6,Unknown
10493,ENSG00000132464,ENAM,Unknown
10494,ENSG00000007216,SLC13A2,Unknown
10495,ENSG00000176597,B3GNT5,Unknown
10496,ENSG00000140297,GCNT3,Unknown
10497,ENSG00000115252,PDE1A,Unknown
10498,ENSG00000148334,PTGES2,Unknown
10499,ENSG00000197181,PIWIL2,Unknown
10500,ENSG00000103037,SETD6,Unknown
10501,ENSG00000127663,KDM4B,Unknown
10502,ENSG00000142784,WDTC1,Unknown
10503,ENSG00000158161,EYA3,Unknown
10504,ENSG00000197123,ZNF679,Non-driver
10505,ENSG00000177156,TALDO1,Unknown
10506,ENSG00000119681,LTBP2,Unknown
10507,ENSG00000102595,UGGT2,Unknown
10508,ENSG00000144029,MRPS5,Unknown
10509,ENSG00000166435,XRRA1,Unknown
10510,ENSG00000134216,CHIA,Unknown
10511,ENSG00000077254,USP33,Unknown
10512,ENSG00000196611,MMP1,Driver
10513,ENSG00000170619,COMMD5,Unknown
10514,ENSG00000103316,CRYM,Unknown
10515,ENSG00000080618,CPB2,Unknown
10516,ENSG00000137251,TINAG,Unknown
10517,ENSG00000171421,MRPL36,Unknown
10518,ENSG00000120093,HOXB3,Unknown
10519,,H1FOO,Unknown
10520,ENSG00000142556,ZNF614,Non-driver
10521,ENSG00000131871,SELENOS,Unknown
10522,ENSG00000165300,SLITRK5,Unknown
10523,ENSG00000178700,DHFR2,Non-driver
10524,ENSG00000083544,TDRD3,Unknown
10525,ENSG00000277363,SRCIN1,Unknown
10526,ENSG00000149972,CNTN5,Unknown
10527,ENSG00000126500,FLRT1,Unknown
10528,ENSG00000197616,MYH6,Unknown
10529,ENSG00000055211,GINM1,Non-driver
10530,ENSG00000013306,SLC25A39,Unknown
10531,ENSG00000169116,PARM1,Unknown
10532,ENSG00000205659,LIN52,Non-driver
10533,ENSG00000198554,WDHD1,Unknown
10534,ENSG00000105732,ZNF574,Non-driver
10535,ENSG00000119614,VSX2,Non-driver
10536,ENSG00000144218,AFF3,Driver
10537,ENSG00000102387,TAF7L,Unknown
10538,ENSG00000176102,CSTF3,Unknown
10539,ENSG00000001561,ENPP4,Unknown
10540,ENSG00000159322,ADPGK,Unknown
10541,,TWISTNB,Unknown
10542,ENSG00000133424,LARGE1,Non-driver
10543,ENSG00000141429,GALNT1,Unknown
10544,ENSG00000152495,CAMK4,Unknown
10545,ENSG00000112394,SLC16A10,Unknown
10546,ENSG00000197106,SLC6A17,Unknown
10547,ENSG00000176399,DMRTA1,Unknown
10548,ENSG00000160445,ZER1,Unknown
10549,ENSG00000135763,URB2,Unknown
10550,ENSG00000162892,IL24,Unknown
10551,ENSG00000134153,EMC7,Non-driver
10552,ENSG00000125675,GRIA3,Unknown
10553,ENSG00000136378,ADAMTS7,Unknown
10554,ENSG00000114450,GNB4,Unknown
10555,ENSG00000153721,CNKSR3,Unknown
10556,ENSG00000116786,PLEKHM2,Unknown
10557,ENSG00000116747,RO60,Non-driver
10558,ENSG00000129990,SYT5,Unknown
10559,ENSG00000197150,ABCB8,Unknown
10560,ENSG00000047597,XK,Unknown
10561,ENSG00000135519,KCNH3,Unknown
10562,ENSG00000160781,PAQR6,Unknown
10563,ENSG00000169251,NMD3,Unknown
10564,ENSG00000173918,C1QTNF1,Unknown
10565,ENSG00000133466,C1QTNF6,Unknown
10566,ENSG00000122585,NPY,Unknown
10567,ENSG00000176209,SMIM19,Non-driver
10568,ENSG00000188991,SLC15A5,Non-driver
10569,ENSG00000161904,LEMD2,Unknown
10570,ENSG00000103449,SALL1,Unknown
10571,ENSG00000102393,GLA,Unknown
10572,ENSG00000066827,ZFAT,Non-driver
10573,ENSG00000117477,CCDC181,Non-driver
10574,ENSG00000156521,TYSND1,Unknown
10575,ENSG00000147912,FBXO10,Unknown
10576,ENSG00000129151,BBOX1,Unknown
10577,ENSG00000148219,ASTN2,Unknown
10578,ENSG00000182983,ZNF662,Non-driver
10579,ENSG00000130558,OLFM1,Unknown
10580,ENSG00000132681,ATP1A4,Unknown
10581,ENSG00000126545,CSN1S1,Non-driver
10582,ENSG00000018625,ATP1A2,Unknown
10583,ENSG00000163923,RPL39L,Unknown
10584,ENSG00000126217,MCF2L,Unknown
10585,ENSG00000160991,ORAI2,Unknown
10586,ENSG00000141873,SLC39A3,Unknown
10587,ENSG00000168944,CEP120,Unknown
10588,ENSG00000105136,ZNF419,Unknown
10589,ENSG00000067533,RRP15,Unknown
10590,ENSG00000129128,SPCS3,Non-driver
10591,ENSG00000145075,CCDC39,Unknown
10592,ENSG00000172766,NAA16,Non-driver
10593,ENSG00000182759,MAFA,Unknown
10594,ENSG00000128394,APOBEC3F,Unknown
10595,ENSG00000066926,FECH,Unknown
10596,ENSG00000156531,PHF6,Driver
10597,ENSG00000164742,ADCY1,Unknown
10598,ENSG00000198092,TMPRSS11F,Non-driver
10599,ENSG00000183576,SETD3,Unknown
10600,ENSG00000130881,LRP3,Unknown
10601,ENSG00000186684,CYP27C1,Non-driver
10602,ENSG00000205358,MT1H,Unknown
10603,ENSG00000134825,TMEM258,Unknown
10604,ENSG00000112294,ALDH5A1,Unknown
10605,ENSG00000056291,NPFFR2,Non-driver
10606,ENSG00000130700,GATA5,Unknown
10607,ENSG00000148498,PARD3,Unknown
10608,ENSG00000166557,TMED3,Non-driver
10609,ENSG00000198924,DCLRE1A,Unknown
10610,ENSG00000253710,ALG11,Unknown
10611,ENSG00000129038,LOXL1,Unknown
10612,ENSG00000143536,CRNN,Non-driver
10613,ENSG00000261456,TUBB8,Unknown
10614,ENSG00000168802,CHTF8,Unknown
10615,ENSG00000110841,PPFIBP1,Driver
10616,ENSG00000112053,SLC26A8,Unknown
10617,ENSG00000175832,ETV4,Driver
10618,ENSG00000101638,ST8SIA5,Non-driver
10619,ENSG00000111199,TRPV4,Unknown
10620,ENSG00000198829,SUCNR1,Unknown
10621,ENSG00000214872,SMTNL1,Unknown
10622,ENSG00000168734,PKIG,Unknown
10623,ENSG00000188290,HES4,Unknown
10624,ENSG00000141200,KIF2B,Unknown
10625,ENSG00000181019,NQO1,Driver
10626,ENSG00000161671,EMC10,Unknown
10627,ENSG00000255529,POLR2M,Unknown
10628,ENSG00000183773,AIFM3,Unknown
10629,ENSG00000002726,AOC1,Non-driver
10630,ENSG00000197721,CR1L,Unknown
10631,ENSG00000114805,PLCH1,Unknown
10632,ENSG00000196214,ZNF766,Non-driver
10633,ENSG00000196967,ZNF585A,Non-driver
10634,ENSG00000123594,ATXN3L,Unknown
10635,ENSG00000198551,ZNF627,Unknown
10636,ENSG00000151151,IPMK,Unknown
10637,ENSG00000107815,TWNK,Unknown
10638,ENSG00000142279,WTIP,Unknown
10639,ENSG00000230797,YY2,Unknown
10640,ENSG00000255974,CYP2A6,Unknown
10641,ENSG00000158435,CNOT11,Non-driver
10642,ENSG00000163394,CCKAR,Unknown
10643,ENSG00000160602,NEK8,Unknown
10644,ENSG00000135974,C2orf49,Non-driver
10645,ENSG00000183044,ABAT,Unknown
10646,ENSG00000176153,GPX2,Unknown
10647,ENSG00000032444,PNPLA6,Unknown
10648,ENSG00000140835,CHST4,Non-driver
10649,ENSG00000196090,PTPRT,Driver
10650,ENSG00000166743,ACSM1,Unknown
10651,ENSG00000100852,ARHGAP5,Driver
10652,ENSG00000116014,KISS1R,Unknown
10653,ENSG00000123505,AMD1,Unknown
10654,ENSG00000104313,EYA1,Unknown
10655,ENSG00000228628,ATF6B,Unknown
10656,ENSG00000186517,ARHGAP30,Unknown
10657,ENSG00000110921,MVK,Unknown
10658,ENSG00000048740,CELF2,Unknown
10659,ENSG00000146192,FGD2,Unknown
10660,ENSG00000053747,LAMA3,Unknown
10661,ENSG00000163207,IVL,Unknown
10662,ENSG00000275718,CCL15,Unknown
10663,ENSG00000167862,MRPL58,Non-driver
10664,ENSG00000158623,COPG2,Unknown
10665,ENSG00000011426,ANLN,Unknown
10666,ENSG00000143341,HMCN1,Unknown
10667,ENSG00000181619,GPR135,Unknown
10668,ENSG00000185085,INTS5,Unknown
10669,ENSG00000077147,TM9SF3,Unknown
10670,ENSG00000143494,VASH2,Unknown
10671,ENSG00000162998,FRZB,Unknown
10672,ENSG00000111046,MYF6,Unknown
10673,ENSG00000058063,ATP11B,Unknown
10674,ENSG00000113196,HAND1,Unknown
10675,ENSG00000143252,SDHC,Driver
10676,ENSG00000130529,TRPM4,Unknown
10677,ENSG00000102230,PCYT1B,Unknown
10678,ENSG00000005206,SPPL2B,Non-driver
10679,ENSG00000177666,PNPLA2,Unknown
10680,ENSG00000071859,FAM50A,Unknown
10681,ENSG00000128242,GAL3ST1,Unknown
10682,ENSG00000262860,LSM14A,Driver
10683,ENSG00000074603,DPP8,Unknown
10684,ENSG00000181072,CHRM2,Unknown
10685,ENSG00000149021,SCGB1A1,Unknown
10686,ENSG00000160326,SLC2A6,Unknown
10687,ENSG00000171865,RNASEH1,Unknown
10688,ENSG00000143157,POGK,Non-driver
10689,ENSG00000170615,SLC26A5,Unknown
10690,ENSG00000166847,DCTN5,Unknown
10691,ENSG00000043355,ZIC2,Unknown
10692,ENSG00000181652,ATG9B,Unknown
10693,ENSG00000163914,RHO,Unknown
10694,ENSG00000168538,TRAPPC11,Unknown
10695,ENSG00000111319,SCNN1A,Unknown
10696,ENSG00000163995,ABLIM2,Unknown
10697,ENSG00000136051,WASHC4,Unknown
10698,ENSG00000140263,SORD,Unknown
10699,ENSG00000152439,ZNF773,Non-driver
10700,ENSG00000129951,PLPPR3,Unknown
10701,ENSG00000179751,SYCN,Non-driver
10702,ENSG00000187714,SLC18A3,Unknown
10703,ENSG00000165383,LRRC18,Non-driver
10704,ENSG00000049246,PER3,Unknown
10705,ENSG00000129657,SEC14L1,Non-driver
10706,ENSG00000275013,PRAME,Unknown
10707,ENSG00000130643,CALY,Unknown
10708,ENSG00000031003,FAM13B,Unknown
10709,ENSG00000110675,ELMOD1,Unknown
10710,ENSG00000148600,CDHR1,Unknown
10711,ENSG00000082515,MRPL22,Unknown
10712,ENSG00000282891,STATH,Unknown
10713,ENSG00000076258,FMO4,Unknown
10714,ENSG00000197565,COL4A6,Unknown
10715,ENSG00000133247,KMT5C,Non-driver
10716,ENSG00000177106,EPS8L2,Unknown
10717,ENSG00000157734,SNX22,Non-driver
10718,ENSG00000162630,B3GALT2,Unknown
10719,ENSG00000128710,HOXD10,Unknown
10720,ENSG00000105808,RASA4,Unknown
10721,ENSG00000173436,MICOS10,Non-driver
10722,ENSG00000168564,CDKN2AIP,Unknown
10723,ENSG00000151474,FRMD4A,Unknown
10724,ENSG00000134313,KIDINS220,Unknown
10725,ENSG00000136715,SAP130,Unknown
10726,ENSG00000130821,SLC6A8,Unknown
10727,ENSG00000167588,GPD1,Unknown
10728,ENSG00000166676,TVP23A,Non-driver
10729,ENSG00000134644,PUM1,Unknown
10730,ENSG00000139151,PLCZ1,Unknown
10731,ENSG00000111254,AKAP3,Non-driver
10732,ENSG00000005471,ABCB4,Unknown
10733,ENSG00000048405,ZNF800,Non-driver
10734,ENSG00000165566,AMER2,Non-driver
10735,ENSG00000138801,PAPSS1,Unknown
10736,ENSG00000236177,HLA-DPA1,Unknown
10737,ENSG00000242114,MTFP1,Unknown
10738,ENSG00000103150,MLYCD,Unknown
10739,ENSG00000180613,GSX2,Unknown
10740,ENSG00000172586,CHCHD1,Non-driver
10741,ENSG00000203926,SPANXA2,Unknown
10742,ENSG00000198021,SPANXA1,Unknown
10743,ENSG00000284938,FAM180B,Non-driver
10744,ENSG00000165733,BMS1,Unknown
10745,ENSG00000176165,FOXG1,Unknown
10746,ENSG00000171201,SMR3B,Unknown
10747,ENSG00000179774,ATOH7,Unknown
10748,ENSG00000196604,POTEF,Non-driver
10749,ENSG00000205927,OLIG2,Driver
10750,ENSG00000026751,SLAMF7,Unknown
10751,ENSG00000175768,TOMM5,Unknown
10752,ENSG00000112041,TULP1,Unknown
10753,ENSG00000197562,RAB40C,Non-driver
10754,ENSG00000161036,LRWD1,Unknown
10755,ENSG00000116254,CHD5,Unknown
10756,ENSG00000147251,DOCK11,Unknown
10757,ENSG00000176076,KCNE5,Non-driver
10758,ENSG00000084090,STARD7,Unknown
10759,,HIST1H2BO,Unknown
10760,ENSG00000130313,PGLS,Unknown
10761,ENSG00000063601,MTMR1,Unknown
10762,ENSG00000035928,RFC1,Unknown
10763,ENSG00000149970,CNKSR2,Unknown
10764,ENSG00000171606,ZNF274,Unknown
10765,ENSG00000112679,DUSP22,Unknown
10766,ENSG00000138346,DNA2,Unknown
10767,ENSG00000143486,EIF2D,Unknown
10768,ENSG00000180263,FGD6,Unknown
10769,ENSG00000124784,RIOK1,Unknown
10770,ENSG00000073536,NLE1,Non-driver
10771,ENSG00000183426,NPIPA1,Non-driver
10772,ENSG00000182903,ZNF721,Non-driver
10773,ENSG00000175426,PCSK1,Unknown
10774,ENSG00000274671,MARVELD2,Unknown
10775,ENSG00000016391,CHDH,Non-driver
10776,ENSG00000177076,ACER2,Unknown
10777,ENSG00000156642,NPTN,Unknown
10778,ENSG00000138161,CUZD1,Unknown
10779,ENSG00000132702,HAPLN2,Non-driver
10780,ENSG00000064933,PMS1,Driver
10781,ENSG00000130517,PGPEP1,Unknown
10782,ENSG00000054796,SPO11,Unknown
10783,ENSG00000185024,BRF1,Unknown
10784,ENSG00000159450,TCHH,Unknown
10785,ENSG00000196188,CTSE,Unknown
10786,ENSG00000275313,CCL4L2,Unknown
10787,ENSG00000278259,MYO19,Unknown
10788,ENSG00000136213,CHST12,Unknown
10789,ENSG00000103047,TANGO6,Non-driver
10790,ENSG00000174233,ADCY6,Unknown
10791,ENSG00000114547,ROPN1B,Non-driver
10792,ENSG00000204899,MZT1,Non-driver
10793,ENSG00000151726,ACSL1,Unknown
10794,ENSG00000135778,NTPCR,Non-driver
10795,ENSG00000110844,PRPF40B,Driver
10796,ENSG00000168827,GFM1,Unknown
10797,ENSG00000205835,GMNC,Unknown
10798,ENSG00000090266,NDUFB2,Unknown
10799,ENSG00000126550,HTN1,Unknown
10800,ENSG00000123454,DBH,Unknown
10801,ENSG00000122299,ZC3H7A,Non-driver
10802,ENSG00000145757,SPATA9,Non-driver
10803,ENSG00000117226,GBP3,Unknown
10804,ENSG00000114480,GBE1,Unknown
10805,ENSG00000173253,DMRT2,Unknown
10806,ENSG00000154646,TMPRSS15,Unknown
10807,ENSG00000236221,TNXB,Unknown
10808,ENSG00000161381,PLXDC1,Unknown
10809,ENSG00000102996,MMP15,Unknown
10810,ENSG00000149196,HIKESHI,Unknown
10811,ENSG00000071909,MYO3B,Unknown
10812,ENSG00000138688,KIAA1109,Unknown
10813,ENSG00000274276,CBSL,Non-driver
10814,ENSG00000115318,LOXL3,Unknown
10815,ENSG00000138772,ANXA3,Unknown
10816,ENSG00000143473,KCNH1,Unknown
10817,ENSG00000134240,HMGCS2,Unknown
10818,ENSG00000065320,NTN1,Unknown
10819,ENSG00000162490,DRAXIN,Unknown
10820,ENSG00000156502,SUPV3L1,Unknown
10821,ENSG00000135838,NPL,Unknown
10822,ENSG00000176842,IRX5,Unknown
10823,ENSG00000103485,QPRT,Unknown
10824,ENSG00000078618,NRDC,Non-driver
10825,ENSG00000188820,CALHM6,Non-driver
10826,ENSG00000122420,PTGFR,Unknown
10827,ENSG00000139651,ZNF740,Non-driver
10828,ENSG00000242252,BGLAP,Unknown
10829,ENSG00000163453,IGFBP7,Unknown
10830,ENSG00000187048,CYP4A11,Unknown
10831,ENSG00000116731,PRDM2,Driver
10832,ENSG00000138777,PPA2,Unknown
10833,ENSG00000122042,UBL3,Unknown
10834,ENSG00000171611,PTCRA,Unknown
10835,ENSG00000188997,KCTD21,Non-driver
10836,ENSG00000148835,TAF5,Unknown
10837,ENSG00000188921,HACD4,Non-driver
10838,ENSG00000176953,NFATC2IP,Unknown
10839,ENSG00000134255,CEPT1,Unknown
10840,ENSG00000177283,FZD8,Unknown
10841,ENSG00000112031,MTRF1L,Non-driver
10842,ENSG00000140367,UBE2Q2,Unknown
10843,ENSG00000125492,BARHL1,Unknown
10844,ENSG00000198355,PIM3,Unknown
10845,ENSG00000197841,ZNF181,Unknown
10846,ENSG00000133789,SWAP70,Unknown
10847,ENSG00000136720,HS6ST1,Unknown
10848,ENSG00000187775,DNAH17,Unknown
10849,ENSG00000146233,CYP39A1,Unknown
10850,ENSG00000131238,PPT1,Unknown
10851,ENSG00000242389,RBMY1E,Non-driver
10852,ENSG00000120254,MTHFD1L,Unknown
10853,ENSG00000116221,MRPL37,Unknown
10854,ENSG00000132958,TPTE2,Unknown
10855,ENSG00000170802,FOXN2,Non-driver
10856,ENSG00000144136,SLC20A1,Unknown
10857,ENSG00000145494,NDUFS6,Unknown
10858,ENSG00000168874,ATOH8,Non-driver
10859,ENSG00000242612,DECR2,Unknown
10860,ENSG00000114812,VIPR1,Unknown
10861,ENSG00000225614,ZNF469,Unknown
10862,ENSG00000171189,GRIK1,Unknown
10863,ENSG00000146399,TAAR1,Unknown
10864,ENSG00000105447,GRWD1,Unknown
10865,ENSG00000173653,RCE1,Unknown
10866,ENSG00000163104,SMARCAD1,Unknown
10867,ENSG00000073614,KDM5A,Driver
10868,ENSG00000198300,PEG3,Unknown
10869,ENSG00000220201,ZGLP1,Unknown
10870,ENSG00000258315,C17orf49,Unknown
10871,ENSG00000102401,ARMCX3,Unknown
10872,ENSG00000136908,DPM2,Unknown
10873,ENSG00000069122,ADGRF5,Non-driver
10874,ENSG00000087269,NOP14,Unknown
10875,ENSG00000166920,C15orf48,Unknown
10876,ENSG00000196632,WNK3,Unknown
10877,ENSG00000185842,DNAH14,Unknown
10878,ENSG00000188153,COL4A5,Unknown
10879,ENSG00000148339,SLC25A25,Non-driver
10880,ENSG00000060558,GNA15,Unknown
10881,ENSG00000140474,ULK3,Unknown
10882,ENSG00000150403,TMCO3,Unknown
10883,ENSG00000198858,R3HDM4,Non-driver
10884,ENSG00000115902,SLC1A4,Unknown
10885,ENSG00000081803,CADPS2,Unknown
10886,ENSG00000138078,PREPL,Unknown
10887,ENSG00000104888,SLC17A7,Unknown
10888,ENSG00000118997,DNAH7,Unknown
10889,ENSG00000186897,C1QL4,Unknown
10890,ENSG00000131620,ANO1,Unknown
10891,ENSG00000185610,DBX2,Non-driver
10892,ENSG00000174695,TMEM167A,Non-driver
10893,ENSG00000121446,RGSL1,Unknown
10894,ENSG00000021461,CYP3A43,Unknown
10895,ENSG00000235194,PPP1R3E,Non-driver
10896,ENSG00000151014,NOCT,Non-driver
10897,ENSG00000115652,UXS1,Unknown
10898,ENSG00000177303,CASKIN2,Unknown
10899,ENSG00000159733,ZFYVE28,Unknown
10900,ENSG00000116147,TNR,Unknown
10901,ENSG00000139155,SLCO1C1,Unknown
10902,ENSG00000066032,CTNNA2,Driver
10903,ENSG00000260314,MRC1,Unknown
10904,ENSG00000188487,INSC,Unknown
10905,ENSG00000130921,C12orf65,Unknown
10906,ENSG00000097096,SYDE2,Non-driver
10907,ENSG00000196268,ZNF493,Non-driver
10908,ENSG00000114349,GNAT1,Unknown
10909,ENSG00000175970,UNC119B,Non-driver
10910,ENSG00000095574,IKZF5,Non-driver
10911,ENSG00000154845,PPP4R1,Unknown
10912,,SARS,Unknown
10913,ENSG00000151023,ENKUR,Unknown
10914,ENSG00000186971,KRTAP13-4,Non-driver
10915,ENSG00000163870,TPRA1,Non-driver
10916,ENSG00000154079,SDHAF4,Non-driver
10917,ENSG00000188994,ZNF292,Unknown
10918,ENSG00000196620,UGT2B15,Unknown
10919,ENSG00000074964,ARHGEF10L,Driver
10920,ENSG00000172724,CCL19,Unknown
10921,ENSG00000172830,SSH3,Unknown
10922,ENSG00000162104,ADCY9,Unknown
10923,ENSG00000167130,DOLPP1,Unknown
10924,ENSG00000171794,UTF1,Unknown
10925,ENSG00000103160,HSDL1,Non-driver
10926,ENSG00000175646,PRM1,Unknown
10927,,ADSSL1,Unknown
10928,ENSG00000092758,COL9A3,Unknown
10929,ENSG00000132819,RBM38,Unknown
10930,ENSG00000166592,RRAD,Unknown
10931,ENSG00000119685,TTLL5,Unknown
10932,ENSG00000037042,TUBG2,Unknown
10933,ENSG00000138073,PREB,Unknown
10934,ENSG00000081307,UBA5,Unknown
10935,ENSG00000105737,GRIK5,Unknown
10936,ENSG00000092096,SLC22A17,Unknown
10937,ENSG00000102218,RP2,Unknown
10938,ENSG00000197177,ADGRA1,Unknown
10939,ENSG00000161091,MFSD12,Unknown
10940,ENSG00000127954,STEAP4,Unknown
10941,ENSG00000081014,AP4E1,Unknown
10942,ENSG00000167772,ANGPTL4,Unknown
10943,ENSG00000163507,CIP2A,Unknown
10944,ENSG00000176890,TYMS,Driver
10945,ENSG00000177508,IRX3,Unknown
10946,ENSG00000170340,B3GNT2,Unknown
10947,ENSG00000177191,B3GNT8,Unknown
10948,ENSG00000263309,KRT23,Unknown
10949,ENSG00000140479,PCSK6,Unknown
10950,ENSG00000173200,PARP15,Unknown
10951,ENSG00000108474,PIGL,Unknown
10952,ENSG00000138615,CILP,Unknown
10953,ENSG00000078124,ACER3,Unknown
10954,ENSG00000175161,CADM2,Unknown
10955,ENSG00000103274,NUBP1,Unknown
10956,ENSG00000162572,SCNN1D,Unknown
10957,ENSG00000156875,MFSD14A,Non-driver
10958,ENSG00000064687,ABCA7,Unknown
10959,ENSG00000241360,PDXP,Non-driver
10960,ENSG00000173762,CD7,Unknown
10961,ENSG00000147481,SNTG1,Unknown
10962,ENSG00000188937,NYX,Unknown
10963,ENSG00000119411,BSPRY,Non-driver
10964,ENSG00000168010,ATG16L2,Non-driver
10965,ENSG00000103310,ZP2,Unknown
10966,ENSG00000280641,CDH4,Unknown
10967,ENSG00000254415,SIGLEC14,Unknown
10968,ENSG00000263014,ATP6V1G3,Unknown
10969,ENSG00000105516,DBP,Unknown
10970,ENSG00000145384,FABP2,Unknown
10971,ENSG00000256060,TRAPPC2B,Non-driver
10972,ENSG00000128694,OSGEPL1,Non-driver
10973,ENSG00000137877,SPTBN5,Unknown
10974,ENSG00000127920,GNG11,Unknown
10975,ENSG00000164715,LMTK2,Unknown
10976,ENSG00000102897,LYRM1,Unknown
10977,ENSG00000083814,ZNF671,Non-driver
10978,ENSG00000188690,UROS,Unknown
10979,ENSG00000160868,CYP3A4,Unknown
10980,ENSG00000138131,LOXL4,Unknown
10981,ENSG00000118707,TGIF2,Unknown
10982,ENSG00000112333,NR2E1,Unknown
10983,ENSG00000205707,ETFRF1,Non-driver
10984,ENSG00000282003,TUBGCP3,Unknown
10985,ENSG00000146216,TTBK1,Non-driver
10986,ENSG00000171763,SPATA5L1,Non-driver
10987,ENSG00000129103,SUMF2,Unknown
10988,ENSG00000110245,APOC3,Unknown
10989,ENSG00000186912,P2RY4,Unknown
10990,ENSG00000185340,GAS2L1,Unknown
10991,ENSG00000183153,GJD3,Unknown
10992,ENSG00000138821,SLC39A8,Unknown
10993,ENSG00000140497,SCAMP2,Unknown
10994,ENSG00000137731,FXYD2,Unknown
10995,ENSG00000075790,BCAP29,Non-driver
10996,ENSG00000138271,GPR87,Unknown
10997,ENSG00000163607,GTPBP8,Non-driver
10998,ENSG00000132330,SCLY,Unknown
10999,ENSG00000153487,ING1,Unknown
11000,ENSG00000063761,ADCK1,Unknown
11001,ENSG00000142892,PIGK,Unknown
11002,ENSG00000006576,PHTF2,Unknown
11003,ENSG00000155463,OXA1L,Unknown
11004,ENSG00000006534,ALDH3B1,Unknown
11005,ENSG00000120094,HOXB1,Unknown
11006,ENSG00000130052,STARD8,Unknown
11007,ENSG00000178732,GP5,Unknown
11008,ENSG00000159713,TPPP3,Unknown
11009,ENSG00000139323,POC1B,Unknown
11010,ENSG00000117697,NSL1,Unknown
11011,ENSG00000172590,MRPL52,Unknown
11012,ENSG00000067842,ATP2B3,Driver
11013,ENSG00000179772,FOXS1,Unknown
11014,ENSG00000086712,TXLNG,Non-driver
11015,ENSG00000104447,TRPS1,Unknown
11016,ENSG00000127980,PEX1,Unknown
11017,ENSG00000138722,MMRN1,Unknown
11018,ENSG00000182180,MRPS16,Unknown
11019,ENSG00000176383,B3GNT4,Unknown
11020,ENSG00000181722,ZBTB20,Unknown
11021,ENSG00000139508,SLC46A3,Unknown
11022,ENSG00000176428,VPS37D,Unknown
11023,ENSG00000102125,TAZ,Unknown
11024,ENSG00000127990,SGCE,Unknown
11025,ENSG00000102302,FGD1,Unknown
11026,ENSG00000187118,CMC1,Unknown
11027,ENSG00000009335,UBE3C,Unknown
11028,ENSG00000234906,APOC2,Unknown
11029,ENSG00000180447,GAS1,Unknown
11030,ENSG00000178403,NEUROG2,Unknown
11031,ENSG00000117054,ACADM,Unknown
11032,ENSG00000137414,FAM8A1,Non-driver
11033,ENSG00000140391,TSPAN3,Unknown
11034,ENSG00000163359,COL6A3,Unknown
11035,ENSG00000005381,MPO,Driver
11036,ENSG00000109065,NAT9,Non-driver
11037,ENSG00000152580,IGSF10,Unknown
11038,ENSG00000006071,ABCC8,Unknown
11039,ENSG00000275111,ZNF2,Unknown
11040,ENSG00000016602,CLCA4,Unknown
11041,ENSG00000151834,GABRA2,Unknown
11042,ENSG00000254004,ZNF260,Unknown
11043,ENSG00000275385,CCL18,Unknown
11044,ENSG00000171130,ATP6V0E2,Unknown
11045,ENSG00000145214,DGKQ,Unknown
11046,ENSG00000140937,CDH11,Driver
11047,ENSG00000140284,SLC27A2,Unknown
11048,ENSG00000102195,GPR50,Unknown
11049,ENSG00000183856,IQGAP3,Non-driver
11050,,TMEM246,Non-driver
11051,ENSG00000203747,FCGR3A,Unknown
11052,ENSG00000188266,HYKK,Non-driver
11053,ENSG00000165609,NUDT5,Non-driver
11054,ENSG00000059377,TBXAS1,Unknown
11055,ENSG00000119013,NDUFB3,Unknown
11056,ENSG00000086205,FOLH1,Driver
11057,,TSTA3,Unknown
11058,ENSG00000145736,GTF2H2,Unknown
11059,ENSG00000100678,SLC8A3,Non-driver
11060,ENSG00000240303,ACAD11,Unknown
11061,ENSG00000054983,GALC,Unknown
11062,ENSG00000288399,KCTD11,Unknown
11063,ENSG00000126391,FRMD8,Non-driver
11064,ENSG00000284752,GMPR2,Unknown
11065,ENSG00000144895,EIF2A,Unknown
11066,ENSG00000148634,HERC4,Non-driver
11067,ENSG00000182362,YBEY,Unknown
11068,ENSG00000197724,PHF2,Unknown
11069,ENSG00000103066,PLA2G15,Non-driver
11070,ENSG00000244274,DBNDD2,Unknown
11071,ENSG00000088881,EBF4,Unknown
11072,ENSG00000185480,PARPBP,Non-driver
11073,ENSG00000240021,TEX35,Non-driver
11074,ENSG00000157388,CACNA1D,Driver
11075,ENSG00000256223,ZNF10,Unknown
11076,ENSG00000134575,ACP2,Unknown
11077,ENSG00000013563,DNASE1L1,Unknown
11078,ENSG00000101958,GLRA2,Unknown
11079,ENSG00000167522,ANKRD11,Unknown
11080,ENSG00000157869,RAB28,Unknown
11081,ENSG00000134716,CYP2J2,Unknown
11082,ENSG00000137563,GGH,Unknown
11083,ENSG00000172172,MRPL13,Unknown
11084,ENSG00000152782,PANK1,Unknown
11085,ENSG00000198918,RPL39,Unknown
11086,ENSG00000184005,ST6GALNAC3,Unknown
11087,ENSG00000131096,PYY,Unknown
11088,,HIST1H2BJ,Unknown
11089,ENSG00000170275,CRTAP,Unknown
11090,ENSG00000174840,PDE12,Unknown
11091,ENSG00000163508,EOMES,Unknown
11092,ENSG00000169490,TM2D2,Unknown
11093,ENSG00000109158,GABRA4,Unknown
11094,ENSG00000107020,PLGRKT,Non-driver
11095,ENSG00000176720,BOK,Unknown
11096,ENSG00000006377,DLX6,Unknown
11097,ENSG00000215045,GRID2IP,Non-driver
11098,ENSG00000143443,C1orf56,Non-driver
11099,ENSG00000135870,RC3H1,Unknown
11100,ENSG00000160746,ANO10,Unknown
11101,ENSG00000250722,SELENOP,Unknown
11102,ENSG00000237693,IRGM,Unknown
11103,ENSG00000179431,FJX1,Unknown
11104,ENSG00000104901,DKKL1,Unknown
11105,ENSG00000125414,MYH2,Unknown
11106,ENSG00000112486,CCR6,Unknown
11107,ENSG00000183778,B3GALT5,Unknown
11108,ENSG00000198342,ZNF442,Non-driver
11109,ENSG00000165496,RPL10L,Non-driver
11110,ENSG00000095596,CYP26A1,Unknown
11111,ENSG00000173848,NET1,Unknown
11112,ENSG00000158604,TMED4,Unknown
11113,ENSG00000108306,FBXL20,Unknown
11114,ENSG00000140534,TICRR,Non-driver
11115,ENSG00000105672,ETV2,Unknown
11116,ENSG00000147408,CSGALNACT1,Unknown
11117,ENSG00000277354,CRIM1,Unknown
11118,ENSG00000265203,RBP3,Unknown
11119,ENSG00000166111,SVOP,Unknown
11120,ENSG00000124767,GLO1,Unknown
11121,ENSG00000103460,TOX3,Driver
11122,ENSG00000075673,ATP12A,Unknown
11123,ENSG00000176533,GNG7,Non-driver
11124,ENSG00000104368,PLAT,Unknown
11125,ENSG00000136856,SLC2A8,Unknown
11126,ENSG00000273494,PANK4,Unknown
11127,ENSG00000166272,WBP1L,Non-driver
11128,ENSG00000162520,SYNC,Non-driver
11129,ENSG00000141540,TTYH2,Unknown
11130,ENSG00000180090,OR3A1,Non-driver
11131,ENSG00000100997,ABHD12,Unknown
11132,ENSG00000184903,IMMP2L,Unknown
11133,ENSG00000070669,ASNS,Unknown
11134,ENSG00000122482,ZNF644,Unknown
11135,ENSG00000131373,HACL1,Unknown
11136,ENSG00000113805,CNTN3,Unknown
11137,ENSG00000089050,RBBP9,Unknown
11138,ENSG00000203797,DDO,Unknown
11139,ENSG00000072840,EVC,Unknown
11140,ENSG00000170468,RIOX1,Unknown
11141,ENSG00000130294,KIF1A,Unknown
11142,ENSG00000123213,NLN,Unknown
11143,ENSG00000205863,C1QTNF9B,Unknown
11144,,ELMSAN1,Non-driver
11145,ENSG00000135164,DMTF1,Unknown
11146,ENSG00000065613,SLK,Unknown
11147,,HIST1H2AA,Non-driver
11148,ENSG00000119844,AFTPH,Non-driver
11149,ENSG00000126773,PCNX4,Unknown
11150,ENSG00000160182,TFF1,Driver
11151,ENSG00000121904,CSMD2,Unknown
11152,ENSG00000187240,DYNC2H1,Unknown
11153,ENSG00000214021,TTLL3,Non-driver
11154,ENSG00000108576,SLC6A4,Unknown
11155,ENSG00000167549,CORO6,Non-driver
11156,ENSG00000186310,NAP1L3,Unknown
11157,ENSG00000100626,GALNT16,Unknown
11158,ENSG00000166716,ZNF592,Unknown
11159,ENSG00000184428,TOP1MT,Unknown
11160,ENSG00000142973,CYP4B1,Unknown
11161,ENSG00000197629,MPEG1,Unknown
11162,ENSG00000278767,SERPINA10,Unknown
11163,ENSG00000084636,COL16A1,Unknown
11164,ENSG00000122674,CCZ1,Non-driver
11165,ENSG00000174669,SLC29A2,Unknown
11166,ENSG00000144026,ZNF514,Non-driver
11167,ENSG00000135390,ATP5MC2,Non-driver
11168,ENSG00000147862,NFIB,Driver
11169,ENSG00000188338,SLC38A3,Unknown
11170,ENSG00000144231,POLR2D,Unknown
11171,ENSG00000164308,ERAP2,Unknown
11172,ENSG00000213047,DENND1B,Unknown
11173,ENSG00000219438,TAFA5,Non-driver
11174,ENSG00000168393,DTYMK,Unknown
11175,ENSG00000174177,CTU2,Unknown
11176,ENSG00000123612,ACVR1C,Unknown
11177,ENSG00000131446,MGAT1,Unknown
11178,ENSG00000257446,ZNF878,Non-driver
11179,ENSG00000076706,MCAM,Unknown
11180,ENSG00000180113,TDRD6,Unknown
11181,ENSG00000178201,VN1R1,Unknown
11182,ENSG00000174915,PTDSS2,Unknown
11183,ENSG00000182141,ZNF708,Non-driver
11184,ENSG00000278608,MAMDC2,Unknown
11185,ENSG00000164299,SPZ1,Unknown
11186,ENSG00000154240,CEP112,Non-driver
11187,ENSG00000122574,WIPF3,Unknown
11188,ENSG00000187446,CHP1,Non-driver
11189,ENSG00000138756,BMP2K,Unknown
11190,ENSG00000106331,PAX4,Unknown
11191,ENSG00000085721,RRN3,Unknown
11192,ENSG00000108242,CYP2C18,Unknown
11193,ENSG00000159164,SV2A,Unknown
11194,ENSG00000105552,BCAT2,Unknown
11195,ENSG00000205307,SAP25,Non-driver
11196,ENSG00000152595,MEPE,Unknown
11197,ENSG00000167930,FAM234A,Non-driver
11198,ENSG00000101825,MXRA5,Unknown
11199,ENSG00000137672,TRPC6,Unknown
11200,ENSG00000166821,PEX11A,Unknown
11201,ENSG00000151892,GFRA1,Unknown
11202,ENSG00000166401,SERPINB8,Unknown
11203,ENSG00000275181,GPR20,Unknown
11204,ENSG00000177225,GATD1,Non-driver
11205,ENSG00000168300,PCMTD1,Non-driver
11206,ENSG00000147257,GPC3,Driver
11207,ENSG00000162931,TRIM17,Non-driver
11208,ENSG00000177951,BET1L,Unknown
11209,ENSG00000146904,EPHA1,Unknown
11210,ENSG00000106617,PRKAG2,Unknown
11211,ENSG00000006283,CACNA1G,Unknown
11212,ENSG00000120500,ARR3,Unknown
11213,,GUCA1A,Unknown
11214,ENSG00000019505,SYT13,Unknown
11215,ENSG00000155287,SLC25A28,Unknown
11216,ENSG00000136643,RPS6KC1,Unknown
11217,ENSG00000139725,RHOF,Non-driver
11218,ENSG00000170364,SETMAR,Unknown
11219,ENSG00000204963,PCDHA7,Unknown
11220,ENSG00000172269,DPAGT1,Unknown
11221,ENSG00000139083,ETV6,Driver
11222,ENSG00000095752,IL11,Unknown
11223,ENSG00000112110,MRPL18,Unknown
11224,ENSG00000169418,NPR1,Unknown
11225,ENSG00000105258,POLR2I,Unknown
11226,ENSG00000048544,MRPS10,Unknown
11227,ENSG00000115607,IL18RAP,Unknown
11228,ENSG00000183878,UTY,Unknown
11229,ENSG00000160957,RECQL4,Driver
11230,ENSG00000111241,FGF6,Unknown
11231,ENSG00000153107,ANAPC1,Non-driver
11232,ENSG00000196284,SUPT3H,Unknown
11233,ENSG00000136492,BRIP1,Driver
11234,ENSG00000168487,BMP1,Unknown
11235,ENSG00000144827,ABHD10,Non-driver
11236,ENSG00000120242,IFNA8,Unknown
11237,ENSG00000113600,C9,Unknown
11238,,HIST1H2BK,Unknown
11239,ENSG00000233816,IFNA13,Unknown
11240,ENSG00000197919,IFNA1,Unknown
11241,ENSG00000075213,SEMA3A,Unknown
11242,ENSG00000167186,COQ7,Unknown
11243,ENSG00000104976,SNAPC2,Unknown
11244,ENSG00000036828,CASR,Unknown
11245,ENSG00000204086,RPA4,Unknown
11246,ENSG00000110200,ANAPC15,Unknown
11247,ENSG00000145839,IL9,Unknown
11248,ENSG00000124334,IL9R,Unknown
11249,ENSG00000102678,FGF9,Unknown
11250,ENSG00000129055,ANAPC13,Unknown
11251,ENSG00000147873,IFNA5,Unknown
11252,ENSG00000171855,IFNB1,Unknown
11253,ENSG00000186895,FGF3,Unknown
11254,ENSG00000114861,FOXP1,Driver
11255,ENSG00000081026,MAGI3,Unknown
11256,ENSG00000105287,PRKD2,Unknown
11257,ENSG00000119973,PRLHR,Non-driver
11258,ENSG00000144596,GRIP2,Non-driver
11259,ENSG00000069020,MAST4,Unknown
11260,ENSG00000183479,TREX2,Unknown
11261,ENSG00000175175,PPM1E,Non-driver
11262,ENSG00000144455,SUMF1,Unknown
11263,ENSG00000198964,SGMS1,Unknown
11264,ENSG00000261150,EPPK1,Unknown
11265,ENSG00000125844,RRBP1,Unknown
11266,ENSG00000144407,PTH2R,Non-driver
11267,ENSG00000113396,SLC27A6,Non-driver
11268,ENSG00000185238,PRMT3,Non-driver
11269,ENSG00000183291,SELENOF,Unknown
11270,ENSG00000144048,DUSP11,Unknown
11271,ENSG00000079393,DUSP13,Unknown
11272,ENSG00000284835,DEFA3,Non-driver
11273,ENSG00000130640,TUBGCP2,Unknown
11274,ENSG00000183638,RP1L1,Unknown
11275,ENSG00000130234,ACE2,Unknown
11276,ENSG00000266200,PNLIPRP2,Unknown
11277,ENSG00000114113,RBP2,Unknown
11278,ENSG00000121207,LRAT,Unknown
11279,ENSG00000171864,PRND,Unknown
11280,ENSG00000183395,PMCH,Unknown
11281,ENSG00000125851,PCSK2,Unknown
11282,ENSG00000130635,COL5A1,Unknown
11283,ENSG00000170743,SYT9,Unknown
11284,ENSG00000168952,STXBP6,Unknown
11285,ENSG00000021852,C8B,Unknown
11286,ENSG00000266964,FXYD1,Unknown
11287,ENSG00000203710,CR1,Unknown
11288,ENSG00000204983,PRSS1,Unknown
11289,ENSG00000088926,F11,Unknown
11290,ENSG00000106624,AEBP1,Unknown
11291,ENSG00000070748,CHAT,Unknown
11292,ENSG00000128791,TWSG1,Unknown
11293,ENSG00000159723,AGRP,Unknown
11294,ENSG00000165195,PIGA,Unknown
11295,ENSG00000100564,PIGH,Unknown
11296,ENSG00000127129,EDN2,Unknown
11297,ENSG00000092009,CMA1,Unknown
11298,ENSG00000132561,MATN2,Unknown
11299,ENSG00000167103,PIP5KL1,Unknown
11300,ENSG00000134247,PTGFRN,Unknown
11301,ENSG00000134489,HRH4,Unknown
11302,ENSG00000150681,RGS18,Non-driver
11303,ENSG00000107518,ATRNL1,Unknown
11304,ENSG00000117322,CR2,Unknown
11305,ENSG00000036473,OTC,Unknown
11306,ENSG00000129910,CDH15,Unknown
11307,ENSG00000204262,COL5A2,Unknown
11308,ENSG00000003436,TFPI,Unknown
11309,ENSG00000139610,CELA1,Unknown
11310,ENSG00000124159,MATN4,Unknown
11311,ENSG00000132031,MATN3,Unknown
11312,ENSG00000108963,DPH1,Unknown
11313,ENSG00000004468,CD38,Unknown
11314,ENSG00000127311,HELB,Unknown
11315,ENSG00000135074,ADAM19,Unknown
11316,ENSG00000172238,ATOH1,Unknown
11317,ENSG00000101680,LAMA1,Unknown
11318,ENSG00000242441,GTF2A1L,Unknown
11319,ENSG00000113100,CDH9,Unknown
11320,ENSG00000223496,EXOSC6,Unknown
11321,ENSG00000146938,NLGN4X,Non-driver
11322,ENSG00000211896,IGHG1,Unknown
11323,ENSG00000176406,RIMS2,Unknown
11324,ENSG00000073849,ST6GAL1,Non-driver
11325,ENSG00000081138,CDH7,Unknown
11326,ENSG00000113361,CDH6,Unknown
11327,ENSG00000023839,ABCC2,Unknown
11328,ENSG00000185252,ZNF74,Unknown
11329,ENSG00000143196,DPT,Unknown
11330,ENSG00000198785,GRIN3A,Unknown
11331,ENSG00000131183,SLC34A1,Unknown
11332,ENSG00000161513,FDXR,Unknown
11333,ENSG00000197467,COL13A1,Unknown
11334,ENSG00000122367,LDB3,Unknown
11335,ENSG00000196371,FUT4,Unknown
11336,ENSG00000142185,TRPM2,Unknown
11337,ENSG00000164574,GALNT10,Unknown
11338,ENSG00000087237,CETP,Unknown
11339,ENSG00000205916,DAZ4,Non-driver
11340,ENSG00000112234,FBXL4,Unknown
11341,ENSG00000040731,CDH10,Driver
11342,ENSG00000167642,SPINT2,Driver
11343,ENSG00000114270,COL7A1,Unknown
11344,ENSG00000148702,HABP2,Unknown
11345,ENSG00000134760,DSG1,Unknown
11346,ENSG00000099769,IGFALS,Unknown
11347,ENSG00000186340,THBS2,Unknown
11348,ENSG00000010818,HIVEP2,Unknown
11349,ENSG00000159496,RGL4,Unknown
11350,ENSG00000100060,MFNG,Unknown
11351,ENSG00000106003,LFNG,Unknown
11352,ENSG00000130988,RGN,Unknown
11353,,FAM57A,Unknown
11354,ENSG00000010072,SPRTN,Unknown
11355,ENSG00000182240,BACE2,Unknown
11356,ENSG00000111785,RIC8B,Unknown
11357,ENSG00000103495,MAZ,Unknown
11358,ENSG00000149575,SCN2B,Unknown
11359,ENSG00000166947,EPB42,Unknown
11360,ENSG00000120903,CHRNA2,Unknown
11361,ENSG00000221946,FXYD7,Unknown
11362,ENSG00000282049,PRSS2,Unknown
11363,ENSG00000196526,AFAP1,Unknown
11364,ENSG00000197614,MFAP5,Unknown
11365,ENSG00000058085,LAMC2,Unknown
11366,ENSG00000048028,USP28,Unknown
11367,ENSG00000126746,ZNF384,Driver
11368,ENSG00000177103,DSCAML1,Unknown
11369,ENSG00000116962,NID1,Unknown
11370,ENSG00000146276,GABRR1,Unknown
11371,ENSG00000186583,SPATC1,Unknown
11372,ENSG00000204084,INPP5B,Unknown
11373,ENSG00000108830,RND2,Unknown
11374,ENSG00000042832,TG,Driver
11375,ENSG00000107789,MINPP1,Unknown
11376,ENSG00000277445,CPEB1,Unknown
11377,ENSG00000197375,SLC22A5,Unknown
11378,ENSG00000197208,SLC22A4,Unknown
11379,ENSG00000084453,SLCO1A2,Non-driver
11380,ENSG00000064205,CCN5,Non-driver
11381,ENSG00000160349,LCN1,Unknown
11382,ENSG00000090382,LYZ,Unknown
11383,ENSG00000100031,GGT1,Unknown
11384,ENSG00000077984,CST7,Unknown
11385,ENSG00000196104,SPOCK3,Unknown
11386,ENSG00000107742,SPOCK2,Unknown
11387,ENSG00000160963,COL26A1,Non-driver
11388,ENSG00000186998,EMID1,Non-driver
11389,ENSG00000126562,WNK4,Unknown
11390,ENSG00000070915,SLC12A3,Unknown
11391,ENSG00000050438,SLC4A8,Unknown
11392,ENSG00000109861,CTSC,Unknown
11393,ENSG00000115386,REG1A,Unknown
11394,ENSG00000172016,REG3A,Non-driver
11395,ENSG00000179403,VWA1,Unknown
11396,ENSG00000148926,ADM,Unknown
11397,ENSG00000078401,EDN1,Driver
11398,ENSG00000173171,MTX1,Unknown
11399,ENSG00000145730,PAM,Unknown
11400,ENSG00000121236,TRIM6,Unknown
11401,ENSG00000125834,STK35,Unknown
11402,ENSG00000104415,CCN4,Non-driver
11403,ENSG00000142156,COL6A1,Unknown
11404,ENSG00000162510,MATN1,Unknown
11405,ENSG00000030304,MUSK,Unknown
11406,ENSG00000170498,KISS1,Unknown
11407,ENSG00000105880,DLX5,Unknown
11408,ENSG00000128872,TMOD2,Unknown
11409,ENSG00000171199,OPRPN,Non-driver
11410,ENSG00000121552,CSTA,Unknown
11411,ENSG00000140465,CYP1A1,Driver
11412,ENSG00000171533,MAP6,Unknown
11413,ENSG00000145864,GABRB2,Unknown
11414,ENSG00000115993,TRAK2,Unknown
11415,ENSG00000182256,GABRG3,Unknown
11416,ENSG00000131089,ARHGEF9,Unknown
11417,ENSG00000187955,COL14A1,Unknown
11418,ENSG00000196767,POU3F4,Unknown
11419,ENSG00000157152,SYN2,Unknown
11420,ENSG00000185666,SYN3,Unknown
11421,ENSG00000159197,KCNE2,Unknown
11422,ENSG00000188783,PRELP,Unknown
11423,ENSG00000151704,KCNJ1,Unknown
11424,ENSG00000054967,RELT,Unknown
11425,ENSG00000198502,HLA-DRB5,Unknown
11426,ENSG00000167635,ZNF146,Unknown
11427,ENSG00000080573,COL5A3,Unknown
11428,ENSG00000109471,IL2,Driver
11429,ENSG00000087494,PTHLH,Driver
11430,ENSG00000027644,INSRR,Unknown
11431,ENSG00000132692,BCAN,Unknown
11432,ENSG00000263290,SCAMP3,Unknown
11433,ENSG00000171209,CSN3,Unknown
11434,ENSG00000169676,DRD5,Unknown
11435,ENSG00000099866,MADCAM1,Non-driver
11436,ENSG00000261701,HPR,Unknown
11437,ENSG00000088320,REM1,Unknown
11438,ENSG00000143590,EFNA3,Unknown
11439,ENSG00000159640,ACE,Unknown
11440,ENSG00000120708,TGFBI,Unknown
11441,ENSG00000163141,BNIPL,Unknown
11442,ENSG00000104537,ANXA13,Non-driver
11443,ENSG00000175564,UCP3,Unknown
11444,,C1orf61,Non-driver
11445,ENSG00000041982,TNC,Driver
11446,ENSG00000164588,HCN1,Unknown
11447,ENSG00000123066,MED13L,Unknown
11448,ENSG00000176909,MAMSTR,Unknown
11449,ENSG00000187688,TRPV2,Unknown
11450,ENSG00000196689,TRPV1,Unknown
11451,ENSG00000164117,FBXO8,Unknown
11452,ENSG00000141665,FBXO15,Unknown
11453,ENSG00000147255,IGSF1,Unknown
11454,ENSG00000156671,SAMD8,Unknown
11455,ENSG00000206073,SERPINB4,Unknown
11456,ENSG00000163131,CTSS,Unknown
11457,ENSG00000126838,PZP,Unknown
11458,ENSG00000182742,HOXB4,Unknown
11459,ENSG00000285121,MTCH2,Unknown
11460,ENSG00000272398,CD24,Unknown
11461,ENSG00000177879,AP3S1,Unknown
11462,ENSG00000105376,ICAM5,Unknown
11463,ENSG00000112280,COL9A1,Unknown
11464,ENSG00000160013,PTGIR,Unknown
11465,ENSG00000276613,MUC4,Driver
11466,ENSG00000073754,CD5L,Unknown
11467,ENSG00000136381,IREB2,Unknown
11468,ENSG00000178473,UCN3,Non-driver
11469,ENSG00000198252,STYX,Unknown
11470,ENSG00000126759,CFP,Non-driver
11471,ENSG00000082258,CCNT2,Unknown
11472,ENSG00000169131,ZNF354A,Non-driver
11473,ENSG00000134765,DSC1,Unknown
11474,ENSG00000138769,CDKL2,Unknown
11475,ENSG00000116353,MECR,Unknown
11476,ENSG00000152208,GRID2,Unknown
11477,ENSG00000105929,ATP6V0A4,Unknown
11478,ENSG00000105825,TFPI2,Unknown
11479,ENSG00000187848,P2RX2,Unknown
11480,ENSG00000179142,CYP11B2,Unknown
11481,ENSG00000241484,ARHGAP8,Unknown
11482,ENSG00000100234,TIMP3,Unknown
11483,ENSG00000116183,PAPPA2,Non-driver
11484,ENSG00000117122,MFAP2,Unknown
11485,ENSG00000166402,TUB,Unknown
11486,ENSG00000182752,PAPPA,Unknown
11487,ENSG00000169213,RAB3B,Unknown
11488,ENSG00000280706,REXO4,Unknown
11489,ENSG00000116117,PARD3B,Non-driver
11490,ENSG00000144355,DLX1,Unknown
11491,ENSG00000103811,CTSH,Unknown
11492,ENSG00000168539,CHRM1,Unknown
11493,ENSG00000185668,POU3F1,Unknown
11494,ENSG00000170430,MGMT,Driver
11495,ENSG00000111783,RFX4,Unknown
11496,ENSG00000105695,MAG,Unknown
11497,ENSG00000138496,PARP9,Unknown
11498,ENSG00000112599,GUCA1B,Unknown
11499,ENSG00000203668,CHML,Unknown
11500,ENSG00000108961,RANGRF,Unknown
11501,ENSG00000166816,LDHD,Unknown
11502,ENSG00000100979,PLTP,Unknown
11503,ENSG00000141086,CTRL,Unknown
11504,ENSG00000105371,ICAM4,Unknown
11505,ENSG00000213918,DNASE1,Unknown
11506,ENSG00000187244,BCAM,Non-driver
11507,ENSG00000135622,SEMA4F,Non-driver
11508,ENSG00000174611,KY,Unknown
11509,ENSG00000274619,CFD,Unknown
11510,ENSG00000185313,SCN10A,Unknown
11511,ENSG00000155897,ADCY8,Unknown
11512,ENSG00000072315,TRPC5,Unknown
11513,ENSG00000240771,ARHGEF25,Unknown
11514,ENSG00000104880,ARHGEF18,Unknown
11515,ENSG00000145681,HAPLN1,Unknown
11516,ENSG00000163888,CAMK2N2,Unknown
11517,ENSG00000168263,KCNV2,Unknown
11518,ENSG00000062598,ELMO2,Unknown
11519,ENSG00000069424,KCNAB2,Unknown
11520,ENSG00000169282,KCNAB1,Unknown
11521,ENSG00000170890,PLA2G1B,Unknown
11522,ENSG00000173432,SAA1,Unknown
11523,ENSG00000137872,SEMA6D,Unknown
11524,ENSG00000114554,PLXNA1,Unknown
11525,ENSG00000118263,KLF7,Unknown
11526,ENSG00000123843,C4BPB,Unknown
11527,ENSG00000005243,COPZ2,Unknown
11528,ENSG00000131771,PPP1R1B,Non-driver
11529,ENSG00000285456,LTB4R,Unknown
11530,ENSG00000198049,AVPR1B,Unknown
11531,ENSG00000165462,PHOX2A,Unknown
11532,ENSG00000103145,HCFC1R1,Non-driver
11533,ENSG00000196517,SLC6A9,Unknown
11534,ENSG00000111886,GABRR2,Unknown
11535,ENSG00000188419,CHM,Unknown
11536,ENSG00000158985,CDC42SE2,Non-driver
11537,ENSG00000137103,TMEM8B,Unknown
11538,,GRASP,Unknown
11539,ENSG00000186795,KCNK18,Unknown
11540,ENSG00000182771,GRID1,Unknown
11541,ENSG00000114646,CSPG5,Unknown
11542,ENSG00000134184,GSTM1,Unknown
11543,ENSG00000129214,SHBG,Driver
11544,ENSG00000167749,KLK4,Unknown
11545,ENSG00000145526,CDH18,Unknown
11546,ENSG00000071991,CDH19,Unknown
11547,ENSG00000063438,AHRR,Unknown
11548,ENSG00000110697,PITPNM1,Non-driver
11549,ENSG00000285346,CTRB1,Unknown
11550,ENSG00000164418,GRIK2,Unknown
11551,ENSG00000005421,PON1,Unknown
11552,ENSG00000134757,DSG3,Unknown
11553,ENSG00000141298,SSH2,Unknown
11554,ENSG00000162461,SLC25A34,Unknown
11555,ENSG00000175920,DOK7,Unknown
11556,ENSG00000124102,PI3,Unknown
11557,ENSG00000187682,ERAS,Non-driver
11558,ENSG00000113249,HAVCR1,Unknown
11559,ENSG00000154330,PGM5,Unknown
11560,ENSG00000164816,DEFA5,Unknown
11561,ENSG00000171303,KCNK3,Unknown
11562,ENSG00000166035,LIPC,Unknown
11563,ENSG00000150281,CTF1,Unknown
11564,ENSG00000158815,FGF17,Unknown
11565,ENSG00000182871,COL18A1,Unknown
11566,ENSG00000170502,NUDT9,Non-driver
11567,ENSG00000154080,CHST9,Unknown
11568,ENSG00000145777,TSLP,Unknown
11569,ENSG00000054179,ENTPD2,Unknown
11570,ENSG00000006652,IFRD1,Unknown
11571,ENSG00000162747,FCGR3B,Unknown
11572,ENSG00000112936,C7,Unknown
11573,ENSG00000169836,TACR3,Unknown
11574,ENSG00000168056,LTBP3,Unknown
11575,ENSG00000169385,RNASE2,Unknown
11576,ENSG00000138435,CHRNA1,Unknown
11577,ENSG00000164619,BMPER,Unknown
11578,ENSG00000014824,SLC30A9,Unknown
11579,ENSG00000124157,SEMG2,Unknown
11580,ENSG00000146477,SLC22A3,Unknown
11581,ENSG00000154734,ADAMTS1,Unknown
11582,ENSG00000038295,TLL1,Unknown
11583,ENSG00000111341,MGP,Unknown
11584,ENSG00000163536,SERPINI1,Unknown
11585,ENSG00000095303,PTGS1,Unknown
11586,ENSG00000106031,HOXA13,Driver
11587,ENSG00000128714,HOXD13,Driver
11588,,MARCH4,Unknown
11589,ENSG00000183696,UPP1,Unknown
11590,ENSG00000118520,ARG1,Unknown
11591,ENSG00000155858,LSM11,Unknown
11592,ENSG00000176020,AMIGO3,Unknown
11593,ENSG00000127533,F2RL3,Unknown
11594,ENSG00000171587,DSCAM,Unknown
11595,ENSG00000184588,PDE4B,Unknown
11596,ENSG00000169306,IL1RAPL1,Unknown
11597,ENSG00000163064,EN1,Unknown
11598,ENSG00000135845,PIGC,Unknown
11599,ENSG00000102924,CBLN1,Non-driver
11600,ENSG00000139899,CBLN3,Unknown
11601,ENSG00000047457,CP,Unknown
11602,ENSG00000110756,HPS5,Unknown
11603,ENSG00000179862,CITED4,Unknown
11604,ENSG00000175189,INHBC,Unknown
11605,ENSG00000185972,CCIN,Unknown
11606,ENSG00000184156,KCNQ3,Unknown
11607,ENSG00000117013,KCNQ4,Unknown
11608,ENSG00000126266,FFAR1,Unknown
11609,ENSG00000136816,TOR1B,Unknown
11610,ENSG00000168878,SFTPB,Unknown
11611,ENSG00000160613,PCSK7,Unknown
11612,ENSG00000168065,SLC22A11,Unknown
11613,ENSG00000001617,SEMA3F,Unknown
11614,ENSG00000164889,SLC4A2,Unknown
11615,ENSG00000169902,TPST1,Unknown
11616,ENSG00000174600,CMKLR1,Unknown
11617,ENSG00000128294,TPST2,Unknown
11618,ENSG00000156103,MMP16,Unknown
11619,ENSG00000143669,LYST,Unknown
11620,ENSG00000254550,OMP,Unknown
11621,ENSG00000175336,APOF,Unknown
11622,ENSG00000282291,SLC39A11,Unknown
11623,ENSG00000276858,FCAR,Unknown
11624,ENSG00000278533,OSCAR,Unknown
11625,ENSG00000160882,CYP11B1,Unknown
11626,ENSG00000119669,IRF2BPL,Unknown
11627,ENSG00000151164,RAD9B,Unknown
11628,,CARS,Driver
11629,ENSG00000166206,GABRB3,Unknown
11630,ENSG00000203722,RAET1G,Non-driver
11631,ENSG00000111981,ULBP1,Unknown
11632,ENSG00000077327,SPAG6,Unknown
11633,ENSG00000125910,S1PR4,Unknown
11634,ENSG00000148154,UGCG,Unknown
11635,ENSG00000083807,SLC27A5,Unknown
11636,ENSG00000121743,GJA3,Unknown
11637,ENSG00000119888,EPCAM,Unknown
11638,ENSG00000121764,HCRTR1,Unknown
11639,ENSG00000111537,IFNG,Unknown
11640,ENSG00000099953,MMP11,Unknown
11641,ENSG00000163431,LMOD1,Unknown
11642,ENSG00000143162,CREG1,Unknown
11643,ENSG00000196878,LAMB3,Unknown
11644,ENSG00000163794,UCN,Unknown
11645,ENSG00000125966,MMP24,Non-driver
11646,ENSG00000106086,PLEKHA8,Unknown
11647,ENSG00000115159,GPD2,Unknown
11648,ENSG00000162437,RAVER2,Unknown
11649,ENSG00000160321,ZNF208,Unknown
11650,ENSG00000022355,GABRA1,Unknown
11651,ENSG00000179546,HTR1D,Unknown
11652,ENSG00000165215,CLDN3,Unknown
11653,ENSG00000164284,GRPEL2,Non-driver
11654,ENSG00000170367,CST5,Unknown
11655,ENSG00000274542,CHRNA7,Unknown
11656,ENSG00000124570,SERPINB6,Unknown
11657,ENSG00000050767,COL23A1,Unknown
11658,ENSG00000116996,ZP4,Unknown
11659,ENSG00000101246,ARFRP1,Unknown
11660,ENSG00000144278,GALNT13,Unknown
11661,ENSG00000139574,NPFF,Non-driver
11662,ENSG00000073711,PPP2R3A,Non-driver
11663,ENSG00000139220,PPFIA2,Unknown
11664,ENSG00000196277,GRM7,Unknown
11665,ENSG00000124493,GRM4,Unknown
11666,ENSG00000113262,GRM6,Unknown
11667,ENSG00000185974,GRK1,Unknown
11668,ENSG00000038002,AGA,Unknown
11669,ENSG00000092929,UNC13D,Unknown
11670,ENSG00000163286,ALPG,Non-driver
11671,ENSG00000135740,SLC9A5,Unknown
11672,ENSG00000136160,EDNRB,Unknown
11673,ENSG00000158528,PPP1R9A,Unknown
11674,ENSG00000272636,DOC2B,Unknown
11675,ENSG00000187961,KLHL17,Non-driver
11676,ENSG00000162139,NEU3,Unknown
11677,ENSG00000182346,DAOA,Unknown
11678,ENSG00000167346,MMP26,Unknown
11679,ENSG00000274129,TSEN34,Unknown
11680,ENSG00000213199,ASIC3,Non-driver
11681,ENSG00000276068,NAIP,Non-driver
11682,ENSG00000169992,NLGN2,Unknown
11683,ENSG00000116774,OLFML3,Unknown
11684,ENSG00000100883,SRP54,Unknown
11685,ENSG00000122224,LY9,Unknown
11686,ENSG00000131269,ABCB7,Unknown
11687,ENSG00000116032,GRIN3B,Unknown
11688,ENSG00000133937,GSC,Unknown
11689,ENSG00000100359,SGSM3,Unknown
11690,ENSG00000137709,POU2F3,Unknown
11691,ENSG00000124568,SLC17A1,Unknown
11692,ENSG00000213402,PTPRCAP,Unknown
11693,ENSG00000132205,EMILIN2,Non-driver
11694,ENSG00000159212,CLIC6,Unknown
11695,ENSG00000122735,DNAI1,Unknown
11696,ENSG00000197632,SERPINB2,Unknown
11697,ENSG00000169575,VPREB1,Unknown
11698,ENSG00000163581,SLC2A2,Unknown
11699,ENSG00000079335,CDC14A,Unknown
11700,ENSG00000115616,SLC9A2,Unknown
11701,ENSG00000171126,KCNG3,Unknown
11702,ENSG00000049089,COL9A2,Unknown
11703,ENSG00000115596,WNT6,Unknown
11704,ENSG00000168418,KCNG4,Unknown
11705,ENSG00000108684,ASIC2,Non-driver
11706,ENSG00000086848,ALG9,Unknown
11707,ENSG00000146070,PLA2G7,Unknown
11708,ENSG00000198691,ABCA4,Unknown
11709,ENSG00000122176,FMOD,Unknown
11710,ENSG00000143869,GDF7,Unknown
11711,ENSG00000105668,UPK1A,Unknown
11712,ENSG00000115112,TFCP2L1,Unknown
11713,ENSG00000144837,PLA1A,Unknown
11714,ENSG00000103723,AP3B2,Unknown
11715,ENSG00000135617,PRADC1,Non-driver
11716,ENSG00000196954,CASP4,Unknown
11717,ENSG00000095397,WHRN,Unknown
11718,ENSG00000185437,SH3BGR,Unknown
11719,ENSG00000153246,PLA2R1,Unknown
11720,ENSG00000169340,PDILT,Non-driver
11721,ENSG00000142173,COL6A2,Unknown
11722,ENSG00000165970,SLC6A5,Unknown
11723,ENSG00000164953,TMEM67,Unknown
11724,ENSG00000163285,GABRG1,Unknown
11725,ENSG00000152932,RAB3C,Unknown
11726,ENSG00000157150,TIMP4,Unknown
11727,ENSG00000064666,CNN2,Unknown
11728,ENSG00000120068,HOXB8,Unknown
11729,ENSG00000106341,PPP1R17,Non-driver
11730,ENSG00000060718,COL11A1,Unknown
11731,ENSG00000179914,ITLN1,Unknown
11732,ENSG00000124257,NEURL2,Non-driver
11733,ENSG00000150394,CDH8,Unknown
11734,ENSG00000105996,HOXA2,Unknown
11735,ENSG00000005073,HOXA11,Driver
11736,ENSG00000264424,MYH4,Unknown
11737,ENSG00000133454,MYO18B,Unknown
11738,ENSG00000109424,UCP1,Unknown
11739,ENSG00000123838,C4BPA,Unknown
11740,ENSG00000166033,HTRA1,Unknown
11741,ENSG00000170425,ADORA2B,Unknown
11742,ENSG00000125798,FOXA2,Unknown
11743,ENSG00000164778,EN2,Unknown
11744,ENSG00000081842,PCDHA6,Unknown
11745,ENSG00000104899,AMH,Unknown
11746,ENSG00000163382,NAXE,Unknown
11747,ENSG00000112293,GPLD1,Unknown
11748,ENSG00000147437,GNRH1,Unknown
11749,ENSG00000134443,GRP,Driver
11750,,ELOA3,Non-driver
11751,ENSG00000104918,RETN,Unknown
11752,ENSG00000164061,BSN,Unknown
11753,ENSG00000134265,NAPG,Unknown
11754,ENSG00000135902,CHRND,Unknown
11755,ENSG00000129744,ART1,Unknown
11756,ENSG00000280477,RASA3,Unknown
11757,ENSG00000127472,PLA2G5,Unknown
11758,ENSG00000114200,BCHE,Unknown
11759,ENSG00000281151,KCNQ2,Unknown
11760,ENSG00000278444,CDC42EP5,Unknown
11761,ENSG00000111186,WNT5B,Unknown
11762,ENSG00000116703,PDC,Unknown
11763,ENSG00000128713,HOXD11,Driver
11764,ENSG00000102854,MSLN,Unknown
11765,ENSG00000177098,SCN4B,Unknown
11766,ENSG00000168267,PTF1A,Unknown
11767,ENSG00000197891,SLC22A12,Unknown
11768,ENSG00000079482,OPHN1,Unknown
11769,ENSG00000173702,MUC13,Unknown
11770,ENSG00000132424,PNISR,Unknown
11771,ENSG00000177946,CENPBD1,Non-driver
11772,ENSG00000115425,PECR,Unknown
11773,ENSG00000112541,PDE10A,Unknown
11774,ENSG00000189180,ZNF33A,Unknown
11775,ENSG00000125861,GFRA4,Non-driver
11776,ENSG00000125650,PSPN,Unknown
11777,ENSG00000184956,MUC6,Unknown
11778,ENSG00000138356,AOX1,Unknown
11779,ENSG00000169231,THBS3,Unknown
11780,ENSG00000154478,GPR26,Unknown
11781,ENSG00000012174,MBTPS2,Unknown
11782,ENSG00000185760,KCNQ5,Unknown
11783,ENSG00000137975,CLCA2,Unknown
11784,ENSG00000171812,COL8A2,Unknown
11785,ENSG00000086189,DIMT1,Non-driver
11786,ENSG00000086062,B4GALT1,Unknown
11787,ENSG00000169427,KCNK9,Unknown
11788,ENSG00000148965,SAA4,Unknown
11789,ENSG00000115665,SLC5A7,Unknown
11790,ENSG00000160951,PTGER1,Unknown
11791,ENSG00000198598,MMP17,Unknown
11792,ENSG00000143199,ADCY10,Unknown
11793,ENSG00000179097,HTR1F,Unknown
11794,ENSG00000134438,RAX,Unknown
11795,ENSG00000101346,POFUT1,Unknown
11796,ENSG00000188517,COL25A1,Unknown
11797,ENSG00000167748,KLK1,Unknown
11798,ENSG00000109743,BST1,Unknown
11799,ENSG00000101938,CHRDL1,Unknown
11800,ENSG00000121281,ADCY7,Unknown
11801,ENSG00000197093,GAL3ST4,Unknown
11802,ENSG00000175785,PRIMA1,Unknown
11803,ENSG00000101190,TCFL5,Non-driver
11804,ENSG00000168743,NPNT,Unknown
11805,ENSG00000137221,TJAP1,Unknown
11806,ENSG00000116675,DNAJC6,Unknown
11807,ENSG00000154162,CDH12,Unknown
11808,ENSG00000187017,ESPN,Unknown
11809,ENSG00000139269,INHBE,Unknown
11810,ENSG00000126231,PROZ,Unknown
11811,ENSG00000179091,CYC1,Unknown
11812,ENSG00000100665,SERPINA4,Unknown
11813,ENSG00000177511,ST8SIA3,Non-driver
11814,ENSG00000113532,ST8SIA4,Non-driver
11815,ENSG00000140557,ST8SIA2,Non-driver
11816,ENSG00000162545,CAMK2N1,Unknown
11817,ENSG00000184302,SIX6,Unknown
11818,ENSG00000110080,ST3GAL4,Unknown
11819,ENSG00000125813,PAX1,Unknown
11820,ENSG00000163785,RYK,Unknown
11821,ENSG00000135678,CPM,Unknown
11822,ENSG00000185033,SEMA4B,Unknown
11823,ENSG00000182580,EPHB3,Unknown
11824,ENSG00000141574,SECTM1,Unknown
11825,ENSG00000112249,ASCC3,Unknown
11826,ENSG00000127074,RGS13,Non-driver
11827,ENSG00000180875,GREM2,Unknown
11828,ENSG00000114982,KANSL3,Unknown
11829,ENSG00000169313,P2RY12,Unknown
11830,ENSG00000172009,THOP1,Unknown
11831,ENSG00000104921,FCER2,Unknown
11832,ENSG00000205810,KLRC3,Unknown
11833,ENSG00000133116,KL,Driver
11834,ENSG00000096006,CRISP3,Unknown
11835,ENSG00000186074,CD300LF,Unknown
11836,ENSG00000275099,GGNBP2,Unknown
11837,ENSG00000172794,RAB37,Unknown
11838,ENSG00000152266,PTH,Unknown
11839,ENSG00000127124,HIVEP3,Unknown
11840,ENSG00000164035,EMCN,Non-driver
11841,ENSG00000114631,PODXL2,Unknown
11842,ENSG00000105472,CLEC11A,Unknown
11843,ENSG00000101890,GUCY2F,Unknown
11844,ENSG00000158887,MPZ,Unknown
11845,ENSG00000244486,SCARF2,Unknown
11846,ENSG00000134258,VTCN1,Non-driver
11847,ENSG00000088827,SIGLEC1,Unknown
11848,ENSG00000119523,ALG2,Unknown
11849,ENSG00000170175,CHRNB1,Unknown
11850,ENSG00000104755,ADAM2,Unknown
11851,ENSG00000074803,SLC12A1,Unknown
11852,ENSG00000139998,RAB15,Non-driver
11853,ENSG00000105697,HAMP,Unknown
11854,ENSG00000109991,P2RX3,Unknown
11855,ENSG00000141527,CARD14,Unknown
11856,ENSG00000134762,DSC3,Unknown
11857,ENSG00000160111,CPAMD8,Unknown
11858,ENSG00000187094,CCK,Unknown
11859,ENSG00000185149,NPY2R,Unknown
11860,ENSG00000075223,SEMA3C,Unknown
11861,ENSG00000165949,IFI27,Unknown
11862,ENSG00000115705,TPO,Unknown
11863,ENSG00000161298,ZNF382,Unknown
11864,ENSG00000164509,IL31RA,Unknown
11865,ENSG00000091536,MYO15A,Unknown
11866,ENSG00000166825,ANPEP,Unknown
11867,ENSG00000183607,GKN2,Non-driver
11868,ENSG00000125820,NKX2-2,Unknown
11869,ENSG00000136982,DSCC1,Unknown
11870,ENSG00000122678,POLM,Unknown
11871,ENSG00000183671,GPR1,Unknown
11872,ENSG00000116785,CFHR3,Unknown
11873,ENSG00000138771,SHROOM3,Unknown
11874,ENSG00000128322,IGLL1,Unknown
11875,ENSG00000108091,CCDC6,Driver
11876,ENSG00000008516,MMP25,Unknown
11877,ENSG00000139132,FGD4,Unknown
11878,ENSG00000164266,SPINK1,Unknown
11879,ENSG00000147647,DPYS,Unknown
11880,ENSG00000197696,NMB,Unknown
11881,ENSG00000179943,FIZ1,Unknown
11882,ENSG00000006116,CACNG3,Unknown
11883,ENSG00000185559,DLK1,Unknown
11884,ENSG00000168702,LRP1B,Driver
11885,ENSG00000238289,MICB,Unknown
11886,ENSG00000136457,CHAD,Unknown
11887,ENSG00000243480,AMY2A,Unknown
11888,ENSG00000021355,SERPINB1,Non-driver
11889,ENSG00000054803,CBLN4,Unknown
11890,ENSG00000026559,KCNG1,Unknown
11891,ENSG00000178342,KCNG2,Non-driver
11892,ENSG00000177981,ASB8,Unknown
11893,ENSG00000100312,ACR,Unknown
11894,ENSG00000257594,GALNT4,Unknown
11895,ENSG00000108556,CHRNE,Unknown
11896,ENSG00000138792,ENPEP,Unknown
11897,ENSG00000112246,SIM1,Unknown
11898,ENSG00000139178,C1RL,Unknown
11899,ENSG00000110721,CHKA,Unknown
11900,ENSG00000124205,EDN3,Unknown
11901,ENSG00000112619,PRPH2,Unknown
11902,ENSG00000149403,GRIK4,Unknown
11903,ENSG00000159307,SCUBE1,Unknown
11904,ENSG00000175356,SCUBE2,Unknown
11905,ENSG00000156853,ZNF689,Unknown
11906,ENSG00000118733,OLFM3,Unknown
11907,ENSG00000188613,NANOS1,Unknown
11908,,DAZ3,Unknown
11909,ENSG00000171246,NPTX1,Unknown
11910,ENSG00000124374,PAIP2B,Unknown
11911,ENSG00000159184,HOXB13,Driver
11912,ENSG00000241563,CORT,Unknown
11913,ENSG00000183067,IGSF5,Unknown
11914,ENSG00000028203,VEZT,Non-driver
11915,ENSG00000132465,JCHAIN,Non-driver
11916,ENSG00000158488,CD1E,Unknown
11917,ENSG00000115598,IL1RL2,Unknown
11918,ENSG00000140015,KCNH5,Unknown
11919,ENSG00000102539,MLNR,Unknown
11920,ENSG00000106128,GHRHR,Unknown
11921,ENSG00000136487,GH2,Unknown
11922,ENSG00000136697,IL1F10,Unknown
11923,ENSG00000227357,HLA-DRB4,Non-driver
11924,ENSG00000176919,C8G,Unknown
11925,ENSG00000137252,HCRTR2,Unknown
11926,ENSG00000244414,CFHR1,Unknown
11927,ENSG00000154736,ADAMTS5,Unknown
11928,ENSG00000185518,SV2B,Unknown
11929,ENSG00000102349,KLF8,Unknown
11930,ENSG00000184470,TXNRD2,Unknown
11931,ENSG00000162267,ITIH3,Unknown
11932,ENSG00000177311,ZBTB38,Unknown
11933,ENSG00000077498,TYR,Unknown
11934,ENSG00000126709,IFI6,Non-driver
11935,ENSG00000155903,RASA2,Unknown
11936,ENSG00000167157,PRRX2,Unknown
11937,ENSG00000172840,PDP2,Unknown
11938,ENSG00000174080,CTSF,Unknown
11939,ENSG00000181826,RELL1,Unknown
11940,ENSG00000141384,TAF4B,Unknown
11941,ENSG00000242950,ERVW-1,Non-driver
11942,ENSG00000164776,PHKG1,Unknown
11943,ENSG00000126861,OMG,Unknown
11944,ENSG00000185924,RTN4RL1,Unknown
11945,ENSG00000111729,CLEC4A,Unknown
11946,ENSG00000135709,KIAA0513,Unknown
11947,ENSG00000186326,RGS9BP,Unknown
11948,ENSG00000103226,NOMO3,Unknown
11949,ENSG00000101425,BPI,Unknown
11950,ENSG00000163590,PPM1L,Unknown
11951,ENSG00000276836,ARHGAP27,Unknown
11952,ENSG00000140545,MFGE8,Unknown
11953,ENSG00000164532,TBX20,Unknown
11954,ENSG00000064225,ST3GAL6,Unknown
11955,ENSG00000178199,ZC3H12D,Unknown
11956,ENSG00000156232,WHAMM,Unknown
11957,ENSG00000141756,FKBP10,Unknown
11958,ENSG00000221866,PLXNA4,Unknown
11959,ENSG00000168282,MGAT2,Unknown
11960,ENSG00000048342,CC2D2A,Unknown
11961,ENSG00000125744,RTN2,Unknown
11962,ENSG00000182264,IZUMO1,Unknown
11963,ENSG00000129749,CHRNA10,Unknown
11964,ENSG00000174343,CHRNA9,Unknown
11965,ENSG00000152127,MGAT5,Unknown
11966,ENSG00000052795,FNIP2,Unknown
11967,ENSG00000122012,SV2C,Unknown
11968,ENSG00000158158,CNNM4,Unknown
11969,ENSG00000162836,ACP6,Unknown
11970,ENSG00000167210,LOXHD1,Unknown
11971,ENSG00000126267,COX6B1,Unknown
11972,ENSG00000236279,CLEC2L,Non-driver
11973,ENSG00000213934,HBG1,Unknown
11974,ENSG00000183734,ASCL2,Unknown
11975,ENSG00000237123,CDSN,Unknown
11976,ENSG00000135272,MDFIC,Unknown
11977,ENSG00000263324,HCN3,Unknown
11978,ENSG00000184571,PIWIL3,Unknown
11979,ENSG00000167531,LALBA,Unknown
11980,ENSG00000166006,KCNC2,Unknown
11981,ENSG00000151657,KIN,Unknown
11982,ENSG00000171940,ZNF217,Unknown
11983,ENSG00000108231,LGI1,Unknown
11984,ENSG00000165059,PRKACG,Unknown
11985,ENSG00000214415,GNAT3,Unknown
11986,ENSG00000069018,TRPC7,Non-driver
11987,ENSG00000185808,PIGP,Unknown
11988,ENSG00000171759,PAH,Unknown
11989,ENSG00000143627,PKLR,Unknown
11990,ENSG00000141012,GALNS,Unknown
11991,ENSG00000105499,PLA2G4C,Unknown
11992,ENSG00000132141,CCT6B,Unknown
11993,ENSG00000144285,SCN1A,Unknown
11994,ENSG00000169857,AVEN,Unknown
11995,ENSG00000117983,MUC5B,Unknown
11996,ENSG00000152382,TADA1,Non-driver
11997,ENSG00000119760,SUPT7L,Unknown
11998,ENSG00000104325,DECR1,Unknown
11999,ENSG00000168781,PPIP5K1,Unknown
12000,ENSG00000136295,TTYH3,Non-driver
12001,ENSG00000164197,RNF180,Unknown
12002,ENSG00000140455,USP3,Unknown
12003,ENSG00000066923,STAG3,Unknown
12004,ENSG00000164091,WDR82,Unknown
12005,ENSG00000143867,OSR1,Unknown
12006,ENSG00000198168,SVIP,Non-driver
12007,ENSG00000121440,PDZRN3,Unknown
12008,ENSG00000196177,ACADSB,Unknown
12009,ENSG00000055483,USP36,Unknown
12010,ENSG00000239900,ADSL,Unknown
12011,ENSG00000135913,USP37,Non-driver
12012,ENSG00000136014,USP44,Driver
12013,ENSG00000178445,GLDC,Unknown
12014,ENSG00000141404,GNAL,Unknown
12015,ENSG00000140986,RPL3L,Unknown
12016,ENSG00000223443,USP17L2,Unknown
12017,ENSG00000186866,POFUT2,Unknown
12018,ENSG00000109016,DHRS7B,Unknown
12019,ENSG00000005100,DHX33,Unknown
12020,,FAM129B,Unknown
12021,ENSG00000115368,WDR75,Unknown
12022,ENSG00000183605,SFXN4,Unknown
12023,ENSG00000163584,RPL22L1,Non-driver
12024,ENSG00000165097,KDM1B,Unknown
12025,ENSG00000187772,LIN28B,Unknown
12026,ENSG00000143493,INTS7,Unknown
12027,ENSG00000111231,GPN3,Non-driver
12028,ENSG00000182521,TBPL2,Non-driver
12029,ENSG00000112992,NNT,Unknown
12030,ENSG00000156011,PSD3,Unknown
12031,ENSG00000198690,FAN1,Unknown
12032,ENSG00000188322,SBK1,Non-driver
12033,ENSG00000155115,GTF3C6,Unknown
12034,ENSG00000241476,SSX2,Driver
12035,ENSG00000268447,SSX2B,Non-driver
12036,ENSG00000119547,ONECUT2,Unknown
12037,ENSG00000115827,DCAF17,Unknown
12038,ENSG00000180233,ZNRF2,Unknown
12039,ENSG00000258659,TRIM34,Unknown
12040,ENSG00000163564,PYHIN1,Unknown
12041,ENSG00000125703,ATG4C,Unknown
12042,ENSG00000099814,CEP170B,Non-driver
12043,ENSG00000162396,PARS2,Unknown
12044,ENSG00000066084,DIP2B,Unknown
12045,ENSG00000189195,BTBD8,Non-driver
12046,ENSG00000105662,CRTC1,Driver
12047,ENSG00000175121,WFDC5,Unknown
12048,ENSG00000111704,NANOG,Unknown
12049,ENSG00000267680,ZNF224,Unknown
12050,ENSG00000124459,ZNF45,Unknown
12051,ENSG00000167380,ZNF226,Unknown
12052,ENSG00000146757,ZNF92,Unknown
12053,ENSG00000235109,ZSCAN31,Non-driver
12054,ENSG00000135638,EMX1,Unknown
12055,ENSG00000128645,HOXD1,Unknown
12056,ENSG00000169989,TIGD4,Non-driver
12057,ENSG00000165583,SSX5,Unknown
12058,ENSG00000115421,PAPOLG,Unknown
12059,ENSG00000005801,ZNF195,Unknown
12060,ENSG00000151240,DIP2C,Unknown
12061,ENSG00000160352,ZNF714,Non-driver
12062,ENSG00000215421,ZNF407,Unknown
12063,ENSG00000198039,ZNF273,Unknown
12064,ENSG00000164651,SP8,Unknown
12065,ENSG00000172000,ZNF556,Non-driver
12066,ENSG00000175322,ZNF519,Non-driver
12067,ENSG00000171467,ZNF318,Unknown
12068,ENSG00000185669,SNAI3,Unknown
12069,ENSG00000081665,ZNF506,Non-driver
12070,ENSG00000111639,MRPL51,Unknown
12071,,H2BFM,Non-driver
12072,ENSG00000176387,HSD11B2,Unknown
12073,ENSG00000204335,SP5,Unknown
12074,ENSG00000269058,CALR3,Unknown
12075,ENSG00000167136,ENDOG,Unknown
12076,ENSG00000188786,MTF1,Unknown
12077,ENSG00000101493,ZNF516,Unknown
12078,ENSG00000108423,TUBD1,Unknown
12079,ENSG00000145476,CYP4V2,Unknown
12080,ENSG00000125520,SLC2A4RG,Non-driver
12081,ENSG00000153391,INO80C,Non-driver
12082,ENSG00000283510,INO80D,Non-driver
12083,ENSG00000100601,ALKBH1,Unknown
12084,ENSG00000130997,POLN,Unknown
12085,ENSG00000118245,TNP1,Unknown
12086,ENSG00000100162,CENPM,Non-driver
12087,,HIST1H2AD,Unknown
12088,ENSG00000130304,SLC27A1,Unknown
12089,ENSG00000155307,SAMSN1,Unknown
12090,ENSG00000147180,ZNF711,Unknown
12091,ENSG00000184735,DDX53,Non-driver
12092,ENSG00000187821,HELT,Unknown
12093,ENSG00000184058,TBX1,Unknown
12094,ENSG00000050030,NEXMIF,Unknown
12095,ENSG00000263141,PAXBP1,Unknown
12096,ENSG00000284869,EEFSEC,Unknown
12097,ENSG00000008311,AASS,Unknown
12098,ENSG00000176623,RMDN1,Non-driver
12099,ENSG00000168297,PXK,Unknown
12100,ENSG00000154493,C10orf90,Unknown
12101,ENSG00000125246,CLYBL,Unknown
12102,ENSG00000103855,CD276,Unknown
12103,ENSG00000075275,CELSR1,Unknown
12104,ENSG00000150893,FREM2,Unknown
12105,ENSG00000148842,CNNM2,Unknown
12106,ENSG00000196159,FAT4,Driver
12107,ENSG00000166341,DCHS1,Unknown
12108,ENSG00000169851,PCDH7,Unknown
12109,ENSG00000280165,PCDH20,Unknown
12110,ENSG00000253873,PCDHGA11,Unknown
12111,ENSG00000165323,FAT3,Driver
12112,ENSG00000203972,GLYATL3,Unknown
12113,ENSG00000263243,KRT12,Unknown
12114,ENSG00000072778,ACADVL,Unknown
12115,ENSG00000136010,ALDH1L2,Unknown
12116,ENSG00000157184,CPT2,Unknown
12117,ENSG00000069998,HDHD5,Non-driver
12118,ENSG00000182810,DDX28,Unknown
12119,ENSG00000132463,GRSF1,Unknown
12120,ENSG00000100294,MCAT,Unknown
12121,ENSG00000114686,MRPL3,Unknown
12122,ENSG00000106591,MRPL32,Unknown
12123,ENSG00000136897,MRPL50,Unknown
12124,ENSG00000183617,MRPL54,Unknown
12125,ENSG00000162910,MRPL55,Unknown
12126,ENSG00000122140,MRPS2,Unknown
12127,ENSG00000112996,MRPS30,Unknown
12128,ENSG00000177192,PUS1,Unknown
12129,ENSG00000143374,TARS2,Unknown
12130,ENSG00000112941,TENT4A,Unknown
12131,,MARCH1,Unknown
12132,ENSG00000108479,GALK1,Unknown
12133,ENSG00000180855,ZNF443,Non-driver
12134,ENSG00000007174,DNAH9,Unknown
12135,ENSG00000141696,P3H4,Unknown
12136,ENSG00000185432,METTL7A,Non-driver
12137,ENSG00000065518,NDUFB4,Unknown
12138,ENSG00000155962,CLIC2,Unknown
12139,ENSG00000114124,GRK7,Unknown
12140,ENSG00000204977,TRIM13,Unknown
12141,ENSG00000120008,WDR11,Unknown
12142,ENSG00000284807,DHRS4,Unknown
12143,ENSG00000168546,GFRA2,Unknown
12144,ENSG00000211448,DIO2,Unknown
12145,ENSG00000181873,IBA57,Unknown
12146,ENSG00000100226,GTPBP1,Unknown
12147,ENSG00000123684,LPGAT1,Non-driver
12148,ENSG00000197563,PIGN,Unknown
12149,ENSG00000196458,ZNF605,Non-driver
12150,ENSG00000213221,DNLZ,Non-driver
12151,ENSG00000130309,COLGALT1,Unknown
12152,ENSG00000053438,NNAT,Unknown
12153,ENSG00000166796,LDHC,Unknown
12154,ENSG00000106038,EVX1,Unknown
12155,ENSG00000186017,ZNF566,Non-driver
12156,ENSG00000083812,ZNF324,Unknown
12157,ENSG00000159917,ZNF235,Non-driver
12158,ENSG00000137573,SULF1,Unknown
12159,ENSG00000138336,TET1,Driver
12160,ENSG00000263310,SALL3,Unknown
12161,ENSG00000163872,YEATS2,Unknown
12162,,H2AFJ,Non-driver
12163,ENSG00000178449,COX14,Unknown
12164,ENSG00000051596,THOC3,Unknown
12165,ENSG00000234438,KBTBD13,Unknown
12166,,H2AFB1,Non-driver
12167,ENSG00000112699,GMDS,Unknown
12168,ENSG00000153933,DGKE,Unknown
12169,ENSG00000058866,DGKG,Unknown
12170,ENSG00000091704,CPA1,Unknown
12171,ENSG00000180138,CSNK1A1L,Non-driver
12172,ENSG00000066422,ZBTB11,Unknown
12173,ENSG00000288503,DDX51,Unknown
12174,ENSG00000138380,CARF,Unknown
12175,ENSG00000112695,COX7A2,Unknown
12176,ENSG00000169515,CCDC8,Unknown
12177,ENSG00000101003,GINS1,Unknown
12178,ENSG00000124479,NDP,Unknown
12179,ENSG00000141314,RHBDL3,Non-driver
12180,ENSG00000196275,GTF2IRD2,Non-driver
12181,ENSG00000075461,CACNG4,Unknown
12182,ENSG00000133256,PDE6B,Unknown
12183,ENSG00000181588,MEX3D,Unknown
12184,ENSG00000180011,ZADH2,Non-driver
12185,ENSG00000175193,PARL,Unknown
12186,ENSG00000180901,KCTD2,Unknown
12187,ENSG00000112078,KCTD20,Unknown
12188,ENSG00000102271,KLHL4,Unknown
12189,ENSG00000155729,KCTD18,Non-driver
12190,ENSG00000137200,CMTR1,Unknown
12191,ENSG00000197345,MRPL21,Unknown
12192,ENSG00000258366,RTEL1,Unknown
12193,ENSG00000121940,CLCC1,Unknown
12194,ENSG00000131043,AAR2,Unknown
12195,ENSG00000112584,FAM120B,Unknown
12196,ENSG00000131459,GFPT2,Unknown
12197,ENSG00000134744,TUT4,Non-driver
12198,ENSG00000138413,IDH1,Driver
12199,ENSG00000253506,NACA2,Non-driver
12200,ENSG00000153093,ACOXL,Unknown
12201,ENSG00000140876,NUDT7,Non-driver
12202,ENSG00000130584,ZBTB46,Unknown
12203,ENSG00000165487,MICU2,Unknown
12204,ENSG00000188573,FBLL1,Non-driver
12205,ENSG00000126249,PDCD2L,Unknown
12206,ENSG00000180098,TRNAU1AP,Non-driver
12207,ENSG00000172469,MANEA,Unknown
12208,ENSG00000119655,NPC2,Unknown
12209,ENSG00000156282,CLDN17,Unknown
12210,ENSG00000257008,GPR142,Unknown
12211,ENSG00000047648,ARHGAP6,Unknown
12212,ENSG00000263238,CTSO,Unknown
12213,ENSG00000186479,RGS7BP,Unknown
12214,ENSG00000203780,FANK1,Unknown
12215,ENSG00000198216,CACNA1E,Unknown
12216,ENSG00000142910,TINAGL1,Unknown
12217,ENSG00000125831,CST11,Unknown
12218,ENSG00000152454,ZNF256,Unknown
12219,ENSG00000112379,ARFGEF3,Unknown
12220,ENSG00000170255,MRGPRX1,Unknown
12221,ENSG00000114796,KLHL24,Unknown
12222,ENSG00000142634,EFHD2,Unknown
12223,ENSG00000188158,NHS,Unknown
12224,ENSG00000152784,PRDM8,Unknown
12225,ENSG00000119125,GDA,Unknown
12226,ENSG00000169154,GOT1L1,Non-driver
12227,ENSG00000025708,TYMP,Driver
12228,ENSG00000255346,NOX5,Unknown
12229,ENSG00000173626,TRAPPC3L,Non-driver
12230,ENSG00000128159,TUBGCP6,Unknown
12231,ENSG00000175854,SWI5,Unknown
12232,ENSG00000127084,FGD3,Unknown
12233,ENSG00000108784,NAGLU,Unknown
12234,ENSG00000137509,PRCP,Unknown
12235,ENSG00000116406,EDEM3,Unknown
12236,ENSG00000181523,SGSH,Unknown
12237,ENSG00000164039,BDH2,Non-driver
12238,ENSG00000170088,TMEM192,Non-driver
12239,ENSG00000198171,DDRGK1,Unknown
12240,ENSG00000100802,C14orf93,Non-driver
12241,ENSG00000165046,LETM2,Non-driver
12242,ENSG00000185404,SP140L,Unknown
12243,ENSG00000140522,RLBP1,Unknown
12244,,C22orf46,Non-driver
12245,ENSG00000137491,SLCO2B1,Non-driver
12246,ENSG00000247626,MARS2,Unknown
12247,ENSG00000121316,PLBD1,Non-driver
12248,ENSG00000100889,PCK2,Unknown
12249,ENSG00000111536,IL26,Unknown
12250,ENSG00000110002,VWA5A,Unknown
12251,ENSG00000134183,GNAT2,Unknown
12252,ENSG00000132840,BHMT2,Unknown
12253,ENSG00000163377,TAFA4,Non-driver
12254,ENSG00000174370,C11orf45,Non-driver
12255,ENSG00000163378,EOGT,Unknown
12256,ENSG00000117308,GALE,Unknown
12257,ENSG00000116874,WARS2,Unknown
12258,ENSG00000141580,WDR45B,Unknown
12259,ENSG00000114956,DGUOK,Unknown
12260,ENSG00000103707,MTFMT,Unknown
12261,ENSG00000042445,RETSAT,Unknown
12262,ENSG00000282074,MPV17L,Unknown
12263,ENSG00000144647,POMGNT2,Unknown
12264,ENSG00000285136,DEFA6,Unknown
12265,ENSG00000122335,SERAC1,Unknown
12266,ENSG00000158270,COLEC12,Unknown
12267,ENSG00000152611,CAPSL,Non-driver
12268,ENSG00000073605,GSDMB,Unknown
12269,ENSG00000101074,R3HDML,Non-driver
12270,ENSG00000106537,TSPAN13,Unknown
12271,ENSG00000124232,RBPJL,Unknown
12272,ENSG00000139914,FITM1,Unknown
12273,ENSG00000124449,IRGC,Non-driver
12274,ENSG00000163521,GLB1L,Non-driver
12275,ENSG00000177830,CHID1,Unknown
12276,ENSG00000006625,GGCT,Unknown
12277,ENSG00000169738,DCXR,Unknown
12278,ENSG00000173464,RNASE11,Non-driver
12279,ENSG00000080910,CFHR2,Unknown
12280,ENSG00000119899,SLC17A5,Unknown
12281,ENSG00000129480,DTD2,Non-driver
12282,ENSG00000144815,NXPE3,Non-driver
12283,ENSG00000106384,MOGAT3,Unknown
12284,ENSG00000197406,DIO3,Unknown
12285,ENSG00000143919,CAMKMT,Unknown
12286,ENSG00000150656,CNDP1,Unknown
12287,ENSG00000166049,PASD1,Unknown
12288,ENSG00000101327,PDYN,Unknown
12289,ENSG00000154122,ANKH,Unknown
12290,ENSG00000186283,TOR3A,Unknown
12291,ENSG00000127540,UQCR11,Non-driver
12292,ENSG00000136522,MRPL47,Unknown
12293,ENSG00000139168,ZCRB1,Unknown
12294,ENSG00000128524,ATP6V1F,Non-driver
12295,ENSG00000103335,PIEZO1,Unknown
12296,ENSG00000116580,GON4L,Unknown
12297,ENSG00000104774,MAN2B1,Unknown
12298,ENSG00000152620,NADK2,Unknown
12299,ENSG00000131171,SH3BGRL,Non-driver
12300,ENSG00000128311,TST,Unknown
12301,ENSG00000104889,RNASEH2A,Unknown
12302,ENSG00000172922,RNASEH2C,Unknown
12303,ENSG00000136104,RNASEH2B,Unknown
12304,ENSG00000122965,RBM19,Unknown
12305,ENSG00000171202,TMEM126A,Unknown
12306,ENSG00000174982,OR4S2,Non-driver
12307,ENSG00000091009,RBM27,Unknown
12308,ENSG00000165661,QSOX2,Unknown
12309,ENSG00000115204,MPV17,Unknown
12310,ENSG00000206256,PPT2,Unknown
12311,ENSG00000151176,PLBD2,Non-driver
12312,ENSG00000090686,USP48,Unknown
12313,ENSG00000144120,TMEM177,Non-driver
12314,ENSG00000184076,UQCR10,Non-driver
12315,ENSG00000166704,ZNF606,Unknown
12316,ENSG00000132915,PDE6A,Unknown
12317,ENSG00000178187,ZNF454,Non-driver
12318,ENSG00000085449,WDFY1,Unknown
12319,ENSG00000283085,TPBG,Unknown
12320,ENSG00000135776,ABCB10,Unknown
12321,ENSG00000198729,PPP1R14C,Unknown
12322,ENSG00000100558,PLEK2,Unknown
12323,ENSG00000184227,ACOT1,Unknown
12324,ENSG00000115944,COX7A2L,Unknown
12325,ENSG00000112893,MAN2A1,Unknown
12326,ENSG00000277656,GSTT1,Unknown
12327,ENSG00000254685,FPGT,Unknown
12328,ENSG00000148719,DNAJB12,Unknown
12329,ENSG00000196449,YRDC,Unknown
12330,ENSG00000101079,NDRG3,Unknown
12331,ENSG00000204764,RANBP17,Unknown
12332,ENSG00000127080,IPPK,Non-driver
12333,ENSG00000101337,TM9SF4,Unknown
12334,ENSG00000173905,GOLIM4,Unknown
12335,ENSG00000099974,DDTL,Non-driver
12336,ENSG00000205903,ZNF316,Non-driver
12337,ENSG00000125877,ITPA,Unknown
12338,ENSG00000169299,PGM2,Unknown
12339,ENSG00000134056,MRPS36,Unknown
12340,ENSG00000160785,SLC25A44,Unknown
12341,ENSG00000106853,PTGR1,Unknown
12342,ENSG00000155850,SLC26A2,Unknown
12343,ENSG00000166800,LDHAL6A,Non-driver
12344,ENSG00000153956,CACNA2D1,Unknown
12345,ENSG00000117143,UAP1,Unknown
12346,ENSG00000205544,TMEM256,Unknown
12347,ENSG00000166965,RCCD1,Unknown
12348,ENSG00000178802,MPI,Unknown
12349,ENSG00000173262,SLC2A14,Unknown
12350,,PALM2,Non-driver
12351,ENSG00000198478,SH3BGRL2,Unknown
12352,ENSG00000164933,SLC25A32,Unknown
12353,ENSG00000185414,MRPL30,Unknown
12354,ENSG00000072756,TRNT1,Unknown
12355,ENSG00000163389,POGLUT1,Unknown
12356,ENSG00000213965,NUDT19,Non-driver
12357,ENSG00000113273,ARSB,Unknown
12358,ENSG00000054793,ATP9A,Non-driver
12359,ENSG00000157014,TATDN2,Non-driver
12360,ENSG00000044459,CNTLN,Unknown
12361,ENSG00000122687,MRM2,Non-driver
12362,ENSG00000116127,ALMS1,Unknown
12363,ENSG00000163319,MRPS18C,Driver
12364,ENSG00000243147,MRPL33,Unknown
12365,ENSG00000275004,ZNF280B,Non-driver
12366,ENSG00000198453,ZNF568,Unknown
12367,ENSG00000257591,ZNF625,Non-driver
12368,ENSG00000196437,ZNF569,Unknown
12369,ENSG00000249471,ZNF324B,Non-driver
12370,ENSG00000245680,ZNF585B,Non-driver
12371,ENSG00000181007,ZFP82,Non-driver
12372,ENSG00000275723,NAPEPLD,Unknown
12373,ENSG00000182111,ZNF716,Non-driver
12374,ENSG00000274195,ZNF705G,Non-driver
12375,ENSG00000170920,OR7G3,Non-driver
12376,ENSG00000185013,NT5C1B,Unknown
12377,ENSG00000145194,ECE2,Unknown
12378,ENSG00000137976,DNASE2B,Unknown
12379,ENSG00000169814,BTD,Unknown
12380,ENSG00000196344,ADH7,Unknown
12381,ENSG00000148513,ANKRD30A,Unknown
12382,ENSG00000219481,NBPF1,Unknown
12383,ENSG00000100578,KIAA0586,Unknown
12384,ENSG00000128059,PPAT,Unknown
12385,ENSG00000172663,TMEM134,Non-driver
12386,ENSG00000165490,DDIAS,Unknown
12387,ENSG00000243749,TMEM35B,Non-driver
12388,ENSG00000124780,KCNK17,Unknown
12389,ENSG00000156453,PCDH1,Unknown
12390,ENSG00000242110,AMACR,Driver
12391,ENSG00000101323,HAO1,Unknown
12392,ENSG00000116882,HAO2,Unknown
12393,ENSG00000148832,PAOX,Unknown
12394,ENSG00000177465,ACOT4,Unknown
12395,ENSG00000118454,ANKRD13C,Unknown
12396,ENSG00000137948,BRDT,Unknown
12397,ENSG00000172594,SMPDL3A,Unknown
12398,,IGHG2,Unknown
12399,ENSG00000100288,CHKB,Unknown
12400,ENSG00000055957,ITIH1,Unknown
12401,ENSG00000168907,PLA2G4F,Non-driver
12402,ENSG00000198336,MYL4,Unknown
12403,ENSG00000103489,XYLT1,Unknown
12404,ENSG00000178878,APOLD1,Unknown
12405,ENSG00000128918,ALDH1A2,Unknown
12406,ENSG00000153558,FBXL2,Unknown
12407,ENSG00000172476,RAB40A,Unknown
12408,ENSG00000119682,AREL1,Unknown
12409,ENSG00000196109,ZNF676,Non-driver
12410,ENSG00000125821,DTD1,Unknown
12411,ENSG00000282966,CYP2D6,Unknown
12412,ENSG00000139160,ETFBKMT,Unknown
12413,ENSG00000123427,EEF1AKMT3,Unknown
12414,ENSG00000181038,METTL23,Unknown
12415,ENSG00000128915,ICE2,Non-driver
12416,ENSG00000237172,B3GNT9,Non-driver
12417,ENSG00000166930,MS4A5,Unknown
12418,ENSG00000198157,HMGN5,Non-driver
12419,ENSG00000120322,PCDHB8,Unknown
12420,ENSG00000033011,ALG1,Unknown
12421,ENSG00000171551,ECEL1,Unknown
12422,ENSG00000228474,OST4,Non-driver
12423,ENSG00000068650,ATP11A,Unknown
12424,ENSG00000101974,ATP11C,Unknown
12425,ENSG00000103227,LMF1,Unknown
12426,ENSG00000147256,ARHGAP36,Unknown
12427,ENSG00000072786,STK10,Unknown
12428,ENSG00000161929,SCIMP,Unknown
12429,ENSG00000140254,DUOXA1,Unknown
12430,ENSG00000258484,SPESP1,Unknown
12431,ENSG00000113088,GZMK,Unknown
12432,ENSG00000254709,IGLL5,Unknown
12433,ENSG00000170099,SERPINA6,Non-driver
12434,ENSG00000123561,SERPINA7,Non-driver
12435,ENSG00000120539,MASTL,Unknown
12436,ENSG00000176371,ZSCAN2,Non-driver
12437,ENSG00000288504,YBX2,Unknown
12438,ENSG00000227642,AGPAT1,Unknown
12439,ENSG00000198610,AKR1C4,Unknown
12440,,APOPT1,Unknown
12441,ENSG00000147145,LPAR4,Unknown
12442,ENSG00000174156,GSTA3,Unknown
12443,ENSG00000060642,PIGV,Unknown
12444,ENSG00000169906,S100G,Non-driver
12445,ENSG00000184602,SNN,Unknown
12446,ENSG00000136840,ST6GALNAC4,Non-driver
12447,ENSG00000130300,PLVAP,Unknown
12448,ENSG00000178828,RNF186,Unknown
12449,ENSG00000196151,WDSUB1,Non-driver
12450,ENSG00000174502,SLC26A9,Unknown
12451,ENSG00000166788,SAAL1,Non-driver
12452,ENSG00000130193,THEM6,Non-driver
12453,ENSG00000142197,DOP1B,Non-driver
12454,ENSG00000158669,GPAT4,Unknown
12455,ENSG00000050555,LAMC3,Unknown
12456,ENSG00000117479,SLC19A2,Unknown
12457,ENSG00000140107,SLC25A47,Non-driver
12458,ENSG00000159423,ALDH4A1,Unknown
12459,ENSG00000178301,AQP11,Unknown
12460,ENSG00000182858,ALG12,Unknown
12461,ENSG00000113492,AGXT2,Unknown
12462,ENSG00000197859,ADAMTSL2,Unknown
12463,ENSG00000187758,ADH1A,Unknown
12464,ENSG00000091262,ABCC6,Unknown
12465,ENSG00000085465,OVGP1,Unknown
12466,ENSG00000114770,ABCC5,Unknown
12467,ENSG00000171766,GATM,Unknown
12468,ENSG00000111713,GYS2,Unknown
12469,ENSG00000119711,ALDH6A1,Unknown
12470,ENSG00000135929,CYP27A1,Unknown
12471,ENSG00000154265,ABCA5,Unknown
12472,ENSG00000197417,SHPK,Unknown
12473,ENSG00000166741,NNMT,Unknown
12474,ENSG00000086544,ITPKC,Unknown
12475,ENSG00000167676,PLIN4,Unknown
12476,ENSG00000170949,ZNF160,Unknown
12477,ENSG00000182327,GLTPD2,Non-driver
12478,ENSG00000070526,ST6GALNAC1,Unknown
12479,ENSG00000153976,HS3ST3A1,Unknown
12480,ENSG00000176022,B3GALT6,Unknown
12481,ENSG00000198715,GLMP,Non-driver
12482,ENSG00000181666,ZNF875,Non-driver
12483,ENSG00000185947,ZNF267,Unknown
12484,ENSG00000100490,CDKL1,Unknown
12485,ENSG00000168661,ZNF30,Non-driver
12486,ENSG00000007038,PRSS21,Unknown
12487,ENSG00000109323,MANBA,Unknown
12488,ENSG00000143324,XPR1,Unknown
12489,ENSG00000166004,CEP295,Unknown
12490,ENSG00000162039,MEIOB,Unknown
12491,ENSG00000136868,SLC31A1,Unknown
12492,ENSG00000167914,GSDMA,Unknown
12493,ENSG00000148218,ALAD,Unknown
12494,ENSG00000147471,PLPBP,Non-driver
12495,ENSG00000065833,ME1,Unknown
12496,ENSG00000142002,DPP9,Non-driver
12497,ENSG00000122642,FKBP9,Driver
12498,ENSG00000172037,LAMB2,Unknown
12499,ENSG00000111344,RASAL1,Unknown
12500,ENSG00000121064,SCPEP1,Non-driver
12501,ENSG00000088899,LZTS3,Non-driver
12502,ENSG00000206557,TRIM71,Non-driver
12503,ENSG00000119698,PPP4R4,Unknown
12504,ENSG00000274391,TPTE,Unknown
12505,ENSG00000015520,NPC1L1,Unknown
12506,ENSG00000107443,CCNJ,Non-driver
12507,ENSG00000185736,ADARB2,Unknown
12508,ENSG00000149657,LSM14B,Non-driver
12509,ENSG00000197483,ZNF628,Unknown
12510,ENSG00000123728,RAP2C,Unknown
12511,ENSG00000276130,SLC22A18,Non-driver
12512,ENSG00000167644,C19orf33,Non-driver
12513,ENSG00000148411,NACC2,Unknown
12514,ENSG00000176160,HSF5,Non-driver
12515,ENSG00000143194,MAEL,Unknown
12516,ENSG00000005379,TSPOAP1,Non-driver
12517,ENSG00000151322,NPAS3,Unknown
12518,ENSG00000167889,MGAT5B,Unknown
12519,ENSG00000153266,FEZF2,Unknown
12520,ENSG00000111911,HINT3,Unknown
12521,ENSG00000110237,ARHGEF17,Unknown
12522,ENSG00000156414,TDRD9,Unknown
12523,ENSG00000110871,COQ5,Unknown
12524,ENSG00000167113,COQ4,Unknown
12525,ENSG00000136960,ENPP2,Unknown
12526,ENSG00000100027,YPEL1,Unknown
12527,ENSG00000178295,GEN1,Unknown
12528,ENSG00000169894,MUC3A,Unknown
12529,ENSG00000167895,TMC8,Unknown
12530,ENSG00000243284,VSIG8,Non-driver
12531,ENSG00000267673,FDX2,Non-driver
12532,ENSG00000141376,BCAS3,Non-driver
12533,ENSG00000215455,KRTAP10-1,Non-driver
12534,ENSG00000126460,PRRG2,Unknown
12535,ENSG00000141391,PRELID3A,Unknown
12536,ENSG00000160767,FAM189B,Non-driver
12537,ENSG00000198390,KRTAP13-1,Unknown
12538,ENSG00000196378,ZNF34,Unknown
12539,ENSG00000205476,CCDC85C,Non-driver
12540,ENSG00000196263,ZNF471,Unknown
12541,ENSG00000154889,MPPE1,Unknown
12542,ENSG00000120451,SNX19,Unknown
12543,ENSG00000143452,HORMAD1,Unknown
12544,ENSG00000109132,PHOX2B,Driver
12545,ENSG00000105877,DNAH11,Unknown
12546,ENSG00000188766,SPRED3,Unknown
12547,ENSG00000124541,RRP36,Unknown
12548,ENSG00000113593,PPWD1,Unknown
12549,ENSG00000124608,AARS2,Unknown
12550,ENSG00000149212,SESN3,Non-driver
12551,ENSG00000132581,SDF2,Unknown
12552,ENSG00000185127,C6orf120,Unknown
12553,ENSG00000087301,TXNDC16,Unknown
12554,ENSG00000134882,UBAC2,Non-driver
12555,ENSG00000128463,EMC4,Unknown
12556,ENSG00000197056,ZMYM1,Non-driver
12557,ENSG00000169715,MT1E,Unknown
12558,ENSG00000177558,FAM187B,Non-driver
12559,ENSG00000100263,RHBDD3,Non-driver
12560,ENSG00000168830,HTR1E,Unknown
12561,ENSG00000121577,POPDC2,Unknown
12562,ENSG00000177119,ANO6,Unknown
12563,ENSG00000146828,SLC12A9,Unknown
12564,ENSG00000197136,PCNX3,Unknown
12565,ENSG00000169762,TAPT1,Unknown
12566,ENSG00000087502,ERGIC2,Unknown
12567,ENSG00000004866,ST7,Unknown
12568,ENSG00000124532,MRS2,Non-driver
12569,ENSG00000103550,KNOP1,Non-driver
12570,ENSG00000187792,ZNF70,Unknown
12571,ENSG00000179965,ZNF771,Non-driver
12572,ENSG00000101247,NDUFAF5,Unknown
12573,ENSG00000198146,ZNF770,Unknown
12574,ENSG00000282608,ADORA3,Unknown
12575,ENSG00000284400,TBC1D9B,Unknown
12576,ENSG00000260916,CCPG1,Unknown
12577,ENSG00000184277,TM2D3,Unknown
12578,ENSG00000169230,PRELID1,Unknown
12579,ENSG00000243130,PSG11,Unknown
12580,ENSG00000243137,PSG4,Unknown
12581,ENSG00000114902,SPCS1,Unknown
12582,ENSG00000141219,C17orf80,Non-driver
12583,ENSG00000198482,ZNF808,Non-driver
12584,ENSG00000197566,ZNF624,Non-driver
12585,ENSG00000177150,FAM210A,Unknown
12586,ENSG00000133983,COX16,Unknown
12587,ENSG00000156535,CD109,Unknown
12588,ENSG00000155275,TRMT44,Unknown
12589,ENSG00000232629,HLA-DQB2,Unknown
12590,ENSG00000163864,NMNAT3,Unknown
12591,ENSG00000141627,DYM,Unknown
12592,ENSG00000102763,VWA8,Unknown
12593,ENSG00000148377,IDI2,Unknown
12594,ENSG00000262664,OVCA2,Unknown
12595,ENSG00000130032,PRRG3,Unknown
12596,ENSG00000163162,RNF149,Non-driver
12597,ENSG00000173451,THAP2,Unknown
12598,ENSG00000176988,FMR1NB,Non-driver
12599,ENSG00000119777,TMEM214,Unknown
12600,ENSG00000164073,MFSD8,Unknown
12601,ENSG00000121210,TMEM131L,Non-driver
12602,ENSG00000171208,NETO2,Unknown
12603,ENSG00000122912,SLC25A16,Unknown
12604,ENSG00000106714,CNTNAP3,Unknown
12605,ENSG00000126243,LRFN3,Unknown
12606,ENSG00000167757,KLK11,Unknown
12607,ENSG00000138759,FRAS1,Unknown
12608,ENSG00000182575,NXPH3,Unknown
12609,ENSG00000083067,TRPM3,Unknown
12610,ENSG00000144642,RBMS3,Unknown
12611,ENSG00000181240,SLC25A41,Unknown
12612,ENSG00000137513,NARS2,Unknown
12613,ENSG00000131378,RFTN1,Unknown
12614,ENSG00000177054,ZDHHC13,Unknown
12615,ENSG00000001630,CYP51A1,Unknown
12616,ENSG00000120697,ALG5,Unknown
12617,ENSG00000164081,TEX264,Non-driver
12618,ENSG00000164535,DAGLB,Unknown
12619,ENSG00000128203,ASPHD2,Non-driver
12620,ENSG00000167775,CD320,Unknown
12621,ENSG00000119537,KDSR,Driver
12622,ENSG00000099904,ZDHHC8,Unknown
12623,ENSG00000156599,ZDHHC5,Unknown
12624,ENSG00000121578,B4GALT4,Unknown
12625,ENSG00000132026,RTBDN,Unknown
12626,ENSG00000186787,SPIN2B,Non-driver
12627,ENSG00000168813,ZNF507,Non-driver
12628,ENSG00000248496,ZBED9,Non-driver
12629,ENSG00000170324,FRMPD2,Unknown
12630,ENSG00000157637,SLC38A10,Unknown
12631,ENSG00000164465,DCBLD1,Non-driver
12632,ENSG00000106692,FKTN,Unknown
12633,ENSG00000131019,ULBP3,Unknown
12634,ENSG00000125430,HS3ST3B1,Unknown
12635,ENSG00000131873,CHSY1,Unknown
12636,ENSG00000102743,SLC25A15,Unknown
12637,ENSG00000138678,GPAT3,Non-driver
12638,ENSG00000188883,KLRG2,Non-driver
12639,ENSG00000181027,FKRP,Unknown
12640,ENSG00000158470,B4GALT5,Unknown
12641,ENSG00000161682,FAM171A2,Non-driver
12642,ENSG00000114487,MORC1,Unknown
12643,ENSG00000145861,C1QTNF2,Non-driver
12644,ENSG00000166321,NUDT13,Non-driver
12645,ENSG00000120256,LRP11,Non-driver
12646,ENSG00000170571,EMB,Unknown
12647,ENSG00000084444,FAM234B,Unknown
12648,ENSG00000164169,PRMT9,Unknown
12649,ENSG00000007402,CACNA2D2,Unknown
12650,ENSG00000109586,GALNT7,Unknown
12651,ENSG00000166507,NDST2,Unknown
12652,ENSG00000070614,NDST1,Unknown
12653,ENSG00000187676,B3GLCT,Unknown
12654,ENSG00000139263,LRIG3,Driver
12655,ENSG00000063180,CA11,Unknown
12656,ENSG00000186446,ZNF501,Non-driver
12657,ENSG00000147869,CER1,Unknown
12658,ENSG00000184613,NELL2,Unknown
12659,ENSG00000165644,COMTD1,Non-driver
12660,ENSG00000180488,MIGA1,Non-driver
12661,ENSG00000139278,GLIPR1,Unknown
12662,ENSG00000103544,VPS35L,Non-driver
12663,ENSG00000174928,C3orf33,Non-driver
12664,ENSG00000138399,FASTKD1,Unknown
12665,ENSG00000103356,EARS2,Unknown
12666,ENSG00000174032,SLC25A30,Unknown
12667,ENSG00000136444,RSAD1,Non-driver
12668,ENSG00000105696,TMEM59L,Unknown
12669,ENSG00000135454,B4GALNT1,Unknown
12670,ENSG00000104497,SNX16,Unknown
12671,ENSG00000144227,NXPH2,Unknown
12672,ENSG00000280969,RPS4Y2,Unknown
12673,ENSG00000174749,FAM241A,Non-driver
12674,ENSG00000157570,TSPAN18,Non-driver
12675,ENSG00000168785,TSPAN5,Unknown
12676,ENSG00000103978,TMEM87A,Non-driver
12677,ENSG00000153982,GDPD1,Unknown
12678,ENSG00000003989,SLC7A2,Unknown
12679,ENSG00000109929,SC5D,Non-driver
12680,ENSG00000023041,ZDHHC6,Non-driver
12681,ENSG00000175106,TVP23C,Non-driver
12682,ENSG00000215704,CELA2B,Unknown
12683,ENSG00000150625,GPM6A,Unknown
12684,ENSG00000204160,ZDHHC18,Non-driver
12685,ENSG00000185090,MANEAL,Non-driver
12686,ENSG00000258102,MAP1LC3B2,Non-driver
12687,ENSG00000102128,RAB40AL,Unknown
12688,ENSG00000285281,SGPP1,Unknown
12689,ENSG00000214113,LYRM4,Unknown
12690,ENSG00000177000,MTHFR,Driver
12691,ENSG00000130508,PXDN,Unknown
12692,ENSG00000137269,LRRC1,Unknown
12693,ENSG00000282830,CALB2,Unknown
12694,ENSG00000053770,AP5M1,Unknown
12695,ENSG00000143502,SUSD4,Unknown
12696,ENSG00000169629,RGPD8,Unknown
12697,ENSG00000112276,BVES,Unknown
12698,ENSG00000151366,NDUFC2,Unknown
12699,ENSG00000101452,DHX35,Non-driver
12700,ENSG00000125827,TMX4,Unknown
12701,ENSG00000129244,ATP1B2,Unknown
12702,ENSG00000180730,SHISA2,Unknown
12703,ENSG00000282739,SLC25A26,Unknown
12704,ENSG00000165115,KIF27,Unknown
12705,ENSG00000278565,CEACAM21,Unknown
12706,ENSG00000170426,SDR9C7,Unknown
12707,ENSG00000148090,AUH,Unknown
12708,ENSG00000244444,EGFL8,Unknown
12709,ENSG00000164898,FMC1,Non-driver
12710,ENSG00000139324,TMTC3,Unknown
12711,ENSG00000125247,TMTC4,Unknown
12712,ENSG00000137216,TMEM63B,Non-driver
12713,ENSG00000146433,TMEM181,Unknown
12714,ENSG00000157600,TMEM164,Non-driver
12715,ENSG00000106809,OGN,Unknown
12716,ENSG00000064763,FAR2,Unknown
12717,,MARC2,Non-driver
12718,ENSG00000179598,PLD6,Unknown
12719,ENSG00000147119,CHST7,Unknown
12720,ENSG00000116273,PHF13,Non-driver
12721,ENSG00000183032,SLC25A21,Unknown
12722,ENSG00000113583,C5orf15,Non-driver
12723,ENSG00000037749,MFAP3,Unknown
12724,ENSG00000084110,HAL,Unknown
12725,ENSG00000198276,UCKL1,Unknown
12726,ENSG00000183066,WBP2NL,Unknown
12727,ENSG00000186075,ZPBP2,Unknown
12728,ENSG00000104760,FGL1,Unknown
12729,ENSG00000113391,FAM172A,Non-driver
12730,ENSG00000110811,P3H3,Unknown
12731,ENSG00000133612,AGAP3,Unknown
12732,ENSG00000122787,AKR1D1,Unknown
12733,ENSG00000135898,GPR55,Unknown
12734,ENSG00000158764,ITLN2,Unknown
12735,ENSG00000055732,MCOLN3,Unknown
12736,ENSG00000135317,SNX14,Unknown
12737,ENSG00000106603,COA1,Unknown
12738,ENSG00000153898,MCOLN2,Unknown
12739,ENSG00000156162,DPY19L4,Unknown
12740,ENSG00000007341,ST7L,Unknown
12741,ENSG00000278889,OR2S2,Non-driver
12742,ENSG00000121377,TAS2R7,Non-driver
12743,ENSG00000157111,TMEM171,Non-driver
12744,ENSG00000244617,ASPRV1,Unknown
12745,ENSG00000172061,LRRC15,Non-driver
12746,ENSG00000164318,EGFLAM,Unknown
12747,ENSG00000183098,GPC6,Unknown
12748,ENSG00000054690,PLEKHH1,Non-driver
12749,ENSG00000126259,KIRREL2,Unknown
12750,ENSG00000165828,PRAP1,Driver
12751,ENSG00000162769,FLVCR1,Unknown
12752,ENSG00000072041,SLC6A15,Unknown
12753,ENSG00000147100,SLC16A2,Unknown
12754,ENSG00000176142,TMEM39A,Non-driver
12755,ENSG00000125434,SLC25A35,Unknown
12756,ENSG00000164291,ARSK,Unknown
12757,ENSG00000184374,COLEC10,Unknown
12758,ENSG00000025423,HSD17B6,Non-driver
12759,ENSG00000171936,OR10H3,Non-driver
12760,ENSG00000151093,OXSM,Unknown
12761,ENSG00000175065,DSG4,Unknown
12762,ENSG00000184635,ZNF93,Unknown
12763,ENSG00000118620,ZNF430,Non-driver
12764,ENSG00000136877,FPGS,Unknown
12765,ENSG00000095981,KCNK16,Unknown
12766,ENSG00000173621,LRFN4,Unknown
12767,ENSG00000143061,IGSF3,Unknown
12768,ENSG00000138617,PARP16,Non-driver
12769,ENSG00000115539,PDCL3,Unknown
12770,ENSG00000161395,PGAP3,Unknown
12771,ENSG00000213413,PVRIG,Unknown
12772,ENSG00000116138,DNAJC16,Non-driver
12773,ENSG00000185561,TLCD2,Non-driver
12774,ENSG00000120594,PLXDC2,Unknown
12775,ENSG00000070413,DGCR2,Unknown
12776,ENSG00000048140,TSPAN17,Non-driver
12777,ENSG00000019102,VSIG2,Unknown
12778,ENSG00000171004,HS6ST2,Unknown
12779,ENSG00000178904,DPY19L3,Unknown
12780,ENSG00000177034,MTX3,Non-driver
12781,ENSG00000106560,GIMAP2,Unknown
12782,,KIAA0391,Unknown
12783,ENSG00000284120,KIR2DS1,Unknown
12784,ENSG00000133317,LGALS12,Unknown
12785,ENSG00000172551,MUCL1,Non-driver
12786,ENSG00000174944,P2RY14,Unknown
12787,ENSG00000198108,CHSY3,Unknown
12788,ENSG00000111885,MAN1A1,Unknown
12789,ENSG00000183798,EMILIN3,Non-driver
12790,ENSG00000145882,PCYOX1L,Non-driver
12791,ENSG00000149577,SIDT2,Unknown
12792,ENSG00000198743,SLC5A3,Unknown
12793,ENSG00000117069,ST6GALNAC5,Unknown
12794,ENSG00000102078,SLC25A14,Unknown
12795,ENSG00000111801,BTN3A3,Unknown
12796,ENSG00000026950,BTN3A1,Unknown
12797,ENSG00000240654,C1QTNF9,Non-driver
12798,ENSG00000118298,CA14,Unknown
12799,ENSG00000128274,A4GALT,Unknown
12800,ENSG00000166997,CNPY4,Unknown
12801,ENSG00000256453,DND1,Unknown
12802,ENSG00000141933,TPGS1,Non-driver
12803,ENSG00000137821,LRRC49,Non-driver
12804,ENSG00000172339,ALG14,Unknown
12805,ENSG00000005059,MCUB,Non-driver
12806,ENSG00000248144,ADH1C,Unknown
12807,ENSG00000102287,GABRE,Unknown
12808,ENSG00000137198,GMPR,Unknown
12809,ENSG00000169508,GPR183,Unknown
12810,ENSG00000203737,GPR52,Unknown
12811,ENSG00000135912,TTLL4,Non-driver
12812,ENSG00000165799,RNASE7,Unknown
12813,ENSG00000179913,B3GNT3,Non-driver
12814,ENSG00000106526,ACTR3C,Non-driver
12815,ENSG00000164048,ZNF589,Unknown
12816,ENSG00000090612,ZNF268,Unknown
12817,ENSG00000169258,GPRIN1,Unknown
12818,ENSG00000103241,FOXF1,Unknown
12819,ENSG00000076351,SLC46A1,Unknown
12820,ENSG00000143612,C1orf43,Unknown
12821,ENSG00000162600,OMA1,Unknown
12822,ENSG00000275600,PIGW,Unknown
12823,ENSG00000141437,SLC25A52,Unknown
12824,ENSG00000283034,ZNF445,Non-driver
12825,ENSG00000161905,ALOX15,Unknown
12826,ENSG00000166396,SERPINB7,Unknown
12827,ENSG00000118017,A4GNT,Unknown
12828,ENSG00000198792,TMEM184B,Non-driver
12829,ENSG00000111684,LPCAT3,Unknown
12830,ENSG00000167332,OR51E2,Unknown
12831,ENSG00000164180,TMEM161B,Non-driver
12832,ENSG00000139624,CERS5,Unknown
12833,ENSG00000181396,OGFOD3,Non-driver
12834,ENSG00000149582,TMEM25,Unknown
12835,ENSG00000176454,LPCAT4,Non-driver
12836,ENSG00000197586,ENTPD6,Unknown
12837,ENSG00000178752,ERFE,Unknown
12838,ENSG00000170801,HTRA3,Unknown
12839,ENSG00000185621,LMLN,Unknown
12840,ENSG00000120820,GLT8D2,Unknown
12841,ENSG00000173852,DPY19L1,Unknown
12842,ENSG00000164976,MYORG,Unknown
12843,ENSG00000144959,NCEH1,Unknown
12844,ENSG00000106771,TMEM245,Non-driver
12845,ENSG00000169379,ARL13B,Unknown
12846,ENSG00000182162,P2RY8,Driver
12847,ENSG00000133657,ATP13A3,Unknown
12848,ENSG00000115828,QPCT,Unknown
12849,ENSG00000198018,ENTPD7,Unknown
12850,,TMEM8A,Non-driver
12851,ENSG00000146282,RARS2,Unknown
12852,ENSG00000069943,PIGB,Unknown
12853,ENSG00000163755,HPS3,Unknown
12854,ENSG00000111728,ST8SIA1,Non-driver
12855,ENSG00000269556,TMEM185A,Non-driver
12856,ENSG00000226479,TMEM185B,Non-driver
12857,ENSG00000143653,SCCPDH,Non-driver
12858,ENSG00000115488,NEU2,Unknown
12859,ENSG00000196950,SLC39A10,Non-driver
12860,ENSG00000112195,TREML2,Unknown
12861,ENSG00000153214,TMEM87B,Unknown
12862,ENSG00000086696,HSD17B2,Unknown
12863,ENSG00000090530,P3H2,Unknown
12864,ENSG00000206072,SERPINB11,Unknown
12865,ENSG00000152749,GPR180,Unknown
12866,ENSG00000115525,ST3GAL5,Non-driver
12867,ENSG00000243449,C4orf48,Unknown
12868,ENSG00000169884,WNT10B,Unknown
12869,ENSG00000070718,AP3M2,Unknown
12870,,FUK,Unknown
12871,ENSG00000145309,CABS1,Non-driver
12872,ENSG00000122778,KIAA1549,Driver
12873,ENSG00000110975,SYT10,Unknown
12874,ENSG00000184330,S100A7A,Unknown
12875,ENSG00000172888,ZNF621,Non-driver
12876,ENSG00000149328,GLB1L2,Non-driver
12877,ENSG00000169105,CHST14,Unknown
12878,ENSG00000196562,SULF2,Unknown
12879,ENSG00000088812,ATRN,Unknown
12880,ENSG00000144357,UBR3,Unknown
12881,ENSG00000106868,SUSD1,Non-driver
12882,ENSG00000146833,TRIM4,Non-driver
12883,ENSG00000100276,RASL10A,Unknown
12884,ENSG00000168528,SERINC2,Unknown
12885,ENSG00000110013,SIAE,Unknown
12886,ENSG00000138744,NAAA,Unknown
12887,ENSG00000013288,MAN2B2,Non-driver
12888,ENSG00000140993,TIGD7,Unknown
12889,ENSG00000147432,CHRNB3,Unknown
12890,ENSG00000174428,GTF2IRD2B,Non-driver
12891,ENSG00000112761,CCN6,Non-driver
12892,ENSG00000167261,DPEP2,Unknown
12893,ENSG00000033100,CHPF2,Unknown
12894,ENSG00000168569,TMEM223,Non-driver
12895,ENSG00000145990,GFOD1,Non-driver
12896,ENSG00000141098,GFOD2,Non-driver
12897,ENSG00000162694,EXTL2,Unknown
12898,ENSG00000139572,GPR84,Unknown
12899,ENSG00000188095,MESP2,Unknown
12900,ENSG00000157617,C2CD2,Unknown
12901,ENSG00000095203,EPB41L4B,Unknown
12902,ENSG00000161714,PLCD3,Non-driver
12903,ENSG00000288508,ISLR,Unknown
12904,ENSG00000170848,PSG6,Unknown
12905,ENSG00000204941,PSG5,Unknown
12906,ENSG00000221826,PSG3,Unknown
12907,ENSG00000129667,RHBDF2,Unknown
12908,ENSG00000139344,AMDHD1,Non-driver
12909,ENSG00000159579,RSPRY1,Unknown
12910,ENSG00000187054,TMPRSS11A,Unknown
12911,ENSG00000166682,TMPRSS5,Unknown
12912,ENSG00000134779,TPGS2,Non-driver
12913,ENSG00000186919,ZACN,Non-driver
12914,ENSG00000149150,SLC43A1,Unknown
12915,ENSG00000171466,ZNF562,Non-driver
12916,ENSG00000171469,ZNF561,Non-driver
12917,ENSG00000167981,ZNF597,Unknown
12918,ENSG00000124302,CHST8,Unknown
12919,ENSG00000087299,L2HGDH,Unknown
12920,ENSG00000276175,LILRA3,Unknown
12921,ENSG00000277398,LILRA1,Unknown
12922,ENSG00000149054,ZNF215,Unknown
12923,ENSG00000166979,EVA1C,Non-driver
12924,ENSG00000125355,TMEM255A,Non-driver
12925,ENSG00000115226,FNDC4,Unknown
12926,ENSG00000122986,HVCN1,Unknown
12927,ENSG00000118242,MREG,Unknown
12928,ENSG00000177181,RIMKLA,Non-driver
12929,ENSG00000188352,FOCAD,Unknown
12930,ENSG00000072954,TMEM38A,Unknown
12931,ENSG00000151806,GUF1,Unknown
12932,ENSG00000188175,HEPACAM2,Unknown
12933,ENSG00000068137,PLEKHH3,Non-driver
12934,ENSG00000168671,UGT3A2,Unknown
12935,ENSG00000163898,LIPH,Unknown
12936,ENSG00000087116,ADAMTS2,Unknown
12937,ENSG00000214456,PLIN5,Unknown
12938,ENSG00000100344,PNPLA3,Unknown
12939,ENSG00000139974,SLC38A6,Unknown
12940,ENSG00000281919,SLC45A2,Unknown
12941,ENSG00000140675,SLC5A2,Unknown
12942,ENSG00000113296,THBS4,Unknown
12943,ENSG00000205268,PDE7A,Unknown
12944,ENSG00000188782,CATSPER4,Unknown
12945,ENSG00000170464,DNAJC18,Non-driver
12946,ENSG00000103196,CRISPLD2,Unknown
12947,ENSG00000164176,EDIL3,Non-driver
12948,ENSG00000136883,KIF12,Unknown
12949,ENSG00000146006,LRRTM2,Unknown
12950,ENSG00000198754,OXCT2,Unknown
12951,ENSG00000094975,SUCO,Non-driver
12952,ENSG00000163053,SLC16A14,Non-driver
12953,ENSG00000138111,MFSD13A,Non-driver
12954,ENSG00000186377,CYP4X1,Unknown
12955,ENSG00000196636,SDHAF3,Non-driver
12956,ENSG00000276114,CCL23,Unknown
12957,ENSG00000173638,SLC19A1,Unknown
12958,ENSG00000148950,IMMP1L,Unknown
12959,ENSG00000248099,INSL3,Unknown
12960,ENSG00000150045,KLRF1,Unknown
12961,ENSG00000206150,RNASE13,Non-driver
12962,ENSG00000177202,SPACA4,Unknown
12963,ENSG00000134905,CARS2,Unknown
12964,ENSG00000164494,PDSS2,Unknown
12965,ENSG00000204140,CLPSL1,Non-driver
12966,ENSG00000188811,NHLRC3,Non-driver
12967,ENSG00000228083,IFNA14,Unknown
12968,ENSG00000234829,IFNA17,Unknown
12969,ENSG00000138308,PLA2G12B,Unknown
12970,ENSG00000263961,RHEX,Non-driver
12971,ENSG00000173947,PIFO,Non-driver
12972,ENSG00000109762,SNX25,Unknown
12973,ENSG00000090975,PITPNM2,Unknown
12974,ENSG00000148343,MIGA2,Non-driver
12975,ENSG00000205111,CDKL4,Non-driver
12976,ENSG00000185838,GNB1L,Unknown
12977,ENSG00000176204,LRRTM4,Unknown
12978,ENSG00000139044,B4GALNT3,Unknown
12979,ENSG00000182272,B4GALNT4,Non-driver
12980,ENSG00000198799,LRIG2,Unknown
12981,ENSG00000146530,VWDE,Non-driver
12982,ENSG00000119900,OGFRL1,Non-driver
12983,ENSG00000113119,TMCO6,Non-driver
12984,ENSG00000171595,DNAI2,Unknown
12985,ENSG00000101448,EPPIN,Non-driver
12986,ENSG00000249139,EPPIN-WFDC6,Non-driver
12987,ENSG00000187800,PEAR1,Unknown
12988,ENSG00000180626,ZNF594,Non-driver
12989,ENSG00000154415,PPP1R3A,Unknown
12990,ENSG00000139292,LGR5,Unknown
12991,ENSG00000173114,LRRN3,Unknown
12992,ENSG00000182168,UNC5C,Unknown
12993,ENSG00000148468,FAM171A1,Unknown
12994,ENSG00000152767,FARP1,Unknown
12995,ENSG00000224940,PRRT4,Non-driver
12996,ENSG00000113205,PCDHB3,Unknown
12997,ENSG00000117114,ADGRL2,Unknown
12998,ENSG00000081760,AACS,Unknown
12999,ENSG00000108846,ABCC3,Unknown
13000,ENSG00000112812,PRSS16,Unknown
13001,ENSG00000151005,TKTL2,Unknown
13002,ENSG00000170950,PGK2,Unknown
13003,ENSG00000164434,FABP7,Unknown
13004,ENSG00000047365,ARAP2,Unknown
13005,ENSG00000143891,GALM,Unknown
13006,ENSG00000101311,FERMT1,Unknown
13007,ENSG00000100033,PRODH,Unknown
13008,ENSG00000253626,EIF5AL1,Non-driver
13009,ENSG00000134398,ERN2,Unknown
13010,ENSG00000156958,GALK2,Unknown
13011,ENSG00000183208,GDPGP1,Non-driver
13012,ENSG00000196475,GK2,Non-driver
13013,ENSG00000099984,GSTT2,Unknown
13014,ENSG00000107902,LHPP,Unknown
13015,ENSG00000198951,NAGA,Unknown
13016,ENSG00000185792,NLRP9,Non-driver
13017,ENSG00000215440,NPEPL1,Non-driver
13018,ENSG00000157045,NTAN1,Unknown
13019,ENSG00000218823,PAPOLB,Unknown
13020,ENSG00000127125,PPCS,Unknown
13021,ENSG00000185164,NOMO2,Unknown
13022,ENSG00000013583,HEBP1,Unknown
13023,ENSG00000145284,SCD5,Non-driver
13024,ENSG00000100092,SH3BP1,Unknown
13025,ENSG00000171612,SLC25A33,Unknown
13026,ENSG00000114779,ABHD14B,Non-driver
13027,ENSG00000109667,SLC2A9,Unknown
13028,ENSG00000142871,CCN1,Non-driver
13029,ENSG00000167962,ZNF598,Unknown
13030,ENSG00000214338,SOGA3,Non-driver
13031,ENSG00000176393,RNPEP,Unknown
13032,ENSG00000105778,AVL9,Unknown
13033,ENSG00000254656,RTL1,Unknown
13034,ENSG00000172318,B3GALT1,Unknown
13035,ENSG00000172733,PURG,Unknown
13036,ENSG00000106034,CPED1,Non-driver
13037,ENSG00000154165,GPR15,Unknown
13038,ENSG00000181827,RFX7,Unknown
13039,ENSG00000121075,TBX4,Unknown
13040,ENSG00000248905,FMN1,Non-driver
13041,ENSG00000160094,ZNF362,Unknown
13042,ENSG00000156787,TBC1D31,Non-driver
13043,ENSG00000104983,CCDC61,Unknown
13044,ENSG00000277848,MEGF11,Unknown
13045,ENSG00000143971,ETAA1,Unknown
13046,ENSG00000196074,SYCP2,Unknown
13047,ENSG00000263002,ZNF234,Unknown
13048,ENSG00000186020,ZNF529,Non-driver
13049,ENSG00000204611,ZNF616,Non-driver
13050,ENSG00000244588,RAD21L1,Non-driver
13051,,FOPNL,Unknown
13052,ENSG00000169607,CKAP2L,Unknown
13053,ENSG00000133739,LRRCC1,Unknown
13054,ENSG00000169359,SLC33A1,Unknown
13055,ENSG00000006831,ADIPOR2,Unknown
13056,ENSG00000138018,SELENOI,Unknown
13057,ENSG00000164168,TMEM184C,Unknown
13058,ENSG00000146842,TMEM209,Non-driver
13059,ENSG00000166471,TMEM41B,Non-driver
13060,ENSG00000175274,TP53I11,Unknown
13061,ENSG00000139636,LMBR1L,Unknown
13062,ENSG00000143797,MBOAT2,Unknown
13063,ENSG00000111860,CEP85L,Non-driver
13064,ENSG00000170390,DCLK2,Unknown
13065,ENSG00000100147,CCDC134,Non-driver
13066,ENSG00000158966,CACHD1,Unknown
13067,ENSG00000148358,GPR107,Non-driver
13068,ENSG00000176018,LYSMD3,Non-driver
13069,ENSG00000124786,SLC35B3,Unknown
13070,ENSG00000131389,SLC6A6,Unknown
13071,ENSG00000149483,TMEM138,Unknown
13072,ENSG00000180776,ZDHHC20,Unknown
13073,ENSG00000163704,PRRT3,Non-driver
13074,ENSG00000173930,SLCO4C1,Unknown
13075,ENSG00000187049,TMEM216,Unknown
13076,ENSG00000116396,KCNC4,Unknown
13077,ENSG00000103061,SLC7A6OS,Unknown
13078,ENSG00000164403,SHROOM1,Unknown
13079,ENSG00000100124,ANKRD54,Unknown
13080,ENSG00000114541,FRMD4B,Unknown
13081,,KIAA0556,Non-driver
13082,ENSG00000148459,PDSS1,Unknown
13083,ENSG00000019186,CYP24A1,Unknown
13084,ENSG00000174886,NDUFA11,Unknown
13085,ENSG00000110074,FOXRED1,Unknown
13086,ENSG00000144406,UNC80,Unknown
13087,ENSG00000164296,TIGD6,Non-driver
13088,ENSG00000004848,ARX,Unknown
13089,ENSG00000172197,MBOAT1,Unknown
13090,ENSG00000171487,NLRP5,Unknown
13091,ENSG00000183340,JRKL,Unknown
13092,ENSG00000167701,GPT,Unknown
13093,ENSG00000131848,ZSCAN5A,Non-driver
13094,ENSG00000113248,PCDHB15,Unknown
13095,ENSG00000166548,TK2,Unknown
13096,ENSG00000274538,PHLDA2,Unknown
13097,ENSG00000005889,ZFX,Unknown
13098,ENSG00000164099,PRSS12,Unknown
13099,ENSG00000275568,ARHGAP11A,Unknown
13100,ENSG00000138640,FAM13A,Unknown
13101,ENSG00000173083,HPSE,Unknown
13102,ENSG00000134802,SLC43A3,Unknown
13103,ENSG00000111696,NT5DC3,Unknown
13104,ENSG00000056586,RC3H2,Unknown
13105,ENSG00000074657,ZNF532,Non-driver
13106,ENSG00000024526,DEPDC1,Unknown
13107,ENSG00000125454,SLC25A19,Unknown
13108,ENSG00000134343,ANO3,Unknown
13109,ENSG00000123600,METTL8,Non-driver
13110,ENSG00000091622,PITPNM3,Unknown
13111,ENSG00000204991,SPIRE2,Non-driver
13112,ENSG00000186001,LRCH3,Non-driver
13113,ENSG00000213799,ZNF845,Non-driver
13114,ENSG00000017483,SLC38A5,Unknown
13115,ENSG00000203705,TATDN3,Non-driver
13116,ENSG00000123165,ACTRT1,Unknown
13117,ENSG00000180346,TIGD2,Unknown
13118,ENSG00000173681,BCLAF3,Non-driver
13119,ENSG00000277972,CISD3,Unknown
13120,ENSG00000185189,NRBP2,Unknown
13121,ENSG00000257315,ZBED6,Unknown
13122,ENSG00000070601,FRMPD1,Unknown
13123,ENSG00000163623,NKX6-1,Unknown
13124,ENSG00000104967,NOVA2,Unknown
13125,ENSG00000184677,ZBTB40,Unknown
13126,ENSG00000251493,FOXD1,Unknown
13127,ENSG00000178919,FOXE1,Unknown
13128,ENSG00000186766,FOXI2,Unknown
13129,ENSG00000179981,TSHZ1,Unknown
13130,ENSG00000176678,FOXL1,Unknown
13131,ENSG00000164379,FOXQ1,Unknown
13132,ENSG00000267728,KRTAP9-9,Non-driver
13133,ENSG00000180386,KRTAP9-7,Non-driver
13134,ENSG00000240542,KRTAP9-1,Non-driver
13135,ENSG00000162782,TDRD5,Unknown
13136,ENSG00000227140,USP17L5,Non-driver
13137,ENSG00000230549,USP17L1,Non-driver
13138,ENSG00000144659,SLC25A38,Unknown
13139,ENSG00000188452,CERKL,Unknown
13140,ENSG00000176567,OR4X1,Non-driver
13141,ENSG00000214435,AS3MT,Unknown
13142,ENSG00000196917,HCAR1,Unknown
13143,ENSG00000184347,SLIT3,Unknown
13144,ENSG00000165973,NELL1,Unknown
13145,ENSG00000171714,ANO5,Unknown
13146,ENSG00000170613,FAM71B,Non-driver
13147,ENSG00000261221,ZNF865,Non-driver
13148,ENSG00000139800,ZIC5,Unknown
13149,ENSG00000224877,NDUFAF8,Non-driver
13150,ENSG00000240857,RDH14,Unknown
13151,ENSG00000101166,PRELID3B,Non-driver
13152,ENSG00000127184,COX7C,Unknown
13153,ENSG00000240230,COX19,Unknown
13154,ENSG00000123815,COQ8B,Unknown
13155,ENSG00000135469,COQ10A,Non-driver
13156,ENSG00000173085,COQ2,Unknown
13157,ENSG00000167799,NUDT8,Non-driver
13158,ENSG00000165443,PHYHIPL,Non-driver
13159,ENSG00000115520,COQ10B,Non-driver
13160,ENSG00000185973,TMLHE,Unknown
13161,ENSG00000006282,SPATA20,Unknown
13162,ENSG00000146250,PRSS35,Non-driver
13163,ENSG00000184831,APOO,Unknown
13164,ENSG00000144481,TRPM8,Unknown
13165,ENSG00000198771,RCSD1,Unknown
13166,ENSG00000276776,TC2N,Non-driver
13167,ENSG00000163608,NEPRO,Unknown
13168,ENSG00000174990,CA5A,Unknown
13169,ENSG00000167800,TBX10,Unknown
13170,ENSG00000235608,NKX1-1,Unknown
13171,ENSG00000131845,ZNF304,Unknown
13172,ENSG00000105467,SYNGR4,Unknown
13173,ENSG00000213853,EMP2,Unknown
13174,ENSG00000132294,EFR3A,Unknown
13175,ENSG00000165757,JCAD,Non-driver
13176,ENSG00000165959,CLMN,Unknown
13177,ENSG00000115459,ELMOD3,Unknown
13178,ENSG00000166897,ELFN2,Non-driver
13179,ENSG00000288318,PALM3,Non-driver
13180,ENSG00000215252,GOLGA8B,Unknown
13181,ENSG00000116157,GPX7,Unknown
13182,ENSG00000212657,KRTAP16-1,Non-driver
13183,ENSG00000170667,RASA4B,Non-driver
13184,ENSG00000284965,OR2F2,Non-driver
13185,ENSG00000130368,MAS1,Unknown
13186,ENSG00000154678,PDE1C,Unknown
13187,ENSG00000188107,EYS,Unknown
13188,ENSG00000172824,CES4A,Non-driver
13189,ENSG00000214595,EML6,Non-driver
13190,ENSG00000238243,OR2W3,Unknown
13191,,PRSS42,Non-driver
13192,126231,ZNF573,Non-driver
13193,ENSG00000102043,MTMR8,Unknown
13194,ENSG00000189108,IL1RAPL2,Unknown
13195,ENSG00000254245,PCDHGA3,Unknown
13196,ENSG00000174948,GPR149,Non-driver
13197,ENSG00000167065,DUSP18,Non-driver
13198,ENSG00000156194,PPEF2,Unknown
13199,ENSG00000203867,RBM20,Unknown
13200,ENSG00000167861,HID1,Unknown
13201,ENSG00000198585,NUDT16,Unknown
13202,ENSG00000213973,ZNF99,Unknown
13203,ENSG00000263464,PPIAL4C,Non-driver
13204,ENSG00000137080,IFNA21,Unknown
13205,ENSG00000174482,LINGO2,Non-driver
13206,ENSG00000197479,PCDHB11,Unknown
13207,ENSG00000250120,PCDHA10,Unknown
13208,ENSG00000211679,IGLC3,Non-driver
13209,ENSG00000253910,PCDHGB2,Unknown
13210,ENSG00000254221,PCDHGB1,Unknown
13211,ENSG00000248383,PCDHAC1,Unknown
13212,ENSG00000198077,CYP2A7,Unknown
13213,ENSG00000186190,BPIFB3,Non-driver
13214,ENSG00000165246,NLGN4Y,Unknown
13215,ENSG00000236334,PPIAL4G,Unknown
13216,ENSG00000131398,KCNC3,Unknown
13217,ENSG00000272674,PCDHB16,Unknown
13218,ENSG00000251664,PCDHA12,Unknown
13219,,IGLC2,Non-driver
13220,ENSG00000187372,PCDHB13,Unknown
13221,ENSG00000255408,PCDHA3,Unknown
13222,ENSG00000162365,CYP4A22,Unknown
13223,ENSG00000239389,PCDHA13,Unknown
13224,ENSG00000204961,PCDHA9,Unknown
13225,ENSG00000160870,CYP3A7,Unknown
13226,ENSG00000186526,CYP4F8,Unknown
13227,ENSG00000276547,PCDHGB5,Unknown
13228,ENSG00000253953,PCDHGB4,Unknown
13229,ENSG00000166173,LARP6,Unknown
13230,ENSG00000284810,CTRB2,Non-driver
13231,ENSG00000100012,SEC14L3,Unknown
13232,ENSG00000253485,PCDHGA5,Unknown
13233,ENSG00000197838,CYP2A13,Unknown
13234,ENSG00000105889,STEAP1B,Non-driver
13235,ENSG00000051128,HOMER3,Unknown
13236,ENSG00000262209,PCDHGB3,Unknown
13237,ENSG00000214042,IFNA7,Unknown
13238,ENSG00000243709,LEFTY1,Non-driver
13239,ENSG00000124467,PSG8,Unknown
13240,ENSG00000071073,MGAT4A,Unknown
13241,ENSG00000130751,NPAS1,Unknown
13242,ENSG00000095587,TLL2,Unknown
13243,ENSG00000163295,ALPI,Unknown
13244,ENSG00000059691,GATB,Unknown
13245,ENSG00000004809,SLC22A16,Unknown
13246,ENSG00000113212,PCDHB7,Unknown
13247,ENSG00000204970,PCDHA1,Unknown
13248,ENSG00000131409,LRRC4B,Non-driver
13249,ENSG00000198131,ZNF544,Non-driver
13250,ENSG00000186297,GABRA5,Unknown
13251,ENSG00000174348,PODN,Unknown
13252,ENSG00000189184,PCDH18,Unknown
13253,ENSG00000242419,PCDHGC4,Unknown
13254,ENSG00000100003,SEC14L2,Unknown
13255,ENSG00000112852,PCDHB2,Unknown
13256,ENSG00000111799,COL12A1,Unknown
13257,ENSG00000213512,GBP7,Unknown
13258,ENSG00000228278,ORM2,Unknown
13259,ENSG00000185674,LYG2,Unknown
13260,ENSG00000134249,ADAM30,Unknown
13261,ENSG00000015413,DPEP1,Unknown
13262,ENSG00000139200,PIANP,Unknown
13263,ENSG00000141096,DPEP3,Unknown
13264,ENSG00000113211,PCDHB6,Unknown
13265,ENSG00000138650,PCDH10,Unknown
13266,ENSG00000118946,PCDH17,Unknown
13267,ENSG00000167740,CYB5D2,Non-driver
13268,ENSG00000158467,AHCYL2,Unknown
13269,ENSG00000074935,TUBE1,Unknown
13270,ENSG00000165105,RASEF,Unknown
13271,ENSG00000221968,FADS3,Unknown
13272,ENSG00000136478,TEX2,Non-driver
13273,ENSG00000170373,CST1,Unknown
13274,ENSG00000101441,CST4,Unknown
13275,ENSG00000057704,TMCC3,Unknown
13276,ENSG00000179104,TMTC2,Unknown
13277,ENSG00000166450,PRTG,Unknown
13278,ENSG00000113555,PCDH12,Unknown
13279,ENSG00000198538,ZNF28,Unknown
13280,ENSG00000253537,PCDHGA7,Unknown
13281,ENSG00000168515,SCGB1D1,Unknown
13282,ENSG00000162877,PM20D1,Unknown
13283,ENSG00000167904,TMEM68,Non-driver
13284,ENSG00000103742,IGDCC4,Unknown
13285,ENSG00000165023,DIRAS2,Unknown
13286,ENSG00000185909,KLHDC8B,Unknown
13287,ENSG00000177047,IFNW1,Unknown
13288,ENSG00000134533,RERG,Unknown
13289,ENSG00000127418,FGFRL1,Unknown
13290,ENSG00000156150,ALX3,Unknown
13291,ENSG00000139330,KERA,Unknown
13292,ENSG00000274349,ZNF658,Unknown
13293,ENSG00000178163,ZNF518B,Unknown
13294,ENSG00000175697,GPR156,Unknown
13295,ENSG00000221890,NPTXR,Non-driver
13296,ENSG00000159618,ADGRG5,Unknown
13297,ENSG00000172878,METAP1D,Unknown
13298,ENSG00000136169,SETDB2,Driver
13299,ENSG00000174326,SLC16A11,Unknown
13300,ENSG00000062370,ZNF112,Unknown
13301,ENSG00000197363,ZNF517,Non-driver
13302,ENSG00000198759,EGFL6,Unknown
13303,ENSG00000278216,UGT2A3,Unknown
13304,ENSG00000173227,SYT12,Unknown
13305,ENSG00000173391,OLR1,Unknown
13306,ENSG00000160161,CILP2,Unknown
13307,ENSG00000166535,A2ML1,Unknown
13308,ENSG00000122254,HS3ST2,Unknown
13309,ENSG00000149742,SLC22A9,Unknown
13310,ENSG00000164451,CALHM4,Non-driver
13311,ENSG00000170044,ZPLD1,Unknown
13312,ENSG00000140511,HAPLN3,Non-driver
13313,ENSG00000168903,BTNL3,Unknown
13314,ENSG00000149218,ENDOD1,Non-driver
13315,ENSG00000100416,TRMU,Unknown
13316,ENSG00000167992,VWCE,Non-driver
13317,ENSG00000075429,CACNG5,Unknown
13318,ENSG00000110900,TSPAN11,Non-driver
13319,ENSG00000120519,SLC10A7,Non-driver
13320,ENSG00000205359,SLCO6A1,Unknown
13321,ENSG00000145863,GABRA6,Unknown
13322,ENSG00000185664,PMEL,Non-driver
13323,ENSG00000122711,SPINK4,Unknown
13324,ENSG00000164411,GJB7,Unknown
13325,ENSG00000119004,CYP20A1,Non-driver
13326,ENSG00000180432,CYP8B1,Unknown
13327,ENSG00000163626,COX18,Unknown
13328,ENSG00000197020,ZNF100,Unknown
13329,ENSG00000065308,TRAM2,Unknown
13330,ENSG00000112337,SLC17A2,Unknown
13331,ENSG00000157693,TMEM268,Non-driver
13332,ENSG00000117151,CTBS,Unknown
13333,ENSG00000139540,SLC39A5,Unknown
13334,ENSG00000167280,ENGASE,Non-driver
13335,ENSG00000172828,CES3,Unknown
13336,ENSG00000095713,CRTAC1,Unknown
13337,ENSG00000148482,SLC39A12,Unknown
13338,ENSG00000134193,REG4,Unknown
13339,ENSG00000124785,NRN1,Unknown
13340,ENSG00000164520,RAET1E,Non-driver
13341,ENSG00000103260,METRN,Unknown
13342,ENSG00000198797,BRINP2,Non-driver
13343,ENSG00000162670,BRINP3,Unknown
13344,ENSG00000182986,ZNF320,Unknown
13345,ENSG00000232143,GNL1,Unknown
13346,ENSG00000186777,ZNF732,Non-driver
13347,ENSG00000165953,SERPINA12,Unknown
13348,ENSG00000162687,KCNT2,Unknown
13349,ENSG00000162086,ZNF75A,Unknown
13350,ENSG00000162944,RFTN2,Unknown
13351,ENSG00000186803,IFNA10,Unknown
13352,ENSG00000185873,TMPRSS11B,Non-driver
13353,ENSG00000183196,CHST6,Unknown
13354,ENSG00000243232,PCDHAC2,Unknown
13355,ENSG00000162496,DHRS3,Unknown
13356,ENSG00000178502,KLHL11,Non-driver
13357,ENSG00000145103,ILDR1,Unknown
13358,ENSG00000253767,PCDHGA8,Unknown
13359,ENSG00000180423,HARBI1,Unknown
13360,ENSG00000133069,TMCC2,Non-driver
13361,ENSG00000183979,NPB,Unknown
13362,ENSG00000160233,LRRC3,Unknown
13363,ENSG00000146453,PNLDC1,Non-driver
13364,ENSG00000186452,TMPRSS12,Non-driver
13365,,IGHA2,Unknown
13366,ENSG00000197745,SCGB1D4,Unknown
13367,ENSG00000141337,ARSG,Unknown
13368,ENSG00000182612,TSPAN10,Non-driver
13369,ENSG00000170382,LRRN2,Unknown
13370,ENSG00000101203,COL20A1,Non-driver
13371,ENSG00000283934,IGSF6,Unknown
13372,ENSG00000162951,LRRTM1,Unknown
13373,ENSG00000133597,ADCK2,Non-driver
13374,ENSG00000171462,DLK2,Non-driver
13375,ENSG00000203697,CAPN8,Non-driver
13376,ENSG00000150967,ABCB9,Unknown
13377,ENSG00000166118,SPATA19,Unknown
13378,ENSG00000126010,GRPR,Driver
13379,ENSG00000137507,LRRC32,Unknown
13380,ENSG00000169955,ZNF747,Non-driver
13381,ENSG00000151033,LYZL2,Unknown
13382,ENSG00000115084,SLC35F5,Non-driver
13383,ENSG00000146411,SLC2A12,Unknown
13384,ENSG00000135407,AVIL,Unknown
13385,ENSG00000253159,PCDHGA12,Unknown
13386,ENSG00000137968,SLC44A5,Non-driver
13387,ENSG00000135697,BCO1,Unknown
13388,,C12orf49,Non-driver
13389,ENSG00000157214,STEAP2,Unknown
13390,,KIAA1324L,Unknown
13391,ENSG00000077713,SLC25A43,Unknown
13392,ENSG00000050165,DKK3,Unknown
13393,ENSG00000137869,CYP19A1,Driver
13394,ENSG00000204524,ZNF805,Non-driver
13395,ENSG00000197408,CYP2B6,Unknown
13396,ENSG00000164484,TMEM200A,Non-driver
13397,ENSG00000164855,TMEM184A,Non-driver
13398,ENSG00000016402,IL20RA,Unknown
13399,ENSG00000184254,ALDH1A3,Unknown
13400,ENSG00000177932,ZNF354C,Non-driver
13401,ENSG00000121417,ZNF211,Non-driver
13402,ENSG00000160097,FNDC5,Unknown
13403,ENSG00000155970,MICU3,Unknown
13404,ENSG00000174951,FUT1,Unknown
13405,ENSG00000186026,ZNF284,Non-driver
13406,ENSG00000091490,SEL1L3,Non-driver
13407,ENSG00000184599,TAFA3,Non-driver
13408,ENSG00000157315,TMED6,Non-driver
13409,ENSG00000180257,ZNF816,Non-driver
13410,ENSG00000174514,MFSD4A,Non-driver
13411,ENSG00000106328,FSCN3,Unknown
13412,ENSG00000149050,ZNF214,Unknown
13413,ENSG00000139985,ADAM21,Unknown
13414,ENSG00000166509,CLEC3A,Unknown
13415,ENSG00000189050,RNFT1,Unknown
13416,ENSG00000187037,GPR141,Unknown
13417,ENSG00000105852,PON3,Unknown
13418,ENSG00000165194,PCDH19,Unknown
13419,ENSG00000124574,ABCC10,Unknown
13420,ENSG00000174842,GLMN,Non-driver
13421,ENSG00000218336,TENM3,Unknown
13422,ENSG00000198346,ZNF813,Non-driver
13423,ENSG00000213096,ZNF254,Unknown
13424,ENSG00000165475,CRYL1,Unknown
13425,ENSG00000162078,ZG16B,Non-driver
13426,ENSG00000183569,SERHL2,Unknown
13427,ENSG00000135953,MFSD9,Non-driver
13428,ENSG00000175928,LRRN1,Non-driver
13429,ENSG00000172687,ZNF738,Non-driver
13430,ENSG00000144045,DQX1,Non-driver
13431,ENSG00000120563,LYZL1,Non-driver
13432,ENSG00000125900,SIRPD,Non-driver
13433,ENSG00000182489,XKRX,Unknown
13434,ENSG00000005189,REXO5,Non-driver
13435,ENSG00000146066,HIGD2A,Non-driver
13436,ENSG00000174109,C16orf91,Non-driver
13437,ENSG00000273111,LYPD4,Non-driver
13438,ENSG00000172940,SLC22A13,Unknown
13439,ENSG00000169758,TMEM266,Non-driver
13440,ENSG00000113108,APBB3,Unknown
13441,ENSG00000107362,ABHD17B,Unknown
13442,ENSG00000237814,SFTA2,Non-driver
13443,ENSG00000157837,SPPL3,Unknown
13444,ENSG00000275031,METRNL,Unknown
13445,ENSG00000136237,RAPGEF5,Unknown
13446,ENSG00000105088,OLFM2,Unknown
13447,ENSG00000166575,TMEM135,Unknown
13448,ENSG00000182534,MXRA7,Non-driver
13449,ENSG00000119686,FLVCR2,Unknown
13450,ENSG00000188467,SLC24A5,Unknown
13451,ENSG00000158516,CPA2,Unknown
13452,ENSG00000163959,SLC51A,Non-driver
13453,ENSG00000128040,SPINK2,Unknown
13454,ENSG00000083454,P2RX5,Non-driver
13455,ENSG00000205669,ACOT6,Unknown
13456,ENSG00000180479,ZNF571,Non-driver
13457,ENSG00000173875,ZNF791,Non-driver
13458,ENSG00000159905,ZNF221,Non-driver
13459,ENSG00000256294,ZNF225,Non-driver
13460,ENSG00000163328,GPR155,Non-driver
13461,ENSG00000173950,XXYLT1,Unknown
13462,ENSG00000124935,SCGB1D2,Unknown
13463,ENSG00000235589,ZNF311,Non-driver
13464,ENSG00000145451,GLRA3,Unknown
13465,ENSG00000141449,GREB1L,Unknown
13466,ENSG00000144043,TEX261,Non-driver
13467,ENSG00000172817,CYP7B1,Unknown
13468,ENSG00000151948,GLT1D1,Non-driver
13469,ENSG00000104499,GML,Unknown
13470,ENSG00000269743,SLC25A53,Unknown
13471,ENSG00000139433,GLTP,Unknown
13472,ENSG00000172986,GXYLT2,Unknown
13473,ENSG00000151233,GXYLT1,Unknown
13474,ENSG00000099998,GGT5,Unknown
13475,ENSG00000124490,CRISP2,Unknown
13476,ENSG00000099999,RNF215,Non-driver
13477,ENSG00000158156,XKR8,Non-driver
13478,ENSG00000115649,CNPPD1,Non-driver
13479,ENSG00000163710,PCOLCE2,Unknown
13480,ENSG00000103355,PRSS33,Unknown
13481,ENSG00000131781,FMO5,Unknown
13482,ENSG00000131044,TTLL9,Unknown
13483,ENSG00000124251,TP53TG5,Unknown
13484,ENSG00000167562,ZNF701,Non-driver
13485,ENSG00000169397,RNASE3,Unknown
13486,ENSG00000080166,DCT,Unknown
13487,ENSG00000213085,CFAP45,Unknown
13488,ENSG00000184995,IFNE,Unknown
13489,ENSG00000078795,PKD2L2,Unknown
13490,ENSG00000176782,DEFB104A,Non-driver
13491,ENSG00000277006,DEFB104B,Non-driver
13492,ENSG00000101670,LIPG,Unknown
13493,ENSG00000125458,NT5C,Unknown
13494,ENSG00000143297,FCRL5,Non-driver
13495,ENSG00000007350,TKTL1,Unknown
13496,ENSG00000165076,PRSS37,Non-driver
13497,ENSG00000118276,B4GALT6,Unknown
13498,ENSG00000183709,IFNL2,Unknown
13499,ENSG00000104804,TULP2,Unknown
13500,ENSG00000134538,SLCO1B1,Unknown
13501,ENSG00000117009,KMO,Unknown
13502,ENSG00000167543,TP53I13,Non-driver
13503,ENSG00000198812,LRRC10,Unknown
13504,ENSG00000142694,EVA1B,Non-driver
13505,ENSG00000186334,SLC36A3,Non-driver
13506,ENSG00000109576,AADAT,Unknown
13507,ENSG00000145879,SPINK7,Unknown
13508,ENSG00000138463,SLC49A4,Non-driver
13509,ENSG00000166250,CLMP,Unknown
13510,ENSG00000144908,ALDH1L1,Unknown
13511,ENSG00000158865,SLC5A11,Unknown
13512,ENSG00000172728,FUT10,Unknown
13513,ENSG00000002745,WNT16,Unknown
13514,ENSG00000004846,ABCB5,Unknown
13515,ENSG00000167536,DHRS13,Unknown
13516,ENSG00000155893,PXYLP1,Non-driver
13517,ENSG00000174562,KLK15,Unknown
13518,ENSG00000254402,LRRC24,Non-driver
13519,ENSG00000168890,TMEM150A,Unknown
13520,ENSG00000179954,SSC5D,Unknown
13521,ENSG00000205221,VIT,Unknown
13522,ENSG00000134285,FKBP11,Unknown
13523,ENSG00000157800,SLC37A3,Non-driver
13524,ENSG00000149564,ESAM,Unknown
13525,ENSG00000156574,NODAL,Unknown
13526,ENSG00000016864,GLT8D1,Non-driver
13527,ENSG00000167941,SOST,Unknown
13528,ENSG00000083817,ZNF416,Non-driver
13529,ENSG00000158525,CPA5,Non-driver
13530,ENSG00000217555,CKLF,Unknown
13531,ENSG00000169239,CA5B,Unknown
13532,ENSG00000198663,C6orf89,Unknown
13533,ENSG00000171161,ZNF672,Non-driver
13534,ENSG00000214128,TMEM213,Non-driver
13535,ENSG00000167311,ART5,Unknown
13536,ENSG00000183876,ARSI,Unknown
13537,ENSG00000280568,ZNF780A,Non-driver
13538,ENSG00000224290,APOM,Unknown
13539,ENSG00000117010,ZNF684,Non-driver
13540,ENSG00000094963,FMO2,Unknown
13541,ENSG00000105767,CADM4,Unknown
13542,ENSG00000186765,FSCN2,Unknown
13543,ENSG00000118094,TREH,Unknown
13544,ENSG00000078579,FGF20,Unknown
13545,ENSG00000254858,MPV17L2,Unknown
13546,ENSG00000256087,ZNF432,Non-driver
13547,ENSG00000204922,UQCC3,Unknown
13548,ENSG00000140873,ADAMTS18,Unknown
13549,ENSG00000146360,GPR6,Unknown
13550,ENSG00000173264,GPR137,Non-driver
13551,ENSG00000197110,IFNL3,Unknown
13552,ENSG00000143552,NUP210L,Unknown
13553,ENSG00000164088,PPM1M,Unknown
13554,ENSG00000120057,SFRP5,Unknown
13555,ENSG00000118557,PMFBP1,Unknown
13556,ENSG00000213088,ACKR1,Unknown
13557,ENSG00000100632,ERH,Unknown
13558,ENSG00000198573,SPANXC,Unknown
13559,ENSG00000155254,MARVELD1,Unknown
13560,ENSG00000215695,RSC1A1,Unknown
13561,ENSG00000174136,RGMB,Unknown
13562,ENSG00000131686,CA6,Unknown
13563,ENSG00000125999,BPIFB1,Unknown
13564,ENSG00000121270,ABCC11,Unknown
13565,ENSG00000198113,TOR4A,Non-driver
13566,ENSG00000088726,TMEM40,Unknown
13567,ENSG00000134851,TMEM165,Unknown
13568,ENSG00000108018,SORCS1,Unknown
13569,ENSG00000183128,CALHM3,Unknown
13570,ENSG00000174332,GLIS1,Unknown
13571,ENSG00000137449,CPEB2,Unknown
13572,ENSG00000174885,NLRP6,Non-driver
13573,ENSG00000169469,SPRR1B,Unknown
13574,ENSG00000181450,ZNF678,Non-driver
13575,ENSG00000130035,GALNT8,Unknown
13576,ENSG00000180592,SKIDA1,Non-driver
13577,ENSG00000203785,SPRR2E,Unknown
13578,ENSG00000166143,PPP1R14D,Unknown
13579,ENSG00000105738,SIPA1L3,Unknown
13580,ENSG00000134758,RNF138,Unknown
13581,ENSG00000175764,TTLL11,Non-driver
13582,ENSG00000196169,KIF19,Non-driver
13583,ENSG00000018869,ZNF582,Unknown
13584,ENSG00000141946,ZIM3,Non-driver
13585,ENSG00000267041,ZNF850,Non-driver
13586,ENSG00000204519,ZNF551,Non-driver
13587,ENSG00000281448,ZNF502,Non-driver
13588,ENSG00000181315,ZNF322,Non-driver
13589,ENSG00000167637,ZNF283,Non-driver
13590,ENSG00000136866,ZFP37,Unknown
13591,ENSG00000250571,GLI4,Unknown
13592,ENSG00000146839,ZAN,Unknown
13593,ENSG00000221880,KRTAP1-3,Unknown
13594,ENSG00000102181,CD99L2,Unknown
13595,ENSG00000117480,FAAH,Unknown
13596,ENSG00000215186,GOLGA6B,Non-driver
13597,ENSG00000228049,POLR2J2,Unknown
13598,ENSG00000206306,HLA-DRB1,Unknown
13599,ENSG00000070388,FGF22,Unknown
13600,ENSG00000176239,OR51B6,Non-driver
13601,ENSG00000112139,MDGA1,Unknown
13602,ENSG00000161610,HCRT,Unknown
13603,ENSG00000109390,NDUFC1,Unknown
13604,ENSG00000178235,SLITRK1,Unknown
13605,ENSG00000165379,LRFN5,Unknown
13606,ENSG00000157766,ACAN,Unknown
13607,ENSG00000112562,SMOC2,Unknown
13608,ENSG00000136488,CSH1,Unknown
13609,ENSG00000179399,GPC5,Driver
13610,ENSG00000197054,ZNF763,Non-driver
13611,ENSG00000150275,PCDH15,Unknown
13612,ENSG00000110427,KIAA1549L,Non-driver
13613,ENSG00000213420,GPC2,Non-driver
13614,ENSG00000112414,ADGRG6,Unknown
13615,ENSG00000276053,LAIR1,Unknown
13616,ENSG00000134256,CD101,Non-driver
13617,ENSG00000182035,ADIG,Unknown
13618,ENSG00000163273,NPPC,Unknown
13619,ENSG00000196209,SIRPB2,Unknown
13620,ENSG00000154269,ENPP3,Unknown
13621,ENSG00000145850,TIMD4,Non-driver
13622,ENSG00000158292,GPR153,Unknown
13623,ENSG00000140287,HDC,Unknown
13624,ENSG00000183117,CSMD1,Unknown
13625,ENSG00000180828,BHLHE22,Unknown
13626,ENSG00000169618,PROKR1,Unknown
